
=================================
 ✅ WHATSAPP BERHASIL TERHUBUNG!
 BOT SIAP DIGUNAKAN!
=================================

Detail error: Connection Terminated
Status koneksi: close
Kode status: 428
Penyebab: Connection Terminated

Koneksi terputus (Status: 428)
Menghubungkan ulang otomatis...

=================================
 ✅ WHATSAPP BERHASIL TERHUBUNG!
 BOT SIAP DIGUNAKAN!
=================================

Detail error: Connection was lost
Status koneksi: close
Kode status: 408
Penyebab: Connection was lost

Koneksi terputus (Status: 408)
Menghubungkan ulang otomatis...

=================================
 ✅ WHATSAPP BERHASIL TERHUBUNG!
 BOT SIAP DIGUNAKAN!
=================================

Detail error: Connection was lost
Status koneksi: close
Kode status: 408
Penyebab: Connection was lost

Koneksi terputus (Status: 408)
Menghubungkan ulang otomatis...

=================================
 ✅ WHATSAPP BERHASIL TERHUBUNG!
 BOT SIAP DIGUNAKAN!
=================================

✅ WHATSAPP TERHUBUNG & AKTIF!
Koneksi terputus (Status: 408). Menghubungkan ulang...
✅ WHATSAPP TERHUBUNG & AKTIF!
✅ WHATSAPP TERHUBUNG & AKTIF!
Koneksi terputus (Status: 408). Menghubungkan ulang...
✅ WHATSAPP TERHUBUNG & AKTIF!
Koneksi terputus (Status: 440). Menghubungkan ulang...
✅ WHATSAPP TERHUBUNG & AKTIF!
Koneksi terputus (Status: 440). Menghubungkan ulang...
✅ WHATSAPP TERHUBUNG & AKTIF!
Koneksi terputus (Status: 440). Menghubungkan ulang...
✅ WHATSAPP TERHUBUNG & AKTIF!
Koneksi terputus (Status: 408). Menghubungkan ulang...
✅ WHATSAPP TERHUBUNG & AKTIF!
Koneksi terputus (Status: 440). Menghubungkan ulang...
✅ WHATSAPP TERHUBUNG & AKTIF!
Koneksi terputus (Status: 440). Menghubungkan ulang...
✅ WHATSAPP TERHUBUNG & AKTIF!
Koneksi terputus (Status: 440). Menghubungkan ulang...
✅ WHATSAPP TERHUBUNG & AKTIF!
Koneksi terputus (Status: 440). Menghubungkan ulang...
✅ WHATSAPP TERHUBUNG & AKTIF!
Koneksi terputus (Status: 440). Menghubungkan ulang...
✅ WHATSAPP TERHUBUNG & AKTIF!
✅ WHATSAPP TERHUBUNG & AKTIF!
Koneksi terputus (Status: 408). Menghubungkan ulang...
✅ WHATSAPP TERHUBUNG & AKTIF!
Koneksi terputus (Status: 440). Menghubungkan ulang...
✅ WHATSAPP TERHUBUNG & AKTIF!
Koneksi terputus (Status: 440). Menghubungkan ulang...
✅ WHATSAPP TERHUBUNG & AKTIF!
Koneksi terputus (Status: 440). Menghubungkan ulang...
✅ WHATSAPP TERHUBUNG & AKTIF!
Koneksi terputus (Status: 440). Menghubungkan ulang...
✅ WHATSAPP TERHUBUNG & AKTIF!
Koneksi terputus (Status: 440). Menghubungkan ulang...
✅ WHATSAPP TERHUBUNG & AKTIF!
Koneksi terputus (Status: 440). Menghubungkan ulang...
Koneksi terputus (Status: 408). Menghubungkan ulang...
✅ WHATSAPP TERHUBUNG & AKTIF!
Koneksi terputus (Status: 408). Menghubungkan ulang...
⚠️ Koneksi terputus (Status Code: 408).
🔄 Menghubungkan kembali dalam 3 detik...
⚠️ Koneksi terputus (Status Code: 408).
🔄 Menghubungkan kembali dalam 3 detik...
⚠️ Koneksi terputus (Status Code: 428).
🔄 Menghubungkan kembali dalam 3 detik...
⚠️ Koneksi terputus (Status Code: 408).
🔄 Menghubungkan kembali dalam 3 detik...
⚠️ Koneksi terputus (Status Code: 428).
🔄 Menghubungkan kembali dalam 3 detik...
⚠️ Koneksi terputus (Status Code: 408).
🔄 Menghubungkan kembali dalam 3 detik...
⚠️ Koneksi terputus (Status Code: 408).
🔄 Menghubungkan kembali dalam 3 detik...
⚠️ Koneksi terputus (Status Code: 428).
🔄 Menghubungkan kembali dalam 3 detik...
⚠️ Koneksi terputus (Status Code: 408).
🔄 Menghubungkan kembali dalam 3 detik...
⚠️ Koneksi terputus (Status Code: 428).
🔄 Menghubungkan kembali dalam 3 detik...
⚠️ Koneksi terputus (Status Code: 428).
🔄 Menghubungkan kembali dalam 3 detik...

==========================================
📱 Masukkan Nomor WA Bot (contoh: 628123456789): 
✅ WHATSAPP BERHASIL TERHUBUNG & STABIL!

⚠️ Koneksi terputus (Status Code: 408). Menghubungkan ulang...

✅ WHATSAPP BERHASIL TERHUBUNG & STABIL!

⚠️ Koneksi terputus (Status Code: 428). Menghubungkan ulang...

✅ WHATSAPP BERHASIL TERHUBUNG & STABIL!

⚠️ Koneksi terputus (Status Code: 408). Menghubungkan ulang...

✅ WHATSAPP BERHASIL TERHUBUNG & STABIL!


✅ WHATSAPP BERHASIL TERHUBUNG & STABIL!

⚠️ Koneksi terputus (Status Code: 408). Menghubungkan ulang...

✅ WHATSAPP BERHASIL TERHUBUNG & STABIL!

⚠️ Koneksi terputus (Status Code: 428). Menghubungkan ulang...

✅ WHATSAPP BERHASIL TERHUBUNG & STABIL!

⚠️ Koneksi terputus (Status Code: 408). Menghubungkan ulang...

✅ WHATSAPP BERHASIL TERHUBUNG & STABIL!

⚠️ Koneksi terputus (Status Code: 408). Menghubungkan ulang...

✅ WHATSAPP BERHASIL TERHUBUNG & STABIL!

⚠️ Koneksi terputus (Status Code: 428). Menghubungkan ulang...
⚠️ Koneksi terputus (Status Code: 428). Menghubungkan ulang...

✅ WHATSAPP BERHASIL TERHUBUNG & STABIL!

⚠️ Koneksi terputus (Status Code: 428). Menghubungkan ulang...

✅ WHATSAPP BERHASIL TERHUBUNG & STABIL!

⚠️ Koneksi terputus (Status Code: 428). Menghubungkan ulang...

✅ WHATSAPP BERHASIL TERHUBUNG & STABIL!

⚠️ Koneksi terputus (Status Code: 408). Menghubungkan ulang...

✅ WHATSAPP BERHASIL TERHUBUNG & STABIL!

⚠️ Koneksi terputus (Status Code: 408). Menghubungkan ulang...

✅ WHATSAPP BERHASIL TERHUBUNG & STABIL!

⚠️ Koneksi terputus (Status Code: 428). Menghubungkan ulang...

✅ WHATSAPP BERHASIL TERHUBUNG & STABIL!

⚠️ Koneksi terputus (Status Code: 428). Menghubungkan ulang...

✅ WHATSAPP BERHASIL TERHUBUNG & STABIL!

⚠️ Koneksi terputus (Status Code: 408). Menghubungkan ulang...

✅ WHATSAPP BERHASIL TERHUBUNG & STABIL!

⚠️ Koneksi terputus (Status Code: 408). Menghubungkan ulang...
⚠️ Koneksi terputus (Status Code: 408). Menghubungkan ulang...

✅ WHATSAPP BERHASIL TERHUBUNG & STABIL!

⚠️ Koneksi terputus (Status Code: 428). Menghubungkan ulang...

✅ WHATSAPP BERHASIL TERHUBUNG & STABIL!

⚠️ Koneksi terputus (Status Code: 408). Menghubungkan ulang...

✅ WHATSAPP BERHASIL TERHUBUNG & STABIL!


✅ WHATSAPP BERHASIL TERHUBUNG & STABIL!

⚠️ Koneksi terputus (Status Code: 408). Menghubungkan ulang...

✅ WHATSAPP BERHASIL TERHUBUNG & STABIL!

⚠️ Koneksi terputus (Status Code: 408). Menghubungkan ulang...

✅ WHATSAPP BERHASIL TERHUBUNG & STABIL!

⚠️ Koneksi terputus (Status Code: 428). Menghubungkan ulang...

✅ WHATSAPP BERHASIL TERHUBUNG & STABIL!

⚠️ Koneksi terputus (Status Code: 408). Menghubungkan ulang...

✅ WHATSAPP BERHASIL TERHUBUNG & STABIL!


✅ WHATSAPP BERHASIL TERHUBUNG & STABIL!

⚠️ Koneksi terputus (Status Code: 408). Menghubungkan ulang...

✅ WHATSAPP BERHASIL TERHUBUNG & STABIL!

⚠️ Koneksi terputus (Status Code: 408). Menghubungkan ulang...

✅ WHATSAPP BERHASIL TERHUBUNG & STABIL!

⚠️ Koneksi terputus (Status Code: 428). Menghubungkan ulang...
⚠️ Koneksi terputus (Status Code: 408). Menghubungkan ulang...

✅ WHATSAPP BERHASIL TERHUBUNG & STABIL!

⚠️ Koneksi terputus (Status Code: 408). Menghubungkan ulang...

✅ WHATSAPP BERHASIL TERHUBUNG & STABIL!


✅ WHATSAPP BERHASIL TERHUBUNG & STABIL!

⚠️ Koneksi terputus (Status Code: 408). Menghubungkan ulang...

✅ WHATSAPP BERHASIL TERHUBUNG & STABIL!

⚠️ Koneksi terputus (Status Code: 408). Menghubungkan ulang...

✅ WHATSAPP BERHASIL TERHUBUNG & STABIL!

⚠️ Koneksi terputus (Status Code: 428). Menghubungkan ulang...

✅ WHATSAPP BERHASIL TERHUBUNG & STABIL!

⚠️ Koneksi terputus (Status Code: 408). Menghubungkan ulang...

✅ WHATSAPP BERHASIL TERHUBUNG & STABIL!


✅ WHATSAPP BERHASIL TERHUBUNG & STABIL!

⚠️ Koneksi terputus (Status Code: 408). Menghubungkan ulang...

✅ WHATSAPP BERHASIL TERHUBUNG & STABIL!

⚠️ Koneksi terputus (Status Code: 408). Menghubungkan ulang...

✅ WHATSAPP BERHASIL TERHUBUNG & STABIL!

⚠️ Koneksi terputus (Status Code: 408). Menghubungkan ulang...

✅ WHATSAPP BERHASIL TERHUBUNG & STABIL!

⚠️ Koneksi terputus (Status Code: 408). Menghubungkan ulang...

✅ WHATSAPP BERHASIL TERHUBUNG & STABIL!

⚠️ Koneksi terputus (Status Code: 408). Menghubungkan ulang...

✅ WHATSAPP BERHASIL TERHUBUNG & STABIL!

⚠️ Koneksi terputus (Status Code: 408). Menghubungkan ulang...

✅ WHATSAPP BERHASIL TERHUBUNG & STABIL!


✅ WHATSAPP BERHASIL TERHUBUNG & STABIL!

⚠️ Koneksi terputus (Status Code: 408). Menghubungkan ulang...

✅ WHATSAPP BERHASIL TERHUBUNG & STABIL!

⚠️ Koneksi terputus (Status Code: 408). Menghubungkan ulang...

✅ WHATSAPP BERHASIL TERHUBUNG & STABIL!


✅ WHATSAPP BERHASIL TERHUBUNG & STABIL!

⚠️ Koneksi terputus (Status Code: 428). Menghubungkan ulang...

✅ WHATSAPP BERHASIL TERHUBUNG & STABIL!


==========================================
📱 Masukkan Nomor WA Bot (contoh: 628123456789): 
==========================================
📱 Masukkan Nomor WA Bot (contoh: 628123456789): 
✅ WHATSAPP BERHASIL TERHUBUNG & STABIL!

⚠️ Koneksi terputus (Status Code: 428). Menghubungkan ulang...

✅ WHATSAPP BERHASIL TERHUBUNG & STABIL!

⚠️ Koneksi terputus (Status Code: 408). Menghubungkan ulang...

✅ WHATSAPP BERHASIL TERHUBUNG & STABIL!

⚠️ Koneksi terputus (Status Code: 408). Menghubungkan ulang...

✅ WHATSAPP BERHASIL TERHUBUNG & STABIL!

⚠️ Koneksi terputus (Status Code: 428). Menghubungkan ulang...

✅ WHATSAPP BERHASIL TERHUBUNG & STABIL!

⚠️ Koneksi terputus (Status Code: 408). Menghubungkan ulang...

✅ WHATSAPP BERHASIL TERHUBUNG & STABIL!

⚠️ Koneksi terputus (Status Code: 408). Menghubungkan ulang...

✅ WHATSAPP BERHASIL TERHUBUNG & STABIL!

⚠️ Koneksi terputus (Status Code: 428). Menghubungkan ulang...

✅ WHATSAPP BERHASIL TERHUBUNG & STABIL!

Closing session: SessionEntry {
  _chains: {
    'BQv/FyHcq1PZt+JTISSQuoEaH9/kpIS5Szpkyf1UPGVN': { chainKey: [Object], chainType: 2, messageKeys: {} },
    'BVdUS7qUCfUYij4SK3VU2miSG+oO9fxxDIui/JO378BH': { chainKey: [Object], chainType: 1, messageKeys: {} }
  },
  registrationId: 1654819784,
  currentRatchet: {
    ephemeralKeyPair: {
      pubKey: <Buffer 05 57 54 4b ba 94 09 f5 18 8a 3e 12 2b 75 54 da 68 92 1b ea 0e f5 fc 71 0c 8b a2 fc 93 b7 ef c0 47>,
      privKey: <Buffer f8 bf ca 4d 70 cf 05 90 f2 98 1e b0 9b 84 93 e6 0e b8 15 3a 51 c2 9e f9 3f af 14 35 21 44 4b 58>
    },
    lastRemoteEphemeralKey: <Buffer 05 0b ff 17 21 dc ab 53 d9 b7 e2 53 21 24 90 ba 81 1a 1f df e4 a4 84 b9 4b 3a 64 c9 fd 54 3c 65 4d>,
    previousCounter: 0,
    rootKey: <Buffer f0 d6 dc 53 70 56 0a f0 71 87 14 14 84 9c 71 7a 27 44 3c 6b e6 43 c3 ab 4b 41 00 ec 35 c2 6f 72>
  },
  indexInfo: {
    baseKey: <Buffer 05 2c ca 82 76 62 d8 79 74 a5 0d f1 4c 3a 0f 23 82 dd 10 4a 2f ae 06 4e 31 d3 5c 5f 19 ab 94 16 5c>,
    baseKeyType: 2,
    closed: -1,
    used: 1791027936087,
    created: 1791027936087,
    remoteIdentityKey: <Buffer 05 1e 4e 52 77 8b 2c e3 ac 5a 99 fc fe bb 25 3e f1 8b 5d 12 5c 4f 4f 98 99 5b 0c 19 20 e3 93 81 15>
  }
}
Closing session: SessionEntry {
  _chains: {
    'BQv/FyHcq1PZt+JTISSQuoEaH9/kpIS5Szpkyf1UPGVN': { chainKey: [Object], chainType: 2, messageKeys: [Object] },
    'BTtBkfTdOWlH+j1VczzutQ2xAILefQrkqT1u6X+z1A08': { chainKey: [Object], chainType: 2, messageKeys: {} },
    'BZcrWwWb/cUuRnpiZXXXTJv9xlU8C4u6GBPFCjXrGjlN': { chainKey: [Object], chainType: 2, messageKeys: {} },
    'BY8sBG+aggKTYueVOAHDBOFI1aHwlbZN4NY/LJKOI2V7': { chainKey: [Object], chainType: 1, messageKeys: {} }
  },
  registrationId: 1654819784,
  currentRatchet: {
    ephemeralKeyPair: {
      pubKey: <Buffer 05 8f 2c 04 6f 9a 82 02 93 62 e7 95 38 01 c3 04 e1 48 d5 a1 f0 95 b6 4d e0 d6 3f 2c 92 8e 23 65 7b>,
      privKey: <Buffer 98 b7 f2 d8 93 35 ba 1d 6d 72 00 3a d8 95 dd d1 a1 4b 72 b9 1b f3 80 29 a3 0c b1 86 38 b6 8b 59>
    },
    lastRemoteEphemeralKey: <Buffer 05 97 2b 5b 05 9b fd c5 2e 46 7a 62 65 75 d7 4c 9b fd c6 55 3c 0b 8b ba 18 13 c5 0a 35 eb 1a 39 4d>,
    previousCounter: 0,
    rootKey: <Buffer 0f 5d 64 e0 0a 51 fc 68 a0 76 01 11 ff 17 c0 10 75 13 a8 7a c6 39 d8 cb b8 35 ef cd 29 e8 93 b3>
  },
  indexInfo: {
    baseKey: <Buffer 05 2c ca 82 76 62 d8 79 74 a5 0d f1 4c 3a 0f 23 82 dd 10 4a 2f ae 06 4e 31 d3 5c 5f 19 ab 94 16 5c>,
    baseKeyType: 2,
    closed: -1,
    used: 1791029266027,
    created: 1791028018585,
    remoteIdentityKey: <Buffer 05 1e 4e 52 77 8b 2c e3 ac 5a 99 fc fe bb 25 3e f1 8b 5d 12 5c 4f 4f 98 99 5b 0c 19 20 e3 93 81 15>
  }
}
Closing session: SessionEntry {
  _chains: {
    'BbdzVLJjL3yH7rOfHrjW96ONHdTyhKVa+N0N9KMkOncS': { chainKey: [Object], chainType: 2, messageKeys: {} },
    'BUBb3KPrP73Gcvodbm3NKJfdh3K6LWvPu73Q7oDU/K9a': { chainKey: [Object], chainType: 1, messageKeys: {} }
  },
  registrationId: 1654819784,
  currentRatchet: {
    ephemeralKeyPair: {
      pubKey: <Buffer 05 40 5b dc a3 eb 3f bd c6 72 fa 1d 6e 6d cd 28 97 dd 87 72 ba 2d 6b cf bb bd d0 ee 80 d4 fc af 5a>,
      privKey: <Buffer 20 94 22 36 77 91 1b 62 6a 42 80 59 d9 f4 13 f5 08 fb 9e 9c 40 87 11 83 e6 b2 9b 40 22 37 79 59>
    },
    lastRemoteEphemeralKey: <Buffer 05 b7 73 54 b2 63 2f 7c 87 ee b3 9f 1e b8 d6 f7 a3 8d 1d d4 f2 84 a5 5a f8 dd 0d f4 a3 24 3a 77 12>,
    previousCounter: 0,
    rootKey: <Buffer 11 17 5e b6 07 33 3e 21 97 82 4b de b6 be 9c c7 5e ef de 7f 5e 13 05 a2 b8 d4 d4 24 6e 76 d8 f7>
  },
  indexInfo: {
    baseKey: <Buffer 05 15 f6 73 5d d7 e7 70 80 bb 9f 52 17 7f a1 e9 01 76 ba a9 2c 31 83 4d 3d 4f b6 b4 a1 95 f7 4a 7e>,
    baseKeyType: 2,
    closed: -1,
    used: 1791029366327,
    created: 1791029366327,
    remoteIdentityKey: <Buffer 05 1e 4e 52 77 8b 2c e3 ac 5a 99 fc fe bb 25 3e f1 8b 5d 12 5c 4f 4f 98 99 5b 0c 19 20 e3 93 81 15>
  }
}
Closing session: SessionEntry {
  _chains: {
    'Beql1NaT7MGZGxXW3NJPZLoDdNQoQE11/dWqsPwRnLJ/': { chainKey: [Object], chainType: 2, messageKeys: {} },
    'BbtvQtCJnLVANSA6DlmUcFkg1gI8yr+vrpvIik1AjWFj': { chainKey: [Object], chainType: 1, messageKeys: {} }
  },
  registrationId: 1654819784,
  currentRatchet: {
    ephemeralKeyPair: {
      pubKey: <Buffer 05 bb 6f 42 d0 89 9c b5 40 35 20 3a 0e 59 94 70 59 20 d6 02 3c ca bf af ae 9b c8 8a 4d 40 8d 61 63>,
      privKey: <Buffer 60 83 c1 47 00 18 37 03 76 e1 56 7b 8a f5 9a 0d 5c 68 f7 f7 e2 76 ab 0b 41 e7 a8 78 88 bd 41 7a>
    },
    lastRemoteEphemeralKey: <Buffer 05 ea a5 d4 d6 93 ec c1 99 1b 15 d6 dc d2 4f 64 ba 03 74 d4 28 40 4d 75 fd d5 aa b0 fc 11 9c b2 7f>,
    previousCounter: 0,
    rootKey: <Buffer 0c b4 81 5b f8 b3 aa b1 c3 34 48 7a e4 c5 dc 28 ef 07 35 18 cc fd ce 44 9b fb 02 6f 6e dc c1 61>
  },
  indexInfo: {
    baseKey: <Buffer 05 ce d7 e6 3a 5f d5 c1 38 6f d0 1e 60 17 45 8c a3 98 cb a3 17 bd e5 60 b1 a5 2c 7b a2 29 69 49 6e>,
    baseKeyType: 2,
    closed: -1,
    used: 1791029366602,
    created: 1791029366602,
    remoteIdentityKey: <Buffer 05 1e 4e 52 77 8b 2c e3 ac 5a 99 fc fe bb 25 3e f1 8b 5d 12 5c 4f 4f 98 99 5b 0c 19 20 e3 93 81 15>
  }
}
Closing session: SessionEntry {
  _chains: {
    'BaJKwZxmrQS4KeCpeuAgeA/FSRbFZuTW16ZD3prwTvdM': { chainKey: [Object], chainType: 2, messageKeys: {} },
    'BcZSEtD5KxoD1DMjQk1zE+6PE2iU02ISeyBXyskty65m': { chainKey: [Object], chainType: 1, messageKeys: {} }
  },
  registrationId: 1654819784,
  currentRatchet: {
    ephemeralKeyPair: {
      pubKey: <Buffer 05 c6 52 12 d0 f9 2b 1a 03 d4 33 23 42 4d 73 13 ee 8f 13 68 94 d3 62 12 7b 20 57 ca c9 2d cb ae 66>,
      privKey: <Buffer d8 0d ac f0 c4 45 32 e6 50 9c d0 54 4d 35 5b b1 d0 c4 2f ac 1b 85 30 5e 14 dc aa 51 c9 f3 77 56>
    },
    lastRemoteEphemeralKey: <Buffer 05 a2 4a c1 9c 66 ad 04 b8 29 e0 a9 7a e0 20 78 0f c5 49 16 c5 66 e4 d6 d7 a6 43 de 9a f0 4e f7 4c>,
    previousCounter: 0,
    rootKey: <Buffer 39 dd 88 c6 1a 20 a0 f3 42 e0 47 c8 63 c4 c0 85 ad 0e d4 1a 87 e7 07 0c 6f c9 25 7b 26 e3 6b 93>
  },
  indexInfo: {
    baseKey: <Buffer 05 b6 54 9b 26 d3 95 71 ea f1 e4 15 15 d8 d0 ba df 29 ff 2a 0f f4 78 1b c7 eb 5b d2 02 7a 28 54 0f>,
    baseKeyType: 2,
    closed: -1,
    used: 1791029366900,
    created: 1791029366900,
    remoteIdentityKey: <Buffer 05 1e 4e 52 77 8b 2c e3 ac 5a 99 fc fe bb 25 3e f1 8b 5d 12 5c 4f 4f 98 99 5b 0c 19 20 e3 93 81 15>
  }
}
Closing session: SessionEntry {
  _chains: {
    Bfo2YARNg5SfhALbuS6wt8Hcc0Ib0a1qvzmItGN5NZYg: { chainKey: [Object], chainType: 2, messageKeys: {} },
    'BUu42NM8guYLgSzmJ/LzfJ0qdoRFPXc8KIH8sn6GCb0x': { chainKey: [Object], chainType: 1, messageKeys: {} }
  },
  registrationId: 1654819784,
  currentRatchet: {
    ephemeralKeyPair: {
      pubKey: <Buffer 05 4b b8 d8 d3 3c 82 e6 0b 81 2c e6 27 f2 f3 7c 9d 2a 76 84 45 3d 77 3c 28 81 fc b2 7e 86 09 bd 31>,
      privKey: <Buffer 38 05 c6 40 17 a8 0c f3 51 e9 69 b2 70 86 e1 a6 a7 fa f7 6e 87 fe 23 26 22 fe 26 4f 30 ac cb 53>
    },
    lastRemoteEphemeralKey: <Buffer 05 fa 36 60 04 4d 83 94 9f 84 02 db b9 2e b0 b7 c1 dc 73 42 1b d1 ad 6a bf 39 88 b4 63 79 35 96 20>,
    previousCounter: 0,
    rootKey: <Buffer 62 90 a3 dd 30 a6 9b dc 44 01 b7 a7 b2 96 b5 2a 09 48 9c 09 bd 1b a9 d7 96 fd 4b ee 8e 9d 4f 15>
  },
  indexInfo: {
    baseKey: <Buffer 05 32 28 90 0f d0 88 bd e6 b2 f2 73 99 5a 31 3b 79 0e c4 52 d1 e0 3a 44 e2 69 d1 36 29 6c 07 e4 3b>,
    baseKeyType: 2,
    closed: -1,
    used: 1791029367169,
    created: 1791029367169,
    remoteIdentityKey: <Buffer 05 1e 4e 52 77 8b 2c e3 ac 5a 99 fc fe bb 25 3e f1 8b 5d 12 5c 4f 4f 98 99 5b 0c 19 20 e3 93 81 15>
  }
}
Closing session: SessionEntry {
  _chains: {
    'BW4MFJNJx9uM78P6XohFeZJ/0x6jiKEGKz8NhtMNlYUj': { chainKey: [Object], chainType: 2, messageKeys: {} },
    'BRJEf/+9mG0+MuiZDMSIxQA76HuuFCVspk4GLbu2TdFk': { chainKey: [Object], chainType: 1, messageKeys: {} }
  },
  registrationId: 1654819784,
  currentRatchet: {
    ephemeralKeyPair: {
      pubKey: <Buffer 05 12 44 7f ff bd 98 6d 3e 32 e8 99 0c c4 88 c5 00 3b e8 7b ae 14 25 6c a6 4e 06 2d bb b6 4d d1 64>,
      privKey: <Buffer c0 74 a7 90 c2 e1 db 8d 5e 89 72 d2 24 ee 96 e6 5f c1 c2 e2 ba 9b 5e 79 d2 2c dc 46 e3 c1 3c 6f>
    },
    lastRemoteEphemeralKey: <Buffer 05 6e 0c 14 93 49 c7 db 8c ef c3 fa 5e 88 45 79 92 7f d3 1e a3 88 a1 06 2b 3f 0d 86 d3 0d 95 85 23>,
    previousCounter: 0,
    rootKey: <Buffer 8c 00 d4 89 81 13 64 42 2a 51 3e de 7f 92 04 88 05 49 bc 73 19 46 54 b0 bd c2 76 5f 8d 70 00 af>
  },
  indexInfo: {
    baseKey: <Buffer 05 dc 34 5e 0a 77 16 d8 53 ec 39 19 29 af 50 56 63 5b df ea 93 65 4c cd 88 fc 10 e0 25 f3 92 90 4b>,
    baseKeyType: 2,
    closed: -1,
    used: 1791029372688,
    created: 1791029372688,
    remoteIdentityKey: <Buffer 05 1e 4e 52 77 8b 2c e3 ac 5a 99 fc fe bb 25 3e f1 8b 5d 12 5c 4f 4f 98 99 5b 0c 19 20 e3 93 81 15>
  }
}
Closing session: SessionEntry {
  _chains: {
    'BfHT/P/IW/4iBzfRYhJ0YaFthKftA2znVh1vH/ZSiJgB': { chainKey: [Object], chainType: 2, messageKeys: {} },
    'Bf9bXAQ2uuaQleABEiPQPxb/jEPzDWfhVnkfxNFqqTgc': { chainKey: [Object], chainType: 1, messageKeys: {} }
  },
  registrationId: 1654819784,
  currentRatchet: {
    ephemeralKeyPair: {
      pubKey: <Buffer 05 ff 5b 5c 04 36 ba e6 90 95 e0 01 12 23 d0 3f 16 ff 8c 43 f3 0d 67 e1 56 79 1f c4 d1 6a a9 38 1c>,
      privKey: <Buffer 80 e9 30 d3 e7 54 04 cc 14 1e 33 63 a4 e7 c1 ce 29 77 f6 9b 03 01 c7 2a e2 64 63 a5 5d 03 d5 5d>
    },
    lastRemoteEphemeralKey: <Buffer 05 f1 d3 fc ff c8 5b fe 22 07 37 d1 62 12 74 61 a1 6d 84 a7 ed 03 6c e7 56 1d 6f 1f f6 52 88 98 01>,
    previousCounter: 0,
    rootKey: <Buffer 92 75 28 7d 38 fc 09 77 b8 2d de 40 c4 44 35 5e 34 a7 c8 14 f8 db ab 53 df ad 6f a6 51 7d 75 56>
  },
  indexInfo: {
    baseKey: <Buffer 05 38 25 81 6b 76 d8 1e 8b 88 d7 97 4c 10 81 f7 60 cb 5e c6 3e 43 6b 44 1a b2 23 15 d3 25 a7 26 43>,
    baseKeyType: 2,
    closed: -1,
    used: 1791029372876,
    created: 1791029372876,
    remoteIdentityKey: <Buffer 05 1e 4e 52 77 8b 2c e3 ac 5a 99 fc fe bb 25 3e f1 8b 5d 12 5c 4f 4f 98 99 5b 0c 19 20 e3 93 81 15>
  }
}
Closing session: SessionEntry {
  _chains: {
    'BeiKTFcP1JghjLdBNxxt+nyWTTElQKWR8T6UIE6Dhblg': { chainKey: [Object], chainType: 2, messageKeys: {} },
    'BY1F1cZqPHO5gdyo9Du3UhxKhzXb4p1N6yYtaa+osbEW': { chainKey: [Object], chainType: 1, messageKeys: {} }
  },
  registrationId: 1654819784,
  currentRatchet: {
    ephemeralKeyPair: {
      pubKey: <Buffer 05 8d 45 d5 c6 6a 3c 73 b9 81 dc a8 f4 3b b7 52 1c 4a 87 35 db e2 9d 4d eb 26 2d 69 af a8 b1 b1 16>,
      privKey: <Buffer 10 f1 c1 53 d7 34 31 82 79 4a ed 39 2f 9d 33 5b f9 87 9f 1a e7 b7 51 b5 4c e6 1b c1 0b a0 a7 50>
    },
    lastRemoteEphemeralKey: <Buffer 05 e8 8a 4c 57 0f d4 98 21 8c b7 41 37 1c 6d fa 7c 96 4d 31 25 40 a5 91 f1 3e 94 20 4e 83 85 b9 60>,
    previousCounter: 0,
    rootKey: <Buffer a9 7a 8e 88 ab 1c 53 dd 3c bd 3e 67 6b 25 12 64 50 cc d0 ca e1 f9 08 86 6a f4 a6 e4 d5 8b ee 47>
  },
  indexInfo: {
    baseKey: <Buffer 05 c9 c8 7e 6c 01 71 c9 69 63 bc 89 44 c4 4a 61 99 ec cc 88 5b 2d b6 73 e4 25 64 bc ce f0 c6 3e 54>,
    baseKeyType: 2,
    closed: -1,
    used: 1791029373174,
    created: 1791029373174,
    remoteIdentityKey: <Buffer 05 1e 4e 52 77 8b 2c e3 ac 5a 99 fc fe bb 25 3e f1 8b 5d 12 5c 4f 4f 98 99 5b 0c 19 20 e3 93 81 15>
  }
}
Closing session: SessionEntry {
  _chains: {
    Bf9aiUZcDRNTkkJ86pCrbjy3HSk0vmhaaWj31olgaWdo: { chainKey: [Object], chainType: 2, messageKeys: {} },
    'BdFcbmb8NXBh0JylZ+fck5d3QNZvG69gCIo4Zt2VDpQF': { chainKey: [Object], chainType: 1, messageKeys: {} }
  },
  registrationId: 1654819784,
  currentRatchet: {
    ephemeralKeyPair: {
      pubKey: <Buffer 05 d1 5c 6e 66 fc 35 70 61 d0 9c a5 67 e7 dc 93 97 77 40 d6 6f 1b af 60 08 8a 38 66 dd 95 0e 94 05>,
      privKey: <Buffer 10 99 82 74 ff a3 7b 71 aa ce 1f 9f 5d 1b 70 c2 64 bb 2e ea 3b e7 f7 b5 47 12 9a 16 e4 34 a3 6f>
    },
    lastRemoteEphemeralKey: <Buffer 05 ff 5a 89 46 5c 0d 13 53 92 42 7c ea 90 ab 6e 3c b7 1d 29 34 be 68 5a 69 68 f7 d6 89 60 69 67 68>,
    previousCounter: 0,
    rootKey: <Buffer 30 61 4f cb f2 03 d0 09 5b 58 28 8e 96 49 e3 b9 91 24 81 72 1e 87 a9 4c 94 14 30 cf 22 e0 c2 19>
  },
  indexInfo: {
    baseKey: <Buffer 05 80 79 f6 21 3f d7 82 db e3 e0 8a eb 52 78 18 6c a5 d8 9e 1d 8e 26 47 a9 33 4e 1f 19 9b b3 46 14>,
    baseKeyType: 2,
    closed: -1,
    used: 1791029373383,
    created: 1791029373383,
    remoteIdentityKey: <Buffer 05 1e 4e 52 77 8b 2c e3 ac 5a 99 fc fe bb 25 3e f1 8b 5d 12 5c 4f 4f 98 99 5b 0c 19 20 e3 93 81 15>
  }
}
Closing session: SessionEntry {
  _chains: {
    BU16bKvXzGzOSkcmPxshB4GKfr9xhKgTl31wzJ6JAulW: { chainKey: [Object], chainType: 2, messageKeys: {} },
    Be1Sip9iauDfml7l64D9qRmMDFp7ZNPPI8V6OBLXah9G: { chainKey: [Object], chainType: 1, messageKeys: {} }
  },
  registrationId: 1654819784,
  currentRatchet: {
    ephemeralKeyPair: {
      pubKey: <Buffer 05 ed 52 8a 9f 62 6a e0 df 9a 5e e5 eb 80 fd a9 19 8c 0c 5a 7b 64 d3 cf 23 c5 7a 38 12 d7 6a 1f 46>,
      privKey: <Buffer 58 af 87 60 c6 e5 d1 05 10 74 ed 41 6b b9 28 a9 95 23 49 35 1b d4 02 f4 7d b6 08 6a 8d 2f 2d 4f>
    },
    lastRemoteEphemeralKey: <Buffer 05 4d 7a 6c ab d7 cc 6c ce 4a 47 26 3f 1b 21 07 81 8a 7e bf 71 84 a8 13 97 7d 70 cc 9e 89 02 e9 56>,
    previousCounter: 0,
    rootKey: <Buffer f6 d6 02 30 fb 8e e8 14 6f 04 7f e4 6f de ea b1 e8 7f 36 40 8c fa 44 93 18 17 fe a5 00 93 aa 79>
  },
  indexInfo: {
    baseKey: <Buffer 05 3b 28 18 1e 3d d4 cc 56 9d 4b 35 e2 12 51 c2 52 a8 6a 50 2c e3 9b 1b 42 b6 ce 4f 18 40 0a f4 75>,
    baseKeyType: 2,
    closed: -1,
    used: 1791029373719,
    created: 1791029373719,
    remoteIdentityKey: <Buffer 05 1e 4e 52 77 8b 2c e3 ac 5a 99 fc fe bb 25 3e f1 8b 5d 12 5c 4f 4f 98 99 5b 0c 19 20 e3 93 81 15>
  }
}
Closing session: SessionEntry {
  _chains: {
    'BRk3Uzd/9wdV/W6xAX3E4fa3jHjHuh+zQk2mDgg8A89u': { chainKey: [Object], chainType: 2, messageKeys: {} },
    'BZNjoEAcoLzPz4++P8NaZ7bdoW/av1xkGHBvmY2mHIgb': { chainKey: [Object], chainType: 1, messageKeys: {} }
  },
  registrationId: 1654819784,
  currentRatchet: {
    ephemeralKeyPair: {
      pubKey: <Buffer 05 93 63 a0 40 1c a0 bc cf cf 8f be 3f c3 5a 67 b6 dd a1 6f da bf 5c 64 18 70 6f 99 8d a6 1c 88 1b>,
      privKey: <Buffer 98 b9 5b 7a d9 0c a0 94 78 1f 09 f1 9e dc 24 e3 d0 78 a5 11 c5 e6 23 e9 3d 22 03 14 32 d7 45 41>
    },
    lastRemoteEphemeralKey: <Buffer 05 19 37 53 37 7f f7 07 55 fd 6e b1 01 7d c4 e1 f6 b7 8c 78 c7 ba 1f b3 42 4d a6 0e 08 3c 03 cf 6e>,
    previousCounter: 0,
    rootKey: <Buffer 6a 35 82 39 6e 6c 39 ab 04 2f c5 a8 7d c8 e2 64 03 41 98 96 35 10 0d 63 83 37 14 2c bd 9a 5b a0>
  },
  indexInfo: {
    baseKey: <Buffer 05 37 e1 67 0c ac d4 88 b5 72 ad 69 cd aa ed c4 b3 04 3a ac 2a 45 aa 62 f3 1b 98 f2 35 a1 9c 55 26>,
    baseKeyType: 2,
    closed: -1,
    used: 1791029373930,
    created: 1791029373930,
    remoteIdentityKey: <Buffer 05 1e 4e 52 77 8b 2c e3 ac 5a 99 fc fe bb 25 3e f1 8b 5d 12 5c 4f 4f 98 99 5b 0c 19 20 e3 93 81 15>
  }
}
Closing session: SessionEntry {
  _chains: {
    'BWCqvOk0FyX6Xn+CYdz7Coo24J1L7T5N79gKZxDY9yxM': { chainKey: [Object], chainType: 2, messageKeys: {} },
    'BZ86FX/EYNtMcw8lDrwhsDrMEE5ZHxQumKVXSYPC+RR5': { chainKey: [Object], chainType: 1, messageKeys: {} }
  },
  registrationId: 1654819784,
  currentRatchet: {
    ephemeralKeyPair: {
      pubKey: <Buffer 05 9f 3a 15 7f c4 60 db 4c 73 0f 25 0e bc 21 b0 3a cc 10 4e 59 1f 14 2e 98 a5 57 49 83 c2 f9 14 79>,
      privKey: <Buffer d0 48 74 b0 39 90 66 5b a7 5a 3d 7f f8 b0 10 4b e5 b7 13 41 84 39 f4 48 5f 22 9e 39 12 08 30 73>
    },
    lastRemoteEphemeralKey: <Buffer 05 60 aa bc e9 34 17 25 fa 5e 7f 82 61 dc fb 0a 8a 36 e0 9d 4b ed 3e 4d ef d8 0a 67 10 d8 f7 2c 4c>,
    previousCounter: 0,
    rootKey: <Buffer 3a 19 86 e8 76 6b 1e 1c d7 10 f4 de e4 9b 21 55 ff 69 9e 81 af ff a3 52 85 76 22 7d f8 a4 49 56>
  },
  indexInfo: {
    baseKey: <Buffer 05 9c 21 6f d1 82 cf f1 de 8a 2a a9 1b c3 5d 81 4a 1d 3c 27 d8 2e 10 9e 21 61 c3 54 25 22 d4 82 56>,
    baseKeyType: 2,
    closed: -1,
    used: 1791029379556,
    created: 1791029379556,
    remoteIdentityKey: <Buffer 05 1e 4e 52 77 8b 2c e3 ac 5a 99 fc fe bb 25 3e f1 8b 5d 12 5c 4f 4f 98 99 5b 0c 19 20 e3 93 81 15>
  }
}
Closing session: SessionEntry {
  _chains: {
    'BRPwuUMKRuGhsL0fJr6+3PK2xmgWWqFWRgBl+AUD2itR': { chainKey: [Object], chainType: 2, messageKeys: {} },
    'BZIu1P50DeRlDGmAX9LOeartK4EG+3JDe2VI3X3CxsJe': { chainKey: [Object], chainType: 1, messageKeys: {} }
  },
  registrationId: 1654819784,
  currentRatchet: {
    ephemeralKeyPair: {
      pubKey: <Buffer 05 92 2e d4 fe 74 0d e4 65 0c 69 80 5f d2 ce 79 aa ed 2b 81 06 fb 72 43 7b 65 48 dd 7d c2 c6 c2 5e>,
      privKey: <Buffer f8 85 c0 c2 6e be 8c 1a fe 8f 9b 77 2c 72 5f 2b 31 81 55 c2 23 e2 7d 0c 5d 2d ee 0f 1d 04 1c 75>
    },
    lastRemoteEphemeralKey: <Buffer 05 13 f0 b9 43 0a 46 e1 a1 b0 bd 1f 26 be be dc f2 b6 c6 68 16 5a a1 56 46 00 65 f8 05 03 da 2b 51>,
    previousCounter: 0,
    rootKey: <Buffer fa b0 45 95 d1 fc ef 08 41 a0 7e b3 89 c3 13 70 eb de 90 67 71 e5 4a 78 bb 01 7e dd 3e b0 f0 27>
  },
  indexInfo: {
    baseKey: <Buffer 05 c2 7c 2e 0a 33 c9 51 cb be fa 6a 4f 0d 35 62 07 30 4a 65 e0 b8 5d d3 70 c3 c5 93 e5 d3 d1 fc 4f>,
    baseKeyType: 2,
    closed: -1,
    used: 1791029379783,
    created: 1791029379783,
    remoteIdentityKey: <Buffer 05 1e 4e 52 77 8b 2c e3 ac 5a 99 fc fe bb 25 3e f1 8b 5d 12 5c 4f 4f 98 99 5b 0c 19 20 e3 93 81 15>
  }
}
Closing session: SessionEntry {
  _chains: {
    'BZgWfLxCk39hqLV1RO5uwBSVRxYm/Iwjb1CbYCqrZYYU': { chainKey: [Object], chainType: 2, messageKeys: {} },
    'BTyJPmh68QszYD+X8nOK4mXp62iI5+FN37Ss1GPQ8Ek1': { chainKey: [Object], chainType: 1, messageKeys: {} }
  },
  registrationId: 1654819784,
  currentRatchet: {
    ephemeralKeyPair: {
      pubKey: <Buffer 05 3c 89 3e 68 7a f1 0b 33 60 3f 97 f2 73 8a e2 65 e9 eb 68 88 e7 e1 4d df b4 ac d4 63 d0 f0 49 35>,
      privKey: <Buffer 28 ea 26 88 d1 b0 cd 17 da f2 c6 ea 09 9e 30 cd 13 67 70 90 4a 32 99 0c 71 4d a0 74 da a2 d2 7f>
    },
    lastRemoteEphemeralKey: <Buffer 05 98 16 7c bc 42 93 7f 61 a8 b5 75 44 ee 6e c0 14 95 47 16 26 fc 8c 23 6f 50 9b 60 2a ab 65 86 14>,
    previousCounter: 0,
    rootKey: <Buffer 4c 9d 16 b2 28 29 74 7d 9c 68 6f 5c 75 53 3d 9e ad 3e 09 a7 5f ab 33 a4 c1 30 58 00 56 8e 8a 95>
  },
  indexInfo: {
    baseKey: <Buffer 05 14 2c 08 35 06 fc b7 1f 30 71 64 7c 30 f3 57 9d 93 c0 26 88 18 49 f5 bc ca b6 47 b0 ec a4 ba 32>,
    baseKeyType: 2,
    closed: -1,
    used: 1791029385319,
    created: 1791029385319,
    remoteIdentityKey: <Buffer 05 1e 4e 52 77 8b 2c e3 ac 5a 99 fc fe bb 25 3e f1 8b 5d 12 5c 4f 4f 98 99 5b 0c 19 20 e3 93 81 15>
  }
}
Closing session: SessionEntry {
  _chains: {
    BX1bzGv32awCwHLjpXQDo9XDXeM2xMBOb3kh1hdXmv18: { chainKey: [Object], chainType: 2, messageKeys: {} },
    'BeT1ibDerWOMlX4oUIQLW4sif7o673xiO+5UPwMaeIkn': { chainKey: [Object], chainType: 1, messageKeys: {} }
  },
  registrationId: 1654819784,
  currentRatchet: {
    ephemeralKeyPair: {
      pubKey: <Buffer 05 e4 f5 89 b0 de ad 63 8c 95 7e 28 50 84 0b 5b 8b 22 7f ba 3a ef 7c 62 3b ee 54 3f 03 1a 78 89 27>,
      privKey: <Buffer c0 d0 52 ee 9a c1 67 de 7a 73 85 52 6a 74 31 d3 14 a7 c9 79 87 98 e5 33 d1 94 d7 1d fa 9b 46 52>
    },
    lastRemoteEphemeralKey: <Buffer 05 7d 5b cc 6b f7 d9 ac 02 c0 72 e3 a5 74 03 a3 d5 c3 5d e3 36 c4 c0 4e 6f 79 21 d6 17 57 9a fd 7c>,
    previousCounter: 0,
    rootKey: <Buffer 15 c3 12 df 5c ce 57 39 b4 75 44 b3 86 2a d4 46 a3 86 9f a6 87 ec 70 26 39 7b bc 8d 3b e1 c8 27>
  },
  indexInfo: {
    baseKey: <Buffer 05 43 36 20 3c fc 8c 25 21 29 3e a3 bb fd b0 b4 ac ee 76 77 c3 53 e1 64 84 27 fd 55 a2 94 4e cc 32>,
    baseKeyType: 2,
    closed: -1,
    used: 1791029390920,
    created: 1791029390920,
    remoteIdentityKey: <Buffer 05 1e 4e 52 77 8b 2c e3 ac 5a 99 fc fe bb 25 3e f1 8b 5d 12 5c 4f 4f 98 99 5b 0c 19 20 e3 93 81 15>
  }
}
Closing session: SessionEntry {
  _chains: {
    'BaOujWZmMHeWhyZS35Jm5lAzvveyDruVd6kf+SbxBBZH': { chainKey: [Object], chainType: 2, messageKeys: {} },
    'BdgmM+AGCx++raTTFqntrYioWFKuvnmPsTCzOMh6RDV0': { chainKey: [Object], chainType: 1, messageKeys: {} }
  },
  registrationId: 1654819784,
  currentRatchet: {
    ephemeralKeyPair: {
      pubKey: <Buffer 05 d8 26 33 e0 06 0b 1f be ad a4 d3 16 a9 ed ad 88 a8 58 52 ae be 79 8f b1 30 b3 38 c8 7a 44 35 74>,
      privKey: <Buffer a0 c4 a0 6d 5d f3 cc 80 71 81 7a 25 89 cb 98 20 4c f5 6d dd 7f 8e 42 0b 1d 98 be b9 2b 06 0d 73>
    },
    lastRemoteEphemeralKey: <Buffer 05 a3 ae 8d 66 66 30 77 96 87 26 52 df 92 66 e6 50 33 be f7 b2 0e bb 95 77 a9 1f f9 26 f1 04 16 47>,
    previousCounter: 0,
    rootKey: <Buffer 6b 4d da f7 d1 59 83 a9 f7 77 fa 3f 48 8a 5c ce 14 08 72 b2 fb f6 eb f9 ba 49 85 3d 56 82 47 ce>
  },
  indexInfo: {
    baseKey: <Buffer 05 04 e3 9a 7a 25 db 54 7d 8a c3 fe 45 82 dc cf 9a a4 fe d9 78 c1 f7 e1 fb 62 8c 19 be 8c c6 ad 19>,
    baseKeyType: 2,
    closed: -1,
    used: 1791029391162,
    created: 1791029391162,
    remoteIdentityKey: <Buffer 05 1e 4e 52 77 8b 2c e3 ac 5a 99 fc fe bb 25 3e f1 8b 5d 12 5c 4f 4f 98 99 5b 0c 19 20 e3 93 81 15>
  }
}
Closing session: SessionEntry {
  _chains: {
    'BXotMBUWycBMx+CAIH0AGJXszyGArLEelP2nFAIX6nJR': { chainKey: [Object], chainType: 2, messageKeys: {} },
    'BbMh0b8arntHrF+0r4f4wOBop5VwTIy3KYINJRUkwlNp': { chainKey: [Object], chainType: 1, messageKeys: {} }
  },
  registrationId: 1654819784,
  currentRatchet: {
    ephemeralKeyPair: {
      pubKey: <Buffer 05 b3 21 d1 bf 1a ae 7b 47 ac 5f b4 af 87 f8 c0 e0 68 a7 95 70 4c 8c b7 29 82 0d 25 15 24 c2 53 69>,
      privKey: <Buffer 68 9b dc fe 1a 3b e5 08 7a e5 76 4d af 0f 4f f2 ce 5d f5 f7 21 1a b8 ce 22 3f d3 f6 c6 ae e7 7c>
    },
    lastRemoteEphemeralKey: <Buffer 05 7a 2d 30 15 16 c9 c0 4c c7 e0 80 20 7d 00 18 95 ec cf 21 80 ac b1 1e 94 fd a7 14 02 17 ea 72 51>,
    previousCounter: 0,
    rootKey: <Buffer e7 4b 91 af 4d ab 03 7a 05 84 f5 89 5d 5d c5 06 29 5a 3d 8b 37 51 d3 4c af 3e 36 c8 b5 6f 1c d2>
  },
  indexInfo: {
    baseKey: <Buffer 05 e1 a0 6d 00 33 59 d7 98 40 32 f3 0c e7 50 3d 3d 75 a5 83 62 f0 a3 ab f1 74 35 1e e2 cd 1b 1c 33>,
    baseKeyType: 2,
    closed: -1,
    used: 1791029391448,
    created: 1791029391448,
    remoteIdentityKey: <Buffer 05 1e 4e 52 77 8b 2c e3 ac 5a 99 fc fe bb 25 3e f1 8b 5d 12 5c 4f 4f 98 99 5b 0c 19 20 e3 93 81 15>
  }
}
Closing session: SessionEntry {
  _chains: {
    'BXMGPb8rmXBK00kc9pY1kwj4m/hKHF2c82arzp0u0n8f': { chainKey: [Object], chainType: 2, messageKeys: {} },
    'BVTDvraE1IgsafEO0BD/cxKRxqPptk3v0s/aAOH/MVMx': { chainKey: [Object], chainType: 1, messageKeys: {} }
  },
  registrationId: 1654819784,
  currentRatchet: {
    ephemeralKeyPair: {
      pubKey: <Buffer 05 54 c3 be b6 84 d4 88 2c 69 f1 0e d0 10 ff 73 12 91 c6 a3 e9 b6 4d ef d2 cf da 00 e1 ff 31 53 31>,
      privKey: <Buffer 88 b6 f2 7a 30 66 22 1c 91 a3 1d f6 bc 54 a6 ab 77 e5 9e 30 70 80 d6 75 4f 44 86 9a dd b7 bf 6d>
    },
    lastRemoteEphemeralKey: <Buffer 05 73 06 3d bf 2b 99 70 4a d3 49 1c f6 96 35 93 08 f8 9b f8 4a 1c 5d 9c f3 66 ab ce 9d 2e d2 7f 1f>,
    previousCounter: 0,
    rootKey: <Buffer e7 77 ab 8e d6 99 b9 e1 4b a1 5e 2d 49 ef 64 a3 3c a3 b0 a9 f0 24 b6 3e eb ae c8 6e fe 98 61 49>
  },
  indexInfo: {
    baseKey: <Buffer 05 de ab 9e e0 d7 89 cf d5 0c 5c 5b 94 de e1 89 b8 00 86 c2 56 1a cf b1 5e a6 c0 21 cb da 08 ab 77>,
    baseKeyType: 2,
    closed: -1,
    used: 1791029391680,
    created: 1791029391680,
    remoteIdentityKey: <Buffer 05 1e 4e 52 77 8b 2c e3 ac 5a 99 fc fe bb 25 3e f1 8b 5d 12 5c 4f 4f 98 99 5b 0c 19 20 e3 93 81 15>
  }
}
Closing session: SessionEntry {
  _chains: {
    'BdtkRGmq8Eleg0PQMgRlKtvLFoABBPpI+LcaLrSqeMoB': { chainKey: [Object], chainType: 2, messageKeys: {} },
    'BRrH+vgEBtaWYm5E8ZB6Oi7fJRMiYMiCA+S6tubKez1G': { chainKey: [Object], chainType: 1, messageKeys: {} }
  },
  registrationId: 1654819784,
  currentRatchet: {
    ephemeralKeyPair: {
      pubKey: <Buffer 05 1a c7 fa f8 04 06 d6 96 62 6e 44 f1 90 7a 3a 2e df 25 13 22 60 c8 82 03 e4 ba b6 e6 ca 7b 3d 46>,
      privKey: <Buffer a0 ed 8f 48 ed 1f 0b d6 b9 a7 32 39 f8 f4 cc fc e8 f7 64 9e 3c e4 bb b3 97 a4 f6 f7 c6 37 b9 6c>
    },
    lastRemoteEphemeralKey: <Buffer 05 db 64 44 69 aa f0 49 5e 83 43 d0 32 04 65 2a db cb 16 80 01 04 fa 48 f8 b7 1a 2e b4 aa 78 ca 01>,
    previousCounter: 0,
    rootKey: <Buffer 2b 41 85 12 58 df ab 93 43 14 53 88 f2 00 c9 eb 3e 63 31 d8 d6 35 4e 9a 63 f1 c6 cd 42 8d bb ec>
  },
  indexInfo: {
    baseKey: <Buffer 05 6b 55 d9 a5 4d 59 bd f5 35 f3 a9 80 f4 7e 72 c3 83 8d a4 b2 ea 04 a9 9d 2e fb 45 e0 ac d0 f0 50>,
    baseKeyType: 2,
    closed: -1,
    used: 1791029397352,
    created: 1791029397352,
    remoteIdentityKey: <Buffer 05 1e 4e 52 77 8b 2c e3 ac 5a 99 fc fe bb 25 3e f1 8b 5d 12 5c 4f 4f 98 99 5b 0c 19 20 e3 93 81 15>
  }
}
Closing session: SessionEntry {
  _chains: {
    'BdvW9K/b5wYtDHzzvEFU8h22Om34JtzCro8anh3Y2ZVJ': { chainKey: [Object], chainType: 2, messageKeys: {} },
    'BXcaZfZKwsKtCpAgH6kS45ynpVWpgOdKfe072m49ASc/': { chainKey: [Object], chainType: 1, messageKeys: {} }
  },
  registrationId: 1654819784,
  currentRatchet: {
    ephemeralKeyPair: {
      pubKey: <Buffer 05 77 1a 65 f6 4a c2 c2 ad 0a 90 20 1f a9 12 e3 9c a7 a5 55 a9 80 e7 4a 7d ed 3b da 6e 3d 01 27 3f>,
      privKey: <Buffer 10 4b 05 c0 d4 3f fa 56 5d ea 95 60 b5 cf 23 bb b0 af 61 89 6b b0 27 e3 57 ff df ef 12 bc fa 51>
    },
    lastRemoteEphemeralKey: <Buffer 05 db d6 f4 af db e7 06 2d 0c 7c f3 bc 41 54 f2 1d b6 3a 6d f8 26 dc c2 ae 8f 1a 9e 1d d8 d9 95 49>,
    previousCounter: 0,
    rootKey: <Buffer 81 0a e1 ed e9 28 55 e9 5a af e1 7d 0c 0b 2d 65 6f 68 17 e8 48 f0 94 0c 25 49 a0 23 57 c6 2c 1d>
  },
  indexInfo: {
    baseKey: <Buffer 05 ca 22 77 b3 d0 45 08 44 41 4c ce e0 a9 00 e9 ad 02 fd f8 c7 8f c8 69 d6 bc 03 93 d5 c5 24 2a 35>,
    baseKeyType: 2,
    closed: -1,
    used: 1791029397502,
    created: 1791029397502,
    remoteIdentityKey: <Buffer 05 1e 4e 52 77 8b 2c e3 ac 5a 99 fc fe bb 25 3e f1 8b 5d 12 5c 4f 4f 98 99 5b 0c 19 20 e3 93 81 15>
  }
}
Closing session: SessionEntry {
  _chains: {
    'Bf98x/GECFLtRU177bGK1F3YsQ6BMm1scWgyzHBD15x0': { chainKey: [Object], chainType: 2, messageKeys: {} },
    'BYaV/U5jOBgpBe6QubHDjFijDrvWysinb7CJXCLFB+Z0': { chainKey: [Object], chainType: 1, messageKeys: {} }
  },
  registrationId: 1654819784,
  currentRatchet: {
    ephemeralKeyPair: {
      pubKey: <Buffer 05 86 95 fd 4e 63 38 18 29 05 ee 90 b9 b1 c3 8c 58 a3 0e bb d6 ca c8 a7 6f b0 89 5c 22 c5 07 e6 74>,
      privKey: <Buffer 28 0d b4 06 89 a0 03 27 22 4f 47 8e 02 7b 49 44 85 54 d8 15 95 bb fd ce 85 4f f4 94 90 e8 1a 76>
    },
    lastRemoteEphemeralKey: <Buffer 05 ff 7c c7 f1 84 08 52 ed 45 4d 7b ed b1 8a d4 5d d8 b1 0e 81 32 6d 6c 71 68 32 cc 70 43 d7 9c 74>,
    previousCounter: 0,
    rootKey: <Buffer 33 0f f7 f0 58 9d 05 1c 5b 2e 9d 70 62 8e e9 bb be 53 b3 d3 ab b8 b0 2b b7 0a ef 83 17 f9 74 3f>
  },
  indexInfo: {
    baseKey: <Buffer 05 24 a7 19 fc 61 6c cf 6e d7 d3 c4 3b 41 b6 1d 0e 75 44 c1 40 a3 7d 60 31 fc 10 16 76 7e 95 9a 3e>,
    baseKeyType: 2,
    closed: -1,
    used: 1791029397895,
    created: 1791029397895,
    remoteIdentityKey: <Buffer 05 1e 4e 52 77 8b 2c e3 ac 5a 99 fc fe bb 25 3e f1 8b 5d 12 5c 4f 4f 98 99 5b 0c 19 20 e3 93 81 15>
  }
}
Closing session: SessionEntry {
  _chains: {
    'BanHksi/SIrNcXA0oz7mn9C4WZyR+c2hbHm6TzbMa7QJ': { chainKey: [Object], chainType: 2, messageKeys: {} },
    BQRRHQu7gXgucQDXWMKpckKd09gbwWPUAHy0ifkPfEh9: { chainKey: [Object], chainType: 1, messageKeys: {} }
  },
  registrationId: 1654819784,
  currentRatchet: {
    ephemeralKeyPair: {
      pubKey: <Buffer 05 04 51 1d 0b bb 81 78 2e 71 00 d7 58 c2 a9 72 42 9d d3 d8 1b c1 63 d4 00 7c b4 89 f9 0f 7c 48 7d>,
      privKey: <Buffer 90 19 0a b7 93 8d 97 16 f5 c9 d1 32 2d 8c e0 d2 2f 83 15 ff a1 24 b3 1e c7 b5 56 8d 71 10 51 7b>
    },
    lastRemoteEphemeralKey: <Buffer 05 a9 c7 92 c8 bf 48 8a cd 71 70 34 a3 3e e6 9f d0 b8 59 9c 91 f9 cd a1 6c 79 ba 4f 36 cc 6b b4 09>,
    previousCounter: 0,
    rootKey: <Buffer 08 70 05 30 7a 87 8e d9 95 c8 8f cd 79 46 9e f2 b2 ff d3 fa 73 c5 67 9f c9 4d 63 27 7a b0 16 e2>
  },
  indexInfo: {
    baseKey: <Buffer 05 4b 42 90 7d 35 74 42 01 85 b6 52 0b 0e 98 92 89 af 42 dc 2d 6f 00 9a 3c 6a d2 b4 61 ab 11 88 3b>,
    baseKeyType: 2,
    closed: -1,
    used: 1791029398143,
    created: 1791029398143,
    remoteIdentityKey: <Buffer 05 1e 4e 52 77 8b 2c e3 ac 5a 99 fc fe bb 25 3e f1 8b 5d 12 5c 4f 4f 98 99 5b 0c 19 20 e3 93 81 15>
  }
}
Closing session: SessionEntry {
  _chains: {
    'BTyIHt6R+MFhscpg0TK9F8lIQRPYRM13x3a9y5RkMBQ3': { chainKey: [Object], chainType: 2, messageKeys: {} },
    'BW2vwrAcdV9LGto+J4FL2ko+ENb5SOD8E9n3CSXjzwou': { chainKey: [Object], chainType: 1, messageKeys: {} }
  },
  registrationId: 1654819784,
  currentRatchet: {
    ephemeralKeyPair: {
      pubKey: <Buffer 05 6d af c2 b0 1c 75 5f 4b 1a da 3e 27 81 4b da 4a 3e 10 d6 f9 48 e0 fc 13 d9 f7 09 25 e3 cf 0a 2e>,
      privKey: <Buffer 98 b9 32 c5 0a 90 67 26 2b 95 99 fb 73 5b 9c 48 6f e3 5a 98 49 64 77 20 59 87 10 4b ed 5e f4 76>
    },
    lastRemoteEphemeralKey: <Buffer 05 3c 88 1e de 91 f8 c1 61 b1 ca 60 d1 32 bd 17 c9 48 41 13 d8 44 cd 77 c7 76 bd cb 94 64 30 14 37>,
    previousCounter: 0,
    rootKey: <Buffer cb 9c 1a 9a 86 8e ee bd b0 7a f8 fb a8 b4 98 43 c2 a5 8c 46 a9 cb 1c 41 42 78 fe db 25 19 4b 04>
  },
  indexInfo: {
    baseKey: <Buffer 05 60 1a a2 05 60 81 c7 a1 58 ac b9 e1 65 e1 84 cf a1 01 04 f6 ba 10 8c 01 e7 88 97 fb bd 5c 00 79>,
    baseKeyType: 2,
    closed: -1,
    used: 1791029398415,
    created: 1791029398415,
    remoteIdentityKey: <Buffer 05 1e 4e 52 77 8b 2c e3 ac 5a 99 fc fe bb 25 3e f1 8b 5d 12 5c 4f 4f 98 99 5b 0c 19 20 e3 93 81 15>
  }
}
⚠️ Koneksi terputus (Status Code: 408). Menghubungkan ulang...

✅ WHATSAPP BERHASIL TERHUBUNG & STABIL!

Closing session: SessionEntry {
  _chains: {
    'BbtFxOWEKKiOeaF6KtYDSgOw72mcUQ5q31bXBmPWigg/': { chainKey: [Object], chainType: 2, messageKeys: {} },
    'BWqR2VNyRcAJXKgkncuPtNkQNKX4He/g4ZcZ/hWXTew+': { chainKey: [Object], chainType: 2, messageKeys: {} },
    'BUVwdjhs9CBFkPnmizy9ZAgTED+qcwb9/A1fCeq9pFUC': { chainKey: [Object], chainType: 1, messageKeys: {} }
  },
  registrationId: 1654819784,
  currentRatchet: {
    ephemeralKeyPair: {
      pubKey: <Buffer 05 45 70 76 38 6c f4 20 45 90 f9 e6 8b 3c bd 64 08 13 10 3f aa 73 06 fd fc 0d 5f 09 ea bd a4 55 02>,
      privKey: <Buffer 60 8e 75 b2 fa 59 21 e8 3b 4b b8 a9 19 72 14 98 75 0a d8 8c e9 71 fd cc da 5d bc 52 66 28 ca 61>
    },
    lastRemoteEphemeralKey: <Buffer 05 6a 91 d9 53 72 45 c0 09 5c a8 24 9d cb 8f b4 d9 10 34 a5 f8 1d ef e0 e1 97 19 fe 15 97 4d ec 3e>,
    previousCounter: 0,
    rootKey: <Buffer d4 db 79 07 35 e1 b6 60 64 31 cb ac fc 02 73 cc 89 c2 99 6f 0e c0 d0 90 82 cc 3b 49 37 8f 62 3a>
  },
  indexInfo: {
    baseKey: <Buffer 05 24 b3 1b 9e 3b 35 0c e7 f5 79 8c f1 19 f1 30 f9 e4 d3 2c 95 eb 8c bb e3 d0 8d 01 50 b0 ad e4 5f>,
    baseKeyType: 2,
    closed: -1,
    used: 1791029751319,
    created: 1791029398616,
    remoteIdentityKey: <Buffer 05 1e 4e 52 77 8b 2c e3 ac 5a 99 fc fe bb 25 3e f1 8b 5d 12 5c 4f 4f 98 99 5b 0c 19 20 e3 93 81 15>
  }
}
⚠️ Koneksi terputus (Status Code: 408). Menghubungkan ulang...

✅ WHATSAPP BERHASIL TERHUBUNG & STABIL!

Closing session: SessionEntry {
  _chains: {
    'BZ9GfAfYZl9pcpNfk8tezKiWSvLOFT0EAtlzcS+5myli': { chainKey: [Object], chainType: 2, messageKeys: {} },
    'BXaLFufyrcebRoeLv19aupWSLUXFCkCK4XB7nCe+AAJO': { chainKey: [Object], chainType: 1, messageKeys: {} }
  },
  registrationId: 1654819784,
  currentRatchet: {
    ephemeralKeyPair: {
      pubKey: <Buffer 05 76 8b 16 e7 f2 ad c7 9b 46 87 8b bf 5f 5a ba 95 92 2d 45 c5 0a 40 8a e1 70 7b 9c 27 be 00 02 4e>,
      privKey: <Buffer f8 6f 02 ed af 47 2a 01 2c 84 90 17 85 4d a3 0f 99 af 01 a9 e9 62 65 e4 1c 36 cd 0b cb 37 64 7e>
    },
    lastRemoteEphemeralKey: <Buffer 05 9f 46 7c 07 d8 66 5f 69 72 93 5f 93 cb 5e cc a8 96 4a f2 ce 15 3d 04 02 d9 73 71 2f b9 9b 29 62>,
    previousCounter: 0,
    rootKey: <Buffer 5e 08 78 aa 44 9a 4e 8e 79 ca 1b 23 c2 a3 10 09 f7 e7 ca f9 1b a9 7d 43 77 63 95 5f d0 68 a0 71>
  },
  indexInfo: {
    baseKey: <Buffer 05 68 35 a2 d3 c1 23 53 50 13 e0 0a 40 af 4a d6 ad 4a d3 d2 20 76 e8 47 12 45 4e eb 1b e0 33 d9 58>,
    baseKeyType: 2,
    closed: -1,
    used: 1791030020657,
    created: 1791030020657,
    remoteIdentityKey: <Buffer 05 1e 4e 52 77 8b 2c e3 ac 5a 99 fc fe bb 25 3e f1 8b 5d 12 5c 4f 4f 98 99 5b 0c 19 20 e3 93 81 15>
  }
}
Closing session: SessionEntry {
  _chains: {
    'BdSXlfmdZqty9iUuHUC+WsS7P9szIBplTHPZiz3TgzBF': { chainKey: [Object], chainType: 2, messageKeys: {} },
    'BcxKQemuFk29f4LAYPr55q/7b/E3Jf4DoQwW2UoV8cI7': { chainKey: [Object], chainType: 1, messageKeys: {} }
  },
  registrationId: 1654819784,
  currentRatchet: {
    ephemeralKeyPair: {
      pubKey: <Buffer 05 cc 4a 41 e9 ae 16 4d bd 7f 82 c0 60 fa f9 e6 af fb 6f f1 37 25 fe 03 a1 0c 16 d9 4a 15 f1 c2 3b>,
      privKey: <Buffer 80 a7 e9 a9 45 65 45 79 37 b3 f4 4f d1 74 e1 c6 d2 e7 9f 94 ae bb b8 3a c5 7d 6a eb 4a 75 46 45>
    },
    lastRemoteEphemeralKey: <Buffer 05 d4 97 95 f9 9d 66 ab 72 f6 25 2e 1d 40 be 5a c4 bb 3f db 33 20 1a 65 4c 73 d9 8b 3d d3 83 30 45>,
    previousCounter: 0,
    rootKey: <Buffer 9e 36 55 dd 4b 74 35 2b 6c d2 9b 5d 08 89 56 e4 8f 0a 22 f4 f9 68 cf 34 fa 36 82 53 c1 b1 17 af>
  },
  indexInfo: {
    baseKey: <Buffer 05 9a e9 39 58 3b d4 60 63 78 41 61 6e 70 36 3b c0 fd 51 ce be 92 7c 3d 7e 2c f2 16 71 df 23 64 78>,
    baseKeyType: 2,
    closed: -1,
    used: 1791030345268,
    created: 1791030345268,
    remoteIdentityKey: <Buffer 05 1e 4e 52 77 8b 2c e3 ac 5a 99 fc fe bb 25 3e f1 8b 5d 12 5c 4f 4f 98 99 5b 0c 19 20 e3 93 81 15>
  }
}
Closing session: SessionEntry {
  _chains: {
    'BXI0ZbpuIxnnHYCvj/DtjT/moUQcbL4NIoMVc/v7Lz80': { chainKey: [Object], chainType: 2, messageKeys: {} },
    'BRdI7FTvHWr+pf5ErDgqhUs6lMaI2fs+WEaW8OGKTf8C': { chainKey: [Object], chainType: 1, messageKeys: {} }
  },
  registrationId: 1654819784,
  currentRatchet: {
    ephemeralKeyPair: {
      pubKey: <Buffer 05 17 48 ec 54 ef 1d 6a fe a5 fe 44 ac 38 2a 85 4b 3a 94 c6 88 d9 fb 3e 58 46 96 f0 e1 8a 4d ff 02>,
      privKey: <Buffer 00 b1 42 a5 96 34 fd 88 c1 05 11 e3 67 03 4d 21 8b 3d 2a c5 77 61 d1 7c 69 66 c0 4c fa f6 3f 6a>
    },
    lastRemoteEphemeralKey: <Buffer 05 72 34 65 ba 6e 23 19 e7 1d 80 af 8f f0 ed 8d 3f e6 a1 44 1c 6c be 0d 22 83 15 73 fb fb 2f 3f 34>,
    previousCounter: 0,
    rootKey: <Buffer 80 f5 97 05 71 97 0f ef 91 79 cd 68 1d ef bb aa cb 47 b8 a9 5a 9d ad 16 4e 27 1c bc 7a 1b ec de>
  },
  indexInfo: {
    baseKey: <Buffer 05 83 40 7d 20 71 25 0e d9 1a 98 31 2a f6 00 b1 3d e6 10 f9 39 30 25 a0 aa 8b 7c 47 a1 6c 2a 23 4a>,
    baseKeyType: 2,
    closed: -1,
    used: 1791030350808,
    created: 1791030350808,
    remoteIdentityKey: <Buffer 05 1e 4e 52 77 8b 2c e3 ac 5a 99 fc fe bb 25 3e f1 8b 5d 12 5c 4f 4f 98 99 5b 0c 19 20 e3 93 81 15>
  }
}
Closing session: SessionEntry {
  _chains: {
    'BXI0ZbpuIxnnHYCvj/DtjT/moUQcbL4NIoMVc/v7Lz80': { chainKey: [Object], chainType: 2, messageKeys: {} },
    'BRdI7FTvHWr+pf5ErDgqhUs6lMaI2fs+WEaW8OGKTf8C': { chainKey: [Object], chainType: 1, messageKeys: {} }
  },
  registrationId: 1654819784,
  currentRatchet: {
    ephemeralKeyPair: {
      pubKey: <Buffer 05 17 48 ec 54 ef 1d 6a fe a5 fe 44 ac 38 2a 85 4b 3a 94 c6 88 d9 fb 3e 58 46 96 f0 e1 8a 4d ff 02>,
      privKey: <Buffer 00 b1 42 a5 96 34 fd 88 c1 05 11 e3 67 03 4d 21 8b 3d 2a c5 77 61 d1 7c 69 66 c0 4c fa f6 3f 6a>
    },
    lastRemoteEphemeralKey: <Buffer 05 72 34 65 ba 6e 23 19 e7 1d 80 af 8f f0 ed 8d 3f e6 a1 44 1c 6c be 0d 22 83 15 73 fb fb 2f 3f 34>,
    previousCounter: 0,
    rootKey: <Buffer 80 f5 97 05 71 97 0f ef 91 79 cd 68 1d ef bb aa cb 47 b8 a9 5a 9d ad 16 4e 27 1c bc 7a 1b ec de>
  },
  indexInfo: {
    baseKey: <Buffer 05 83 40 7d 20 71 25 0e d9 1a 98 31 2a f6 00 b1 3d e6 10 f9 39 30 25 a0 aa 8b 7c 47 a1 6c 2a 23 4a>,
    baseKeyType: 2,
    closed: -1,
    used: 1791030350808,
    created: 1791030350808,
    remoteIdentityKey: <Buffer 05 1e 4e 52 77 8b 2c e3 ac 5a 99 fc fe bb 25 3e f1 8b 5d 12 5c 4f 4f 98 99 5b 0c 19 20 e3 93 81 15>
  }
}
Closing session: SessionEntry {
  _chains: {
    'Bfcob+k5lPIYPc6tV4ODi4QGYfS4ehYLbsLIiK6AG/UL': { chainKey: [Object], chainType: 2, messageKeys: {} },
    'BTYyOPCvp+2swPPUzVkeqavPcKp2FEkwe1y/srhtynoU': { chainKey: [Object], chainType: 1, messageKeys: {} }
  },
  registrationId: 1654819784,
  currentRatchet: {
    ephemeralKeyPair: {
      pubKey: <Buffer 05 36 32 38 f0 af a7 ed ac c0 f3 d4 cd 59 1e a9 ab cf 70 aa 76 14 49 30 7b 5c bf b2 b8 6d ca 7a 14>,
      privKey: <Buffer 08 96 dd 21 12 b6 c2 40 ae 5a ed 6a d6 a4 ee f7 9e fa 8f 98 95 d8 01 c8 91 af 7f da c5 bd 52 4c>
    },
    lastRemoteEphemeralKey: <Buffer 05 f7 28 6f e9 39 94 f2 18 3d ce ad 57 83 83 8b 84 06 61 f4 b8 7a 16 0b 6e c2 c8 88 ae 80 1b f5 0b>,
    previousCounter: 0,
    rootKey: <Buffer c6 22 41 76 65 65 af ca 46 9a 11 0f e6 d8 27 40 8f 1a 7f 49 cf b1 b6 47 2d cf 86 d8 8b e3 67 a5>
  },
  indexInfo: {
    baseKey: <Buffer 05 02 00 d4 1f a4 30 65 16 fa bf 79 df a3 02 65 84 f9 38 7f e9 79 7d d9 ef 76 88 3b d0 cb 48 6f 7c>,
    baseKeyType: 2,
    closed: -1,
    used: 1791030356571,
    created: 1791030356571,
    remoteIdentityKey: <Buffer 05 1e 4e 52 77 8b 2c e3 ac 5a 99 fc fe bb 25 3e f1 8b 5d 12 5c 4f 4f 98 99 5b 0c 19 20 e3 93 81 15>
  }
}
⚠️ Koneksi terputus (Status Code: 408). Menghubungkan ulang...
Closing session: SessionEntry {
  _chains: {
    'BVStgUHPo72Dswnh4+xz/qWwlpY8Q33PZJNYrzwAiikr': { chainKey: [Object], chainType: 2, messageKeys: {} },
    'BQjcMm2iQbHjZe6G/PrlNTbMbm8YfmWUeqeTbWxiOF8Z': { chainKey: [Object], chainType: 1, messageKeys: {} }
  },
  registrationId: 1654819784,
  currentRatchet: {
    ephemeralKeyPair: {
      pubKey: <Buffer 05 08 dc 32 6d a2 41 b1 e3 65 ee 86 fc fa e5 35 36 cc 6e 6f 18 7e 65 94 7a a7 93 6d 6c 62 38 5f 19>,
      privKey: <Buffer 10 a1 41 df aa 76 27 00 1a 3c e4 50 cf 6d 6b d1 fc 40 79 24 8b a3 11 9d 6e 3e 10 15 be 17 b4 69>
    },
    lastRemoteEphemeralKey: <Buffer 05 54 ad 81 41 cf a3 bd 83 b3 09 e1 e3 ec 73 fe a5 b0 96 96 3c 43 7d cf 64 93 58 af 3c 00 8a 29 2b>,
    previousCounter: 0,
    rootKey: <Buffer 93 36 2a e6 46 53 27 d0 17 85 9a 79 07 27 a3 0b 7b c2 dd 1a cc 73 11 cc 84 44 1c 4d 15 ec 34 96>
  },
  indexInfo: {
    baseKey: <Buffer 05 39 bd 8c db 07 a0 03 47 f0 fd 4a 1b 61 60 c6 7e c1 ef 14 58 23 8b fa 25 e0 64 18 60 68 53 c2 0e>,
    baseKeyType: 2,
    closed: -1,
    used: 1791030356842,
    created: 1791030356842,
    remoteIdentityKey: <Buffer 05 1e 4e 52 77 8b 2c e3 ac 5a 99 fc fe bb 25 3e f1 8b 5d 12 5c 4f 4f 98 99 5b 0c 19 20 e3 93 81 15>
  }
}

✅ WHATSAPP BERHASIL TERHUBUNG & STABIL!

⚠️ Koneksi terputus (Status Code: 428). Menghubungkan ulang...

✅ WHATSAPP BERHASIL TERHUBUNG & STABIL!

⚠️ Koneksi terputus (Status Code: 408). Menghubungkan ulang...

✅ WHATSAPP BERHASIL TERHUBUNG & STABIL!

⚠️ Koneksi terputus (Status Code: 428). Menghubungkan ulang...

✅ WHATSAPP BERHASIL TERHUBUNG & STABIL!

⚠️ Koneksi terputus (Status Code: 408). Menghubungkan ulang...

✅ WHATSAPP BERHASIL TERHUBUNG & STABIL!

Closing session: SessionEntry {
  _chains: {
    'BXrDfYOO0UZohnpCLR/QDq4XKCmNxac8up5kD3vwkPx5': { chainKey: [Object], chainType: 2, messageKeys: {} },
    BWM1fcTXdMlJYtl8FSGVejrEoMmw6Uz37YPvQscWdE41: { chainKey: [Object], chainType: 1, messageKeys: {} }
  },
  registrationId: 1654819784,
  currentRatchet: {
    ephemeralKeyPair: {
      pubKey: <Buffer 05 63 35 7d c4 d7 74 c9 49 62 d9 7c 15 21 95 7a 3a c4 a0 c9 b0 e9 4c f7 ed 83 ef 42 c7 16 74 4e 35>,
      privKey: <Buffer 68 ea fd 96 f7 9a 55 0d ba c6 d3 58 82 ca 68 4b da f2 98 57 2b dd b7 2e 8b 9f 32 3f 67 e8 e7 5f>
    },
    lastRemoteEphemeralKey: <Buffer 05 7a c3 7d 83 8e d1 46 68 86 7a 42 2d 1f d0 0e ae 17 28 29 8d c5 a7 3c ba 9e 64 0f 7b f0 90 fc 79>,
    previousCounter: 0,
    rootKey: <Buffer b7 55 af 97 72 c7 04 84 53 29 fe 80 06 9f a0 59 10 55 e4 26 51 28 f5 7a 19 f4 8d 8e ac ec 07 28>
  },
  indexInfo: {
    baseKey: <Buffer 05 35 d2 60 9a 55 37 47 30 88 75 cd b7 92 fe 5a ee 2d 3d 72 51 09 d2 a3 28 4f 3e ce 57 8f 05 12 24>,
    baseKeyType: 2,
    closed: -1,
    used: 1791030651656,
    created: 1791030651656,
    remoteIdentityKey: <Buffer 05 1e 4e 52 77 8b 2c e3 ac 5a 99 fc fe bb 25 3e f1 8b 5d 12 5c 4f 4f 98 99 5b 0c 19 20 e3 93 81 15>
  }
}
⚠️ Koneksi terputus (Status Code: 408). Menghubungkan ulang...

✅ WHATSAPP BERHASIL TERHUBUNG & STABIL!

⚠️ Koneksi terputus (Status Code: 408). Menghubungkan ulang...

✅ WHATSAPP BERHASIL TERHUBUNG & STABIL!

⚠️ Koneksi terputus (Status Code: 428). Menghubungkan ulang...

✅ WHATSAPP BERHASIL TERHUBUNG & STABIL!

⚠️ Koneksi terputus (Status Code: 428). Menghubungkan ulang...

✅ WHATSAPP BERHASIL TERHUBUNG & STABIL!

⚠️ Koneksi terputus (Status Code: 408). Menghubungkan ulang...

✅ WHATSAPP BERHASIL TERHUBUNG & STABIL!

Closing session: SessionEntry {
  _chains: {
    'BQvBv1OvvWB72qHJkuRkQdH/gfFqi8WKDaOyR6I3aZFs': { chainKey: [Object], chainType: 2, messageKeys: {} },
    'BWAC5oOP39z5Hc9x/pcLTsT72+8GJCJgqf4Foi9a0VlB': { chainKey: [Object], chainType: 2, messageKeys: {} },
    BTO5rUbTHSRoKZM7VzswJp1DMWYUa2F91G01QItIVBJ4: { chainKey: [Object], chainType: 1, messageKeys: {} }
  },
  registrationId: 1654819784,
  currentRatchet: {
    ephemeralKeyPair: {
      pubKey: <Buffer 05 33 b9 ad 46 d3 1d 24 68 29 93 3b 57 3b 30 26 9d 43 31 66 14 6b 61 7d d4 6d 35 40 8b 48 54 12 78>,
      privKey: <Buffer e8 95 c1 5a 4f 86 b0 73 bf 5b f8 de 77 88 84 2e 4c d7 47 e6 eb 9d ce 16 7f 20 e0 a2 0a 31 ed 5f>
    },
    lastRemoteEphemeralKey: <Buffer 05 60 02 e6 83 8f df dc f9 1d cf 71 fe 97 0b 4e c4 fb db ef 06 24 22 60 a9 fe 05 a2 2f 5a d1 59 41>,
    previousCounter: 11,
    rootKey: <Buffer 2b 1b e0 7c da 07 81 a1 1d 42 58 35 a4 49 ab 2a ca 7c df b7 be 63 e5 f2 c1 7d d2 3f 34 c2 36 fd>
  },
  indexInfo: {
    baseKey: <Buffer 05 df 2c eb 3e 16 63 1f b0 37 92 ce 1d be c8 98 27 ac 94 32 e7 75 8e fc 4c 0d 44 5e 1e b4 d3 6c 55>,
    baseKeyType: 2,
    closed: -1,
    used: 1791033450194,
    created: 1791031582471,
    remoteIdentityKey: <Buffer 05 1e 4e 52 77 8b 2c e3 ac 5a 99 fc fe bb 25 3e f1 8b 5d 12 5c 4f 4f 98 99 5b 0c 19 20 e3 93 81 15>
  }
}
⚠️ Koneksi terputus (Status Code: 408). Menghubungkan ulang...

✅ WHATSAPP BERHASIL TERHUBUNG & STABIL!

⚠️ Koneksi terputus (Status Code: 408). Menghubungkan ulang...

✅ WHATSAPP BERHASIL TERHUBUNG & STABIL!

Closing session: SessionEntry {
  _chains: {
    BdCgRbNDUMR2w3fbkYHubPi2615rtu6OwlPVxZuDiSUV: { chainKey: [Object], chainType: 2, messageKeys: {} },
    'BT+mZX7LKdL8nUKXm1QyWXfbvzaYGHgblqYoTSDalc0Q': { chainKey: [Object], chainType: 2, messageKeys: {} },
    'BarjogDqsJkwf5C5nb5e8+bSMi/c6RrxMl9Shtn0GhwO': { chainKey: [Object], chainType: 1, messageKeys: {} }
  },
  registrationId: 1654819784,
  currentRatchet: {
    ephemeralKeyPair: {
      pubKey: <Buffer 05 aa e3 a2 00 ea b0 99 30 7f 90 b9 9d be 5e f3 e6 d2 32 2f dc e9 1a f1 32 5f 52 86 d9 f4 1a 1c 0e>,
      privKey: <Buffer 88 ad b8 5e 6c 6b ca e1 e8 98 a9 14 ec af 42 15 bf 76 fc d3 0c 5d f3 60 37 bf 70 24 84 f7 62 52>
    },
    lastRemoteEphemeralKey: <Buffer 05 3f a6 65 7e cb 29 d2 fc 9d 42 97 9b 54 32 59 77 db bf 36 98 18 78 1b 96 a6 28 4d 20 da 95 cd 10>,
    previousCounter: 0,
    rootKey: <Buffer 96 4d 41 d5 fd 68 b7 c5 33 33 fa e2 0a 8d cf d0 17 6f ab e5 6f 7b 2d a9 d9 ea d1 f2 cb 04 44 91>
  },
  indexInfo: {
    baseKey: <Buffer 05 79 2d 0c be d8 29 72 07 32 c5 c6 f4 41 79 d0 ef 49 50 db 8f 12 d1 9a 0e 31 df 86 99 bf 01 91 73>,
    baseKeyType: 2,
    closed: -1,
    used: 1791033963188,
    created: 1791033594744,
    remoteIdentityKey: <Buffer 05 1e 4e 52 77 8b 2c e3 ac 5a 99 fc fe bb 25 3e f1 8b 5d 12 5c 4f 4f 98 99 5b 0c 19 20 e3 93 81 15>
  }
}
Closing session: SessionEntry {
  _chains: {
    'BbLk+7rbl6xsV9ZXX8O90pQEBEqxFp4qcMAiCf31HRAn': { chainKey: [Object], chainType: 2, messageKeys: {} },
    'BVv7x89EQWmTwfAfLw/CjO4r8yaz03lXLYzaX/9yg5V2': { chainKey: [Object], chainType: 1, messageKeys: {} }
  },
  registrationId: 1654819784,
  currentRatchet: {
    ephemeralKeyPair: {
      pubKey: <Buffer 05 5b fb c7 cf 44 41 69 93 c1 f0 1f 2f 0f c2 8c ee 2b f3 26 b3 d3 79 57 2d 8c da 5f ff 72 83 95 76>,
      privKey: <Buffer c8 bf e9 f1 32 ef 30 e4 03 9a a0 01 a3 46 0e 1f 04 99 8c e8 f6 a8 68 b0 55 88 b6 46 bb f1 ef 63>
    },
    lastRemoteEphemeralKey: <Buffer 05 b2 e4 fb ba db 97 ac 6c 57 d6 57 5f c3 bd d2 94 04 04 4a b1 16 9e 2a 70 c0 22 09 fd f5 1d 10 27>,
    previousCounter: 0,
    rootKey: <Buffer aa 51 c2 d1 73 ec ff 6f 71 ea 25 e6 53 ad 54 61 e2 f7 f4 1f 83 10 4d f2 14 49 9a 84 4c 0d 25 22>
  },
  indexInfo: {
    baseKey: <Buffer 05 66 e4 41 1a 09 90 26 4b 36 f2 9d b8 d7 fd fb 3a a4 fa c5 b3 18 5e 4c bc 45 2e 39 40 86 dd cc 58>,
    baseKeyType: 2,
    closed: -1,
    used: 1791033964757,
    created: 1791033964757,
    remoteIdentityKey: <Buffer 05 1e 4e 52 77 8b 2c e3 ac 5a 99 fc fe bb 25 3e f1 8b 5d 12 5c 4f 4f 98 99 5b 0c 19 20 e3 93 81 15>
  }
}

✅ WHATSAPP BERHASIL TERHUBUNG & STABIL!

⚠️ Koneksi terputus (Status Code: 408). Menghubungkan ulang...

✅ WHATSAPP BERHASIL TERHUBUNG & STABIL!

Closing session: SessionEntry {
  _chains: {
    'BRlL0Hl6PtF+YzBfZBOAXCiZgzTZXI1/0s5Vb9fZdzYr': { chainKey: [Object], chainType: 2, messageKeys: {} },
    BRVkX8slHge6c141ervegV0HezShENfw1pZS1fzRqRBZ: { chainKey: [Object], chainType: 1, messageKeys: {} }
  },
  registrationId: 1654819784,
  currentRatchet: {
    ephemeralKeyPair: {
      pubKey: <Buffer 05 15 64 5f cb 25 1e 07 ba 73 5e 35 7a bb de 81 5d 07 7b 34 a1 10 d7 f0 d6 96 52 d5 fc d1 a9 10 59>,
      privKey: <Buffer f8 4e 65 13 71 06 df a5 be 98 85 1e 90 95 1e 13 69 be a2 ac c3 3c 01 8d 67 05 14 31 31 1a 91 4d>
    },
    lastRemoteEphemeralKey: <Buffer 05 19 4b d0 79 7a 3e d1 7e 63 30 5f 64 13 80 5c 28 99 83 34 d9 5c 8d 7f d2 ce 55 6f d7 d9 77 36 2b>,
    previousCounter: 0,
    rootKey: <Buffer 09 30 f0 6e 36 2f 40 dc f0 7f 8c c4 ed 38 4c 80 db b8 c0 07 fa 74 fd 6b 1a 3e f6 2e ad 72 1d 2d>
  },
  indexInfo: {
    baseKey: <Buffer 05 dc b7 22 ac 27 37 31 fe b8 47 8d 26 93 31 96 a7 c8 d5 98 4a 8c 6a dc 41 08 0c 12 76 7d 0e 5a 02>,
    baseKeyType: 2,
    closed: -1,
    used: 1791034371964,
    created: 1791034371964,
    remoteIdentityKey: <Buffer 05 1e 4e 52 77 8b 2c e3 ac 5a 99 fc fe bb 25 3e f1 8b 5d 12 5c 4f 4f 98 99 5b 0c 19 20 e3 93 81 15>
  }
}
⚠️ Koneksi terputus (Status Code: 408). Menghubungkan ulang...

✅ WHATSAPP BERHASIL TERHUBUNG & STABIL!


✅ WHATSAPP BERHASIL TERHUBUNG & STABIL!

⚠️ Koneksi terputus (Status Code: 428). Menghubungkan ulang...

✅ WHATSAPP BERHASIL TERHUBUNG & STABIL!

Closing session: SessionEntry {
  _chains: {
    BdmAXWCibWm92i2wPhQZRWhbxvBBShPAuy6YGDGSApgJ: { chainKey: [Object], chainType: 2, messageKeys: {} },
    'BVVDeBDeJaFfEWmUmYFM82YqxXynuuULXgXAJjDBP49+': { chainKey: [Object], chainType: 2, messageKeys: {} },
    'BU2dE3v79IKb2wyM2no9/7ciU0h3a/BjUa+9vyg+0ctd': { chainKey: [Object], chainType: 1, messageKeys: {} }
  },
  registrationId: 1654819784,
  currentRatchet: {
    ephemeralKeyPair: {
      pubKey: <Buffer 05 4d 9d 13 7b fb f4 82 9b db 0c 8c da 7a 3d ff b7 22 53 48 77 6b f0 63 51 af bd bf 28 3e d1 cb 5d>,
      privKey: <Buffer 10 d7 48 56 db 30 9d d7 f5 52 5e 5e fa 58 3f 83 d7 77 ba 4d 1e 5e 61 73 0f 03 fe c4 d1 42 81 60>
    },
    lastRemoteEphemeralKey: <Buffer 05 55 43 78 10 de 25 a1 5f 11 69 94 99 81 4c f3 66 2a c5 7c a7 ba e5 0b 5e 05 c0 26 30 c1 3f 8f 7e>,
    previousCounter: 0,
    rootKey: <Buffer e9 ca 87 bd 91 26 d6 3d 17 5b 3c d5 51 39 38 ef 3c 0b c9 5d 10 e8 7d 12 4b c1 59 83 81 b9 70 ed>
  },
  indexInfo: {
    baseKey: <Buffer 05 ef c3 03 d3 01 c1 8a c8 58 84 7c b4 a6 ef d6 d8 0c 26 d0 bb 03 b3 a9 7d 79 c2 4a df fe 62 d2 69>,
    baseKeyType: 2,
    closed: -1,
    used: 1791035211550,
    created: 1791034734918,
    remoteIdentityKey: <Buffer 05 1e 4e 52 77 8b 2c e3 ac 5a 99 fc fe bb 25 3e f1 8b 5d 12 5c 4f 4f 98 99 5b 0c 19 20 e3 93 81 15>
  }
}
Closing session: SessionEntry {
  _chains: {
    'BRLxZ8OJ4/CoaHNmjtKE4Ylpy+WBrOEA0yhrgNLNoc9e': { chainKey: [Object], chainType: 2, messageKeys: {} },
    'BRHoEsUPDL2VtB+dEcFGE7P1uUjYWsDDPgxGF6B/W5Yp': { chainKey: [Object], chainType: 1, messageKeys: {} }
  },
  registrationId: 1654819784,
  currentRatchet: {
    ephemeralKeyPair: {
      pubKey: <Buffer 05 11 e8 12 c5 0f 0c bd 95 b4 1f 9d 11 c1 46 13 b3 f5 b9 48 d8 5a c0 c3 3e 0c 46 17 a0 7f 5b 96 29>,
      privKey: <Buffer f0 ff 69 dd 91 57 c3 bd b7 7e eb 01 25 d4 da d1 25 e7 06 ea 30 99 99 18 77 cb ae cf d9 06 1f 59>
    },
    lastRemoteEphemeralKey: <Buffer 05 12 f1 67 c3 89 e3 f0 a8 68 73 66 8e d2 84 e1 89 69 cb e5 81 ac e1 00 d3 28 6b 80 d2 cd a1 cf 5e>,
    previousCounter: 0,
    rootKey: <Buffer 96 a1 66 a9 a1 2f 8e 9b 36 20 51 f8 1a ef 48 ec 4c 82 24 b9 d5 fa 74 36 86 f2 02 f8 a4 c4 5e e0>
  },
  indexInfo: {
    baseKey: <Buffer 05 ab d4 df 66 28 e9 89 8c f2 da e9 b2 65 ad 0b 3c 86 54 ba 7e df 30 6d bd 00 e7 25 c5 69 95 d0 77>,
    baseKeyType: 2,
    closed: -1,
    used: 1791035278069,
    created: 1791035278069,
    remoteIdentityKey: <Buffer 05 1e 4e 52 77 8b 2c e3 ac 5a 99 fc fe bb 25 3e f1 8b 5d 12 5c 4f 4f 98 99 5b 0c 19 20 e3 93 81 15>
  }
}
Closing session: SessionEntry {
  _chains: {
    'BfcVlUoeybk8Q62P6Gab8wMhqyGdFSwQh/3TSuM/bKQX': { chainKey: [Object], chainType: 2, messageKeys: {} },
    'BcFvVB9MKJx6joWQE5FIdbdFZ/XLmZO+pin7ycmBzmsY': { chainKey: [Object], chainType: 1, messageKeys: {} }
  },
  registrationId: 1654819784,
  currentRatchet: {
    ephemeralKeyPair: {
      pubKey: <Buffer 05 c1 6f 54 1f 4c 28 9c 7a 8e 85 90 13 91 48 75 b7 45 67 f5 cb 99 93 be a6 29 fb c9 c9 81 ce 6b 18>,
      privKey: <Buffer 28 91 f5 56 fb b4 e1 b3 94 02 52 65 e0 04 13 e2 f4 9e de 26 cc 88 33 01 b8 5d f9 f3 8f a2 95 5a>
    },
    lastRemoteEphemeralKey: <Buffer 05 f7 15 95 4a 1e c9 b9 3c 43 ad 8f e8 66 9b f3 03 21 ab 21 9d 15 2c 10 87 fd d3 4a e3 3f 6c a4 17>,
    previousCounter: 0,
    rootKey: <Buffer 9e 26 80 2a 16 00 b9 e0 13 b1 4c 0d 4b 8b d2 6f 4a b9 e2 52 5c f4 32 4a 78 83 8c 4c 41 8e 00 3d>
  },
  indexInfo: {
    baseKey: <Buffer 05 da dd fa 89 d7 d3 ec 68 2b ee cf f1 26 d5 c8 84 3a fa 71 eb c8 2c a9 5c 01 b9 ab 5e f6 c7 05 6a>,
    baseKeyType: 2,
    closed: -1,
    used: 1791035278387,
    created: 1791035278387,
    remoteIdentityKey: <Buffer 05 1e 4e 52 77 8b 2c e3 ac 5a 99 fc fe bb 25 3e f1 8b 5d 12 5c 4f 4f 98 99 5b 0c 19 20 e3 93 81 15>
  }
}
⚠️ Koneksi terputus (Status Code: 408). Menghubungkan ulang...

✅ WHATSAPP BERHASIL TERHUBUNG & STABIL!

⚠️ Koneksi terputus (Status Code: 408). Menghubungkan ulang...

✅ WHATSAPP BERHASIL TERHUBUNG & STABIL!


==========================================
✅ BOT KENSHO MART BERHASIL TERHUBUNG!
==========================================

📩 Pesan Masuk dari 276132691734678@lid: "p"
📩 Pesan Masuk dari 276132691734678@lid: ""
📩 Pesan Masuk dari 276132691734678@lid: "1"
📩 Pesan Masuk dari 276132691734678@lid: ""
📩 Pesan Masuk dari 276132691734678@lid: "p"
📩 Pesan Masuk dari 276132691734678@lid: ""
📩 Pesan Masuk dari 276132691734678@lid: "1"
📩 Pesan Masuk dari 276132691734678@lid: ""
📩 Pesan Masuk dari 276132691734678@lid: "a"
📩 Pesan Masuk dari 276132691734678@lid: ""
📩 Pesan Masuk dari 276132691734678@lid: "q"
📩 Pesan Masuk dari 276132691734678@lid: ""
📩 Pesan Masuk dari 84946165198966@lid: "okem"
📩 Pesan Masuk dari 84946165198966@lid: ""
✅ BOT KENSHO MART BERHASIL TERHUBUNG!
📩 Pesan dari 276132691734678@lid: "p"
📩 Pesan dari 276132691734678@lid: ""
[ABAIKAN] 276132691734678@lid sedang mengisi pesan biasa.
📩 Pesan dari 276132691734678@lid: "j"
[ABAIKAN] 276132691734678@lid sedang mengisi pesan biasa.
📩 Pesan dari 276132691734678@lid: "h"
[ABAIKAN] 276132691734678@lid sedang mengisi pesan biasa.
📩 Pesan dari 276132691734678@lid: "hs"
[ABAIKAN] 276132691734678@lid sedang mengisi pesan biasa.
📩 Pesan dari 276132691734678@lid: "1"
📩 Pesan dari 276132691734678@lid: ""
[ABAIKAN] 276132691734678@lid sedang mengisi pesan biasa.
✅ BOT KENSHO MART BERHASIL TERHUBUNG!
📩 Pesan dari 276132691734678@lid: "a"
[ABAIKAN] 276132691734678@lid sedang mengisi pesan biasa.
📩 Pesan dari 276132691734678@lid: "2"
📩 Pesan dari 276132691734678@lid: ""
[ABAIKAN] 276132691734678@lid sedang mengisi pesan biasa.
📩 Pesan dari 276132691734678@lid: "📝 *format pemesanan*

silakan isi dan kirim data berikut:
- nama: wjajwj
- no hp: 02828282
- pesanan & jumlah: sjwjwj
- alamat: qhhaha

----------------------------------------
ketik *3* untuk info pembayaran, atau ketik *menu* untuk kembali."
[ABAIKAN] 276132691734678@lid sedang mengisi pesan biasa.
✅ BOT KENSHO MART BERHASIL TERHUBUNG!
Closing session: SessionEntry {
  _chains: {
    'BWm0z0hCDK398wFoSkwxVMpLrqYJJpmQx+nxhIq0/ctp': { chainKey: [Object], chainType: 2, messageKeys: {} },
    'BYP3B2hUWrAmKZ3fhyWs4wvoITsWRBk28+Cu5VYfX8hx': { chainKey: [Object], chainType: 1, messageKeys: {} }
  },
  registrationId: 1654819784,
  currentRatchet: {
    ephemeralKeyPair: {
      pubKey: <Buffer 05 83 f7 07 68 54 5a b0 26 29 9d df 87 25 ac e3 0b e8 21 3b 16 44 19 36 f3 e0 ae e5 56 1f 5f c8 71>,
      privKey: <Buffer d8 ff 40 49 9f d4 60 25 4b 7f 2f 1e b5 f3 f8 94 e1 19 69 4e d6 b5 f6 34 e6 b8 f9 3f ef 0e b4 67>
    },
    lastRemoteEphemeralKey: <Buffer 05 69 b4 cf 48 42 0c ad fd f3 01 68 4a 4c 31 54 ca 4b ae a6 09 26 99 90 c7 e9 f1 84 8a b4 fd cb 69>,
    previousCounter: 16,
    rootKey: <Buffer d3 50 b1 26 b1 08 a9 00 84 47 7c 3c ef 16 22 c7 3a 31 24 86 58 b9 d6 8c 4b 97 b5 86 c7 5b ad 0e>
  },
  indexInfo: {
    baseKey: <Buffer 05 53 8d 69 e4 29 c4 c1 e8 fd bd 78 20 36 d9 b4 fa 84 fd b6 a4 3a ad 82 bd 45 07 7e 43 c3 51 7d 04>,
    baseKeyType: 1,
    closed: -1,
    used: 1791037285089,
    created: 1791036831984,
    remoteIdentityKey: <Buffer 05 1e 4e 52 77 8b 2c e3 ac 5a 99 fc fe bb 25 3e f1 8b 5d 12 5c 4f 4f 98 99 5b 0c 19 20 e3 93 81 15>
  }
}
📩 Pesan dari 165107552252138@lid: "lagii ngapainn kamuuu"
✅ BOT KENSHO MART BERHASIL TERHUBUNG!
📩 Pesan dari 276132691734678@lid: "hi"
📩 Pesan dari 276132691734678@lid: ""
📩 Pesan dari 276132691734678@lid: "1"
📩 Pesan dari 276132691734678@lid: ""
📩 Pesan dari 276132691734678@lid: "p"
📩 Pesan dari 276132691734678@lid: "ji"
📩 Pesan dari 276132691734678@lid: "l"
📩 Pesan dari 276132691734678@lid: "hi"
📩 Pesan dari 276132691734678@lid: "p"
📩 Pesan dari 165107552252138@lid: "jangann malemm malemm pulangnyaa lagii sakitt jugaa"
📩 Pesan dari 165107552252138@lid: "nantiii mahh ituuu lagiii"
📩 Pesan dari 58223314886764@lid: "p"
📩 Pesan dari 58223314886764@lid: "1"
✅ BOT KENSHO MART BERHASIL TERHUBUNG!
Closing session: SessionEntry {
  _chains: {
    Bbh6plPCtqFcE7iDLjXoqdzo9z0KamwjHCzGR7lB5cpd: { chainKey: [Object], chainType: 2, messageKeys: {} },
    'BVKLpcvo1dPVNwFRdKVePmWlNIHgV5pS/L2VE2xNqcJB': { chainKey: [Object], chainType: 2, messageKeys: {} },
    'BRmMD7refxHJiYHejFJWCeXZ5+ZjK8zeGvBVQfWsPYli': { chainKey: [Object], chainType: 1, messageKeys: {} }
  },
  registrationId: 1654819784,
  currentRatchet: {
    ephemeralKeyPair: {
      pubKey: <Buffer 05 19 8c 0f ba de 7f 11 c9 89 81 de 8c 52 56 09 e5 d9 e7 e6 63 2b cc de 1a f0 55 41 f5 ac 3d 89 62>,
      privKey: <Buffer c8 86 60 ed 52 d4 a4 70 dc a5 06 f5 23 66 e9 38 0f a1 f9 3a 5c 16 5c 34 eb b8 c8 01 f8 9e 47 61>
    },
    lastRemoteEphemeralKey: <Buffer 05 52 8b a5 cb e8 d5 d3 d5 37 01 51 74 a5 5e 3e 65 a5 34 81 e0 57 9a 52 fc bd 95 13 6c 4d a9 c2 41>,
    previousCounter: 2,
    rootKey: <Buffer 9d df af 32 1d d7 f0 c5 08 a1 bd ba 5f 0a 64 13 a3 b2 73 68 03 e2 a0 46 a0 d4 30 fe 13 70 b0 1b>
  },
  indexInfo: {
    baseKey: <Buffer 05 b2 ff 1f c8 eb a5 ad e8 5a 9a a7 03 62 c0 06 b3 6f 33 21 8e da 94 10 d8 06 8e 52 24 24 a0 81 56>,
    baseKeyType: 2,
    closed: -1,
    used: 1791037607038,
    created: 1791037348536,
    remoteIdentityKey: <Buffer 05 1e 4e 52 77 8b 2c e3 ac 5a 99 fc fe bb 25 3e f1 8b 5d 12 5c 4f 4f 98 99 5b 0c 19 20 e3 93 81 15>
  }
}
📩 Pesan dari 165107552252138@lid: "otww pulangg"
✅ BOT KENSHO MART BERHASIL TERHUBUNG!
📩 Pesan dari 276132691734678@lid: "p"
📩 Pesan dari 276132691734678@lid: ""
📩 Pesan dari 276132691734678@lid: "5"
📩 Pesan dari 276132691734678@lid: ""
📩 Pesan dari 276132691734678@lid: "0"
📩 Pesan dari 276132691734678@lid: ""
📩 Pesan dari 276132691734678@lid: "1"
📩 Pesan dari 276132691734678@lid: ""
📩 Pesan dari 276132691734678@lid: "4"
📩 Pesan dari 276132691734678@lid: ""
✅ BOT KENSHO MART BERHASIL TERHUBUNG!
📩 Pesan dari 276132691734678@lid: "hi"
📩 Pesan dari 276132691734678@lid: ""
Closing session: SessionEntry {
  _chains: {
    'BTFXP3lp13PgYrlID0ZiHNVvROgnzweO5M9lt/NPDkFN': { chainKey: [Object], chainType: 2, messageKeys: [Object] },
    BSlCw42Lxxnvc3xwaEVFjvgEGmFBnbjYhsjqcjC8K40k: { chainKey: [Object], chainType: 2, messageKeys: {} },
    'BTFwZlR+qSXuOAwSmr7qjYemMy6hWSYVh7zk+tyeCHBu': { chainKey: [Object], chainType: 2, messageKeys: {} },
    'BbHO1rVZlc6NKULnD+AiAI/9kthaflQ/94DfpjENqPIM': { chainKey: [Object], chainType: 1, messageKeys: {} }
  },
  registrationId: 1654819784,
  currentRatchet: {
    ephemeralKeyPair: {
      pubKey: <Buffer 05 b1 ce d6 b5 59 95 ce 8d 29 42 e7 0f e0 22 00 8f fd 92 d8 5a 7e 54 3f f7 80 df a6 31 0d a8 f2 0c>,
      privKey: <Buffer b0 50 8e b5 ec c6 6d f1 ee 1b 2d 29 28 c4 4a b0 4b 60 45 44 46 c6 8e 01 10 f1 95 b8 45 4f 70 77>
    },
    lastRemoteEphemeralKey: <Buffer 05 31 70 66 54 7e a9 25 ee 38 0c 12 9a be ea 8d 87 a6 33 2e a1 59 26 15 87 bc e4 fa dc 9e 08 70 6e>,
    previousCounter: 0,
    rootKey: <Buffer 28 d6 3d a7 6e 36 37 dc 23 10 72 98 83 b3 88 05 06 f8 17 2e 49 da 61 eb bd 15 88 b7 8a 4e 36 fb>
  },
  indexInfo: {
    baseKey: <Buffer 05 62 28 44 ad 63 5b c8 49 31 1b 19 07 c5 75 4f 69 9c 54 46 f4 f5 19 28 c5 e5 0a 26 20 c7 0d 4b 0b>,
    baseKeyType: 2,
    closed: -1,
    used: 1791038069218,
    created: 1791037726056,
    remoteIdentityKey: <Buffer 05 1e 4e 52 77 8b 2c e3 ac 5a 99 fc fe bb 25 3e f1 8b 5d 12 5c 4f 4f 98 99 5b 0c 19 20 e3 93 81 15>
  }
}
Closing session: SessionEntry {
  _chains: {
    BVoSzfJwLgmB2ruFzdD7wok2AUvTPbxswPHhexjQGv5y: { chainKey: [Object], chainType: 2, messageKeys: {} },
    'BboyEVkxg5ntsWqRDZIc8DmXK5THVw+v10Uo9h82LrVa': { chainKey: [Object], chainType: 1, messageKeys: {} }
  },
  registrationId: 1654819784,
  currentRatchet: {
    ephemeralKeyPair: {
      pubKey: <Buffer 05 ba 32 11 59 31 83 99 ed b1 6a 91 0d 92 1c f0 39 97 2b 94 c7 57 0f af d7 45 28 f6 1f 36 2e b5 5a>,
      privKey: <Buffer 48 7a fb 2a 15 d4 8f 07 52 5b 1f 4d 8c ef ce ee cd 31 d4 45 07 c5 92 93 75 3b 47 b8 47 0b 8c 64>
    },
    lastRemoteEphemeralKey: <Buffer 05 5a 12 cd f2 70 2e 09 81 da bb 85 cd d0 fb c2 89 36 01 4b d3 3d bc 6c c0 f1 e1 7b 18 d0 1a fe 72>,
    previousCounter: 0,
    rootKey: <Buffer ba 5c f9 82 d2 93 86 56 f0 70 44 4d cc d7 04 f2 68 eb da d5 a3 c1 49 ec b8 8b 02 f9 29 21 22 47>
  },
  indexInfo: {
    baseKey: <Buffer 05 2b 8d 25 5c f4 87 8c be 22 79 2f 29 32 56 53 dc 12 05 53 93 27 65 b9 1d cd 83 66 34 a1 e3 04 5a>,
    baseKeyType: 2,
    closed: -1,
    used: 1791038338798,
    created: 1791038338798,
    remoteIdentityKey: <Buffer 05 1e 4e 52 77 8b 2c e3 ac 5a 99 fc fe bb 25 3e f1 8b 5d 12 5c 4f 4f 98 99 5b 0c 19 20 e3 93 81 15>
  }
}
📩 Pesan dari 276132691734678@lid: "1"
📩 Pesan dari 276132691734678@lid: ""
📩 Pesan dari 276132691734678@lid: "11"
📩 Pesan dari 276132691734678@lid: ""
📩 Pesan dari 276132691734678@lid: "111"
📩 Pesan dari 276132691734678@lid: ""
📩 Pesan dari 276132691734678@lid: "5"
📩 Pesan dari 276132691734678@lid: ""
📩 Pesan dari 276132691734678@lid: "done"
📩 Pesan dari 276132691734678@lid: "0"
📩 Pesan dari 276132691734678@lid: ""
📩 Pesan dari 276132691734678@lid: "1"
📩 Pesan dari 276132691734678@lid: ""
📩 Pesan dari 276132691734678@lid: "12"
📩 Pesan dari 276132691734678@lid: ""
📩 Pesan dari 276132691734678@lid: "121"
📩 Pesan dari 276132691734678@lid: ""
📩 Pesan dari 276132691734678@lid: "p"
📩 Pesan dari 276132691734678@lid: "h"
📩 Pesan dari 58223314886764@lid: "p"
📩 Pesan dari 58223314886764@lid: "2"
📩 Pesan dari 58223314886764@lid: "21"
📩 Pesan dari 58223314886764@lid: "5"
📩 Pesan dari 58223314886764@lid: "0"
✅ BOT KENSHO MART BERHASIL TERHUBUNG!
📩 Pesan dari 165107552252138@lid: "diaa gatauu privasii?"
📩 Pesan dari 165107552252138@lid: "enggaa"
✅ BOT KENSHO MART BERHASIL TERHUBUNG!
Closing session: SessionEntry {
  _chains: {
    'BT9oXwx7DkbDV+I/ss/g/eKqYBa9a25NQjGfUst/5lpm': { chainKey: [Object], chainType: 2, messageKeys: {} },
    'BS0EhKBvfT49P8H3YDzOw+v1pNMwz5+TQk9DdeGMGe0b': { chainKey: [Object], chainType: 2, messageKeys: {} },
    BTexgXiEir97MQbvis4SWXi5zcuvcOrtYL6BExfhRFcg: { chainKey: [Object], chainType: 2, messageKeys: {} },
    'BTqft9GDzuObUNFyAagYtyl237yvN9K73PYpVtX+j31f': { chainKey: [Object], chainType: 1, messageKeys: {} }
  },
  registrationId: 1654819784,
  currentRatchet: {
    ephemeralKeyPair: {
      pubKey: <Buffer 05 3a 9f b7 d1 83 ce e3 9b 50 d1 72 01 a8 18 b7 29 76 df bc af 37 d2 bb dc f6 29 56 d5 fe 8f 7d 5f>,
      privKey: <Buffer 70 4e c5 9f 05 1e 6b b7 34 cb 16 69 4a 8f ce f3 43 c0 de 2c 8b a9 85 28 f8 55 65 b2 b5 74 41 54>
    },
    lastRemoteEphemeralKey: <Buffer 05 37 b1 81 78 84 8a bf 7b 31 06 ef 8a ce 12 59 78 b9 cd cb af 70 ea ed 60 be 81 13 17 e1 44 57 20>,
    previousCounter: 0,
    rootKey: <Buffer 26 80 cf 27 30 9b aa c6 a2 b5 2c 89 63 40 09 4e 56 47 d5 a0 c5 d0 ce 27 19 88 25 f8 20 8c df 96>
  },
  indexInfo: {
    baseKey: <Buffer 05 81 af 55 87 9b a5 f3 e7 9d b1 6a 90 8a 29 19 24 71 e0 46 0b 4b 1f 6b 59 2b 15 1a b5 d6 10 17 35>,
    baseKeyType: 2,
    closed: -1,
    used: 1791038692867,
    created: 1791038339265,
    remoteIdentityKey: <Buffer 05 1e 4e 52 77 8b 2c e3 ac 5a 99 fc fe bb 25 3e f1 8b 5d 12 5c 4f 4f 98 99 5b 0c 19 20 e3 93 81 15>
  }
}
Closing session: SessionEntry {
  _chains: {
    'BcU+PlAVmv0HiNzt4BVf7+4+nLpMvOkyQjbl8Sm6CFER': { chainKey: [Object], chainType: 2, messageKeys: {} },
    'BQFLJWzAnaPx4DZJHLp5fMOXL7swp/nZHVSvkPLKWJ15': { chainKey: [Object], chainType: 1, messageKeys: {} }
  },
  registrationId: 1654819784,
  currentRatchet: {
    ephemeralKeyPair: {
      pubKey: <Buffer 05 01 4b 25 6c c0 9d a3 f1 e0 36 49 1c ba 79 7c c3 97 2f bb 30 a7 f9 d9 1d 54 af 90 f2 ca 58 9d 79>,
      privKey: <Buffer 08 9c cc 81 16 b6 ca 6b 65 76 0d d2 75 c4 65 c7 10 df 31 d9 3a 31 7b b1 b9 3f 7c c4 e2 26 f4 76>
    },
    lastRemoteEphemeralKey: <Buffer 05 c5 3e 3e 50 15 9a fd 07 88 dc ed e0 15 5f ef ee 3e 9c ba 4c bc e9 32 42 36 e5 f1 29 ba 08 51 11>,
    previousCounter: 0,
    rootKey: <Buffer a2 52 19 ae 1c 30 39 05 91 56 a0 1d cd 72 cc 93 9a c6 ca ff 8f 39 cd 40 4b d7 57 5e a3 93 7b 3a>
  },
  indexInfo: {
    baseKey: <Buffer 05 70 eb b0 f4 48 53 d2 cd 4b 66 96 52 0d 5c 24 2f 61 2d ad 48 13 46 36 94 93 7a ca 61 40 fe 12 7e>,
    baseKeyType: 2,
    closed: -1,
    used: 1791038824099,
    created: 1791038824099,
    remoteIdentityKey: <Buffer 05 1e 4e 52 77 8b 2c e3 ac 5a 99 fc fe bb 25 3e f1 8b 5d 12 5c 4f 4f 98 99 5b 0c 19 20 e3 93 81 15>
  }
}
Closing session: SessionEntry {
  _chains: {
    'BQozOffgtNXiSIpR+0f2xkJtwflbvY+qbbGZ/2nLWB4A': { chainKey: [Object], chainType: 2, messageKeys: {} },
    BTTOACRsagkQpssm26wsooZiZt1fdTCuKrlNlf1ILB5i: { chainKey: [Object], chainType: 1, messageKeys: {} }
  },
  registrationId: 1654819784,
  currentRatchet: {
    ephemeralKeyPair: {
      pubKey: <Buffer 05 34 ce 00 24 6c 6a 09 10 a6 cb 26 db ac 2c a2 86 62 66 dd 5f 75 30 ae 2a b9 4d 95 fd 48 2c 1e 62>,
      privKey: <Buffer f0 fe 05 ca 13 a5 81 1a cc ab 69 9f c9 8d e5 3f de f2 fb 5a 6f 0a 48 d1 48 bc 1a 92 09 ae c1 4a>
    },
    lastRemoteEphemeralKey: <Buffer 05 0a 33 39 f7 e0 b4 d5 e2 48 8a 51 fb 47 f6 c6 42 6d c1 f9 5b bd 8f aa 6d b1 99 ff 69 cb 58 1e 00>,
    previousCounter: 0,
    rootKey: <Buffer 2d fd 15 03 31 c5 77 34 d0 56 09 bc 0d 31 10 75 fc 48 07 c1 b6 f0 40 ab b9 e8 83 17 6d 79 b9 0a>
  },
  indexInfo: {
    baseKey: <Buffer 05 34 e1 10 98 1d ef e5 46 9c ec c6 24 82 f6 0b 46 90 0b b6 0b 0c cf c9 61 c8 d3 11 75 17 d3 b4 3d>,
    baseKeyType: 2,
    closed: -1,
    used: 1791038829684,
    created: 1791038829684,
    remoteIdentityKey: <Buffer 05 1e 4e 52 77 8b 2c e3 ac 5a 99 fc fe bb 25 3e f1 8b 5d 12 5c 4f 4f 98 99 5b 0c 19 20 e3 93 81 15>
  }
}
Closing session: SessionEntry {
  _chains: {
    'BRoBz2J7Nk2mp6FHvyXZSH6rfOf5ZRRWL+8OTWtgUcoq': { chainKey: [Object], chainType: 2, messageKeys: {} },
    BSAuptXsJvdDYcqADt44KUj6JnMC2koGMU4XpfiGK1FF: { chainKey: [Object], chainType: 1, messageKeys: {} }
  },
  registrationId: 1654819784,
  currentRatchet: {
    ephemeralKeyPair: {
      pubKey: <Buffer 05 20 2e a6 d5 ec 26 f7 43 61 ca 80 0e de 38 29 48 fa 26 73 02 da 4a 06 31 4e 17 a5 f8 86 2b 51 45>,
      privKey: <Buffer 78 3d cb 98 e7 48 f2 c8 3b a4 ef 7e c2 50 d4 ae d6 2a e7 3a 04 80 77 f6 d7 10 5c 84 cd 4d 49 7a>
    },
    lastRemoteEphemeralKey: <Buffer 05 1a 01 cf 62 7b 36 4d a6 a7 a1 47 bf 25 d9 48 7e ab 7c e7 f9 65 14 56 2f ef 0e 4d 6b 60 51 ca 2a>,
    previousCounter: 0,
    rootKey: <Buffer b7 1d ba 06 68 3c 56 e4 b1 d4 6f 60 a9 b0 94 a1 2c f9 0d dd 62 27 96 e5 2e d8 22 8d e8 24 f2 3a>
  },
  indexInfo: {
    baseKey: <Buffer 05 34 00 cb db bd 23 d1 32 9e 3f 75 23 88 5a 92 73 00 14 89 cc fd 23 4f 70 25 03 f2 59 0b cc 58 3f>,
    baseKeyType: 2,
    closed: -1,
    used: 1791038829928,
    created: 1791038829928,
    remoteIdentityKey: <Buffer 05 1e 4e 52 77 8b 2c e3 ac 5a 99 fc fe bb 25 3e f1 8b 5d 12 5c 4f 4f 98 99 5b 0c 19 20 e3 93 81 15>
  }
}
Closing session: SessionEntry {
  _chains: {
    'BVLSNT0nuw5iFfBluOeYjrfp8aK1nxDfdHWWgCC/qvpU': { chainKey: [Object], chainType: 2, messageKeys: {} },
    Be5MqmGnmw99Ddx0zlVteDwfbBXYq5WPptyTtum07U5C: { chainKey: [Object], chainType: 1, messageKeys: {} }
  },
  registrationId: 1654819784,
  currentRatchet: {
    ephemeralKeyPair: {
      pubKey: <Buffer 05 ee 4c aa 61 a7 9b 0f 7d 0d dc 74 ce 55 6d 78 3c 1f 6c 15 d8 ab 95 8f a6 dc 93 b6 e9 b4 ed 4e 42>,
      privKey: <Buffer 60 67 d7 73 88 2e 0b 14 d5 cb 8a 7b 23 ca 0f b6 49 a2 f8 0c 36 e0 04 78 88 a6 50 3e 8c 37 3b 65>
    },
    lastRemoteEphemeralKey: <Buffer 05 52 d2 35 3d 27 bb 0e 62 15 f0 65 b8 e7 98 8e b7 e9 f1 a2 b5 9f 10 df 74 75 96 80 20 bf aa fa 54>,
    previousCounter: 0,
    rootKey: <Buffer 10 db ec 5c 9b cb bf b5 b6 f1 45 27 5c 08 e4 09 e6 41 e6 09 f6 03 e3 70 3a 01 e6 86 eb 4c 59 3a>
  },
  indexInfo: {
    baseKey: <Buffer 05 4d 27 1d 5f 42 a9 af e7 36 d3 b1 5b 0a 4e e5 c5 1c 2c cb 6d 76 a0 e8 80 ad 7b 34 b9 7d dc bd 0d>,
    baseKeyType: 2,
    closed: -1,
    used: 1791038830199,
    created: 1791038830199,
    remoteIdentityKey: <Buffer 05 1e 4e 52 77 8b 2c e3 ac 5a 99 fc fe bb 25 3e f1 8b 5d 12 5c 4f 4f 98 99 5b 0c 19 20 e3 93 81 15>
  }
}
Closing session: SessionEntry {
  _chains: {
    'BZj8fQquZe2BW2GsBgvo2++F27uUutCWK44LpcbE49xg': { chainKey: [Object], chainType: 2, messageKeys: {} },
    BT4ViJNGQ5V2ffRhTAwFoULm4Z2oQtafh43NRQq2Ulsd: { chainKey: [Object], chainType: 1, messageKeys: {} }
  },
  registrationId: 1654819784,
  currentRatchet: {
    ephemeralKeyPair: {
      pubKey: <Buffer 05 3e 15 88 93 46 43 95 76 7d f4 61 4c 0c 05 a1 42 e6 e1 9d a8 42 d6 9f 87 8d cd 45 0a b6 52 5b 1d>,
      privKey: <Buffer 18 33 cf 8a 17 a6 21 84 e6 d1 ad 07 45 a0 d4 34 d2 09 34 65 0b b8 90 ff 5e 56 f5 44 d4 90 87 54>
    },
    lastRemoteEphemeralKey: <Buffer 05 98 fc 7d 0a ae 65 ed 81 5b 61 ac 06 0b e8 db ef 85 db bb 94 ba d0 96 2b 8e 0b a5 c6 c4 e3 dc 60>,
    previousCounter: 0,
    rootKey: <Buffer 02 42 a7 56 0c 28 4b 27 c3 88 39 92 86 8f c6 41 9d b1 74 18 a2 74 06 50 b8 bc 04 1a 5f 59 96 10>
  },
  indexInfo: {
    baseKey: <Buffer 05 f9 0e 08 cb 7a 46 00 aa ba b2 84 b7 fb bc 75 33 45 3e 89 79 f2 fe ef a8 16 24 03 0a 84 29 0a 51>,
    baseKeyType: 2,
    closed: -1,
    used: 1791038830477,
    created: 1791038830477,
    remoteIdentityKey: <Buffer 05 1e 4e 52 77 8b 2c e3 ac 5a 99 fc fe bb 25 3e f1 8b 5d 12 5c 4f 4f 98 99 5b 0c 19 20 e3 93 81 15>
  }
}
📩 Pesan dari 165107552252138@lid: "iyaaa"
📩 Pesan dari 218395647725649@lid: "p"
📩 Pesan dari 218395647725649@lid: "1"
📩 Pesan dari 218395647725649@lid: "13"
📩 Pesan dari 218395647725649@lid: "133"
📩 Pesan dari 218395647725649@lid: "4"
📩 Pesan dari 165107552252138@lid: "iyaaaa"
📩 Pesan dari 165107552252138@lid: "iyaaa"
✅ BOT KENSHO MART BERHASIL TERHUBUNG!
Closing session: SessionEntry {
  _chains: {
    'BWfR9CMYzk5qeLwleIfD+Q3xipWJ6pkcAVq7/35LsS5O': { chainKey: [Object], chainType: 2, messageKeys: {} },
    'BZ778i0jWwJUZy4zZ4QKCNPj7TskBuXFmi61FvGtR/Eu': { chainKey: [Object], chainType: 2, messageKeys: {} },
    'BaA6VD3XB+BKrWlxI0RSvawMhKbixxUfcGmzIDAuaYB8': { chainKey: [Object], chainType: 1, messageKeys: {} }
  },
  registrationId: 1654819784,
  currentRatchet: {
    ephemeralKeyPair: {
      pubKey: <Buffer 05 a0 3a 54 3d d7 07 e0 4a ad 69 71 23 44 52 bd ac 0c 84 a6 e2 c7 15 1f 70 69 b3 20 30 2e 69 80 7c>,
      privKey: <Buffer 20 50 b0 bc 38 47 ba f0 d8 bb 05 cc df 74 d8 03 c7 6a e1 7a a0 32 cb 78 a6 6c 9a 08 e6 60 40 44>
    },
    lastRemoteEphemeralKey: <Buffer 05 9e fb f2 2d 23 5b 02 54 67 2e 33 67 84 0a 08 d3 e3 ed 3b 24 06 e5 c5 9a 2e b5 16 f1 ad 47 f1 2e>,
    previousCounter: 4,
    rootKey: <Buffer da dc a4 9f 87 89 f1 f3 b3 5b 05 07 10 72 30 69 ff 49 27 66 66 4d 43 c4 c0 ed 2c 58 72 e4 af 3e>
  },
  indexInfo: {
    baseKey: <Buffer 05 7f 3c ef 6a 66 44 ec f3 46 94 bf c7 fc 58 cf 84 c5 85 b5 75 62 22 ca fe e6 8d 99 32 a6 b3 69 69>,
    baseKeyType: 2,
    closed: -1,
    used: 1791038971737,
    created: 1791038830737,
    remoteIdentityKey: <Buffer 05 1e 4e 52 77 8b 2c e3 ac 5a 99 fc fe bb 25 3e f1 8b 5d 12 5c 4f 4f 98 99 5b 0c 19 20 e3 93 81 15>
  }
}
Closing session: SessionEntry {
  _chains: {
    'BdU3Bzp77gBWfODASs+NDmIzr4iw4hmYadH2bANfnudd': { chainKey: [Object], chainType: 2, messageKeys: {} },
    'BVBOuEKx7Le5be4iaLuclY7DRWX/kQQLvXRGQMHEad4z': { chainKey: [Object], chainType: 1, messageKeys: {} }
  },
  registrationId: 1654819784,
  currentRatchet: {
    ephemeralKeyPair: {
      pubKey: <Buffer 05 50 4e b8 42 b1 ec b7 b9 6d ee 22 68 bb 9c 95 8e c3 45 65 ff 91 04 0b bd 74 46 40 c1 c4 69 de 33>,
      privKey: <Buffer e0 f4 a2 17 c1 b0 8a 2f 8c fd 17 8f 60 5a c9 aa ae a9 44 23 f2 5b db 4a fd 14 51 ea c6 2a 82 71>
    },
    lastRemoteEphemeralKey: <Buffer 05 d5 37 07 3a 7b ee 00 56 7c e0 c0 4a cf 8d 0e 62 33 af 88 b0 e2 19 98 69 d1 f6 6c 03 5f 9e e7 5d>,
    previousCounter: 0,
    rootKey: <Buffer 49 24 86 80 b0 4a e5 aa c9 f9 f1 fa 97 e7 e7 6f ab 28 0c ac d4 cf e5 96 70 96 72 9a 80 74 80 02>
  },
  indexInfo: {
    baseKey: <Buffer 05 66 60 76 e8 64 fe 25 3b 4c 9a 72 39 51 d5 de 28 1a 26 a8 01 51 d8 bd 5a ea b4 e2 5b 77 08 53 65>,
    baseKeyType: 2,
    closed: -1,
    used: 1791039161384,
    created: 1791039161384,
    remoteIdentityKey: <Buffer 05 1e 4e 52 77 8b 2c e3 ac 5a 99 fc fe bb 25 3e f1 8b 5d 12 5c 4f 4f 98 99 5b 0c 19 20 e3 93 81 15>
  }
}
📩 Pesan dari status@broadcast: ""
✅ BOT KENSHO MART BERHASIL TERHUBUNG!
Closing session: SessionEntry {
  _chains: {
    'BaFwYpRK+TU2IRkZUkWczgE3vz6dEbMQQ/6P6wZuCuwY': { chainKey: [Object], chainType: 2, messageKeys: {} },
    'BTm8L1rxpuuPrVJhktN5NyJ2j7dpl9buHONk/8Odc5Uc': { chainKey: [Object], chainType: 1, messageKeys: {} }
  },
  registrationId: 1654819784,
  currentRatchet: {
    ephemeralKeyPair: {
      pubKey: <Buffer 05 39 bc 2f 5a f1 a6 eb 8f ad 52 61 92 d3 79 37 22 76 8f b7 69 97 d6 ee 1c e3 64 ff c3 9d 73 95 1c>,
      privKey: <Buffer 28 7a b8 a4 b4 24 eb 32 9e 58 e1 cb 08 1b db 3f d3 94 0c 93 71 35 12 3c c4 e5 58 5b 61 1e 4f 46>
    },
    lastRemoteEphemeralKey: <Buffer 05 a1 70 62 94 4a f9 35 36 21 19 19 52 45 9c ce 01 37 bf 3e 9d 11 b3 10 43 fe 8f eb 06 6e 0a ec 18>,
    previousCounter: 0,
    rootKey: <Buffer cc 76 c7 86 f0 5d 1c ff fa b4 3d 69 f9 4e f2 d5 8a 1c 40 7b ac 1f 58 72 53 5d 4c 11 01 bb b0 16>
  },
  indexInfo: {
    baseKey: <Buffer 05 bf 74 47 86 64 a2 9f 4e a3 6d b1 4f 21 f9 a1 33 65 01 41 17 24 04 2f 3f de d0 9c d1 f8 94 67 46>,
    baseKeyType: 2,
    closed: -1,
    used: 1791039162062,
    created: 1791039162062,
    remoteIdentityKey: <Buffer 05 1e 4e 52 77 8b 2c e3 ac 5a 99 fc fe bb 25 3e f1 8b 5d 12 5c 4f 4f 98 99 5b 0c 19 20 e3 93 81 15>
  }
}
📩 Pesan dari 165107552252138@lid: "iyaaa"
✅ BOT KENSHO MART BERHASIL TERHUBUNG!
📩 Pesan dari status@broadcast: ""
✅ BOT KENSHO MART BERHASIL TERHUBUNG!
Closing session: SessionEntry {
  _chains: {
    'BTb+v3QyW+klKRy/3RQcazzrT6GWc8jsM8nVJ9k8/g4f': { chainKey: [Object], chainType: 2, messageKeys: {} },
    BdsVZiqz93xp4uXqMdhpX0E2xBkMpja9HQzPO5N51it9: { chainKey: [Object], chainType: 1, messageKeys: {} }
  },
  registrationId: 1654819784,
  currentRatchet: {
    ephemeralKeyPair: {
      pubKey: <Buffer 05 db 15 66 2a b3 f7 7c 69 e2 e5 ea 31 d8 69 5f 41 36 c4 19 0c a6 36 bd 1d 0c cf 3b 93 79 d6 2b 7d>,
      privKey: <Buffer 40 ab 49 2e 3b 6a 72 6c 4e cc aa aa 20 b7 23 06 61 15 16 b2 50 d2 06 e1 7f 17 e1 8a 17 8a 93 52>
    },
    lastRemoteEphemeralKey: <Buffer 05 36 fe bf 74 32 5b e9 25 29 1c bf dd 14 1c 6b 3c eb 4f a1 96 73 c8 ec 33 c9 d5 27 d9 3c fe 0e 1f>,
    previousCounter: 0,
    rootKey: <Buffer 83 70 72 8a 65 ac d2 8a 6f 71 8b d6 43 6d 53 f3 f5 63 d9 4d 82 66 c0 eb dc fa 95 13 98 49 4a 9a>
  },
  indexInfo: {
    baseKey: <Buffer 05 a7 44 db 57 5c e1 ba 1d 73 87 c8 65 9a 66 9e 16 7e 07 a6 b9 d0 d2 23 16 13 b0 34 44 2a bc 1e 10>,
    baseKeyType: 2,
    closed: -1,
    used: 1791039589938,
    created: 1791039589938,
    remoteIdentityKey: <Buffer 05 1e 4e 52 77 8b 2c e3 ac 5a 99 fc fe bb 25 3e f1 8b 5d 12 5c 4f 4f 98 99 5b 0c 19 20 e3 93 81 15>
  }
}
✅ BOT KENSHO MART BERHASIL TERHUBUNG!
📩 Pesan dari status@broadcast: ""
✅ BOT KENSHO MART BERHASIL TERHUBUNG!
📩 Pesan dari 58223314886764@lid: "085122521998"
📩 Pesan dari 218395647725649@lid: "meu"
📩 Pesan dari 218395647725649@lid: "menu"
📩 Pesan dari 218395647725649@lid: "6"
📩 Pesan dari 165107552252138@lid: "kamuu boboo"
📩 Pesan dari 218395647725649@lid: "3"
📩 Pesan dari 218395647725649@lid: "31"
📩 Pesan dari 218395647725649@lid: "5"
✅ BOT KENSHO MART BERHASIL TERHUBUNG!
📩 Pesan dari 165107552252138@lid: "jangann boboo malemm bangett terserahh kamuu ituu mauu dengerr apaa enggaa akuu gabakall nanyaa jugaa,intinyaa akuu udaa ngomongg udaa ngingetinnn"
📩 Pesan dari 165107552252138@lid: "akuu duluannn"
📩 Pesan dari 165107552252138@lid: "lovee youuy"
📩 Pesan dari 165107552252138@lid: "babaiiii sayanggg"
📩 Pesan dari 165107552252138@lid: "cepett sembuhhh"
📩 Pesan dari 165107552252138@lid: "kaloo gaa gituu gabakall dii dengerr"
📩 Pesan dari 165107552252138@lid: "jangann boboo malemm bangettt kaloo bisaa jamm 11 udaaa boboo"
📩 Pesan dari 165107552252138@lid: "cepettt sembuhhh cenggg"
📩 Pesan dari 165107552252138@lid: "jangann kebanyakann mainn hp nantii pusingg lagiii"
📩 Pesan dari 165107552252138@lid: "akuu boboo yaaa"
📩 Pesan dari status@broadcast: ""
📩 Pesan dari 165107552252138@lid: "ingett iniii kaloo emangg masiii tetepp kerasss kepalaa jangann slaahinn akuu kaloo akuu jadii diemm"
📩 Pesan dari 165107552252138@lid: "jangann boongg kaloo akuu nanyaa"
📩 Pesan dari 165107552252138@lid: "akuu duluannn yaaa"
📩 Pesan dari 165107552252138@lid: "loveee youuu"
📩 Pesan dari 165107552252138@lid: "babaiiii sayanggg"
📩 Pesan dari 165107552252138@lid: "istirahattt jangann scroll"
✅ BOT KENSHO MART BERHASIL TERHUBUNG!
✅ BOT KENSHO MART BERHASIL TERHUBUNG!
✅ BOT KENSHO MART BERHASIL TERHUBUNG!
✅ BOT KENSHO MART BERHASIL TERHUBUNG!
Closing session: SessionEntry {
  _chains: {
    'BdFpR2QASaxHs7qwZCkooq8/KDL+EWYF3xwRqPoVOEtR': { chainKey: [Object], chainType: 2, messageKeys: {} },
    'BS4BsxsqOf7pGS5iDob9+3ekZy/4NXMz4z9goDIZVskM': { chainKey: [Object], chainType: 2, messageKeys: {} },
    'BeIFDORa7DJi3b8F3/BIr7TRXMt4wkfWOfEPm0/8qyxu': { chainKey: [Object], chainType: 1, messageKeys: {} }
  },
  registrationId: 1654819784,
  currentRatchet: {
    ephemeralKeyPair: {
      pubKey: <Buffer 05 e2 05 0c e4 5a ec 32 62 dd bf 05 df f0 48 af b4 d1 5c cb 78 c2 47 d6 39 f1 0f 9b 4f fc ab 2c 6e>,
      privKey: <Buffer d8 99 9e c4 17 4a 9f da 01 8c 71 3a 7f a2 3b cb 41 4a 75 09 b1 6d 82 cc 79 06 34 c6 a8 9f b8 57>
    },
    lastRemoteEphemeralKey: <Buffer 05 2e 01 b3 1b 2a 39 fe e9 19 2e 62 0e 86 fd fb 77 a4 67 2f f8 35 73 33 e3 3f 60 a0 32 19 56 c9 0c>,
    previousCounter: 4,
    rootKey: <Buffer 70 a3 f3 a4 fb 7f 9f 82 90 6d 5f 41 f8 8d 80 7e c5 ff 2e c3 32 ec d7 e5 fd 52 71 b4 b4 02 f1 8a>
  },
  indexInfo: {
    baseKey: <Buffer 05 8e 42 54 1d b7 05 0c 8b d8 be 9d 59 5c 86 04 ec b4 1a 86 8b aa 69 d2 0f 0b 85 07 db 59 6c 77 0f>,
    baseKeyType: 2,
    closed: -1,
    used: 1791040852740,
    created: 1791039951828,
    remoteIdentityKey: <Buffer 05 1e 4e 52 77 8b 2c e3 ac 5a 99 fc fe bb 25 3e f1 8b 5d 12 5c 4f 4f 98 99 5b 0c 19 20 e3 93 81 15>
  }
}
Closing session: SessionEntry {
  _chains: {
    BSb3dIjoti4wgRpkB0RzyHSUKiCn8W0vVk7Bs2NPTlYw: { chainKey: [Object], chainType: 2, messageKeys: {} },
    'BbhEkrr9LNG/JahI6hVU8rN9JZszo8uRZU5XXMC587lH': { chainKey: [Object], chainType: 1, messageKeys: {} }
  },
  registrationId: 1654819784,
  currentRatchet: {
    ephemeralKeyPair: {
      pubKey: <Buffer 05 b8 44 92 ba fd 2c d1 bf 25 a8 48 ea 15 54 f2 b3 7d 25 9b 33 a3 cb 91 65 4e 57 5c c0 b9 f3 b9 47>,
      privKey: <Buffer 70 e9 58 74 73 4b 26 78 1d 1b e3 5a a5 2a 87 94 6e 92 49 38 3e f6 cf 56 0b c5 56 38 fd 0a 85 40>
    },
    lastRemoteEphemeralKey: <Buffer 05 26 f7 74 88 e8 b6 2e 30 81 1a 64 07 44 73 c8 74 94 2a 20 a7 f1 6d 2f 56 4e c1 b3 63 4f 4e 56 30>,
    previousCounter: 0,
    rootKey: <Buffer 38 a6 c8 a2 ed 01 57 8f 78 e1 94 82 89 3a fb aa da 9d 62 ac 89 cd e4 cd 50 25 ef 39 ad 4a c7 11>
  },
  indexInfo: {
    baseKey: <Buffer 05 b9 5a 43 14 89 4d d5 d9 eb 97 05 d4 1c 7b 92 be b4 47 56 61 28 ba d6 f8 00 b0 24 f8 77 45 be 1d>,
    baseKeyType: 2,
    closed: -1,
    used: 1791042109965,
    created: 1791042109965,
    remoteIdentityKey: <Buffer 05 1e 4e 52 77 8b 2c e3 ac 5a 99 fc fe bb 25 3e f1 8b 5d 12 5c 4f 4f 98 99 5b 0c 19 20 e3 93 81 15>
  }
}
Closing session: SessionEntry {
  _chains: {
    'BdyNFN1CrD2jgKn/fSVvJk1MuBr/faYNhkFRnJEJ+/Mx': { chainKey: [Object], chainType: 2, messageKeys: {} },
    'BUdNPbuYSsF5OfpD/V0qZ/nJaAWnmyKzK4KgujlVesgS': { chainKey: [Object], chainType: 1, messageKeys: {} }
  },
  registrationId: 1654819784,
  currentRatchet: {
    ephemeralKeyPair: {
      pubKey: <Buffer 05 47 4d 3d bb 98 4a c1 79 39 fa 43 fd 5d 2a 67 f9 c9 68 05 a7 9b 22 b3 2b 82 a0 ba 39 55 7a c8 12>,
      privKey: <Buffer 68 a5 fc 2a 9d 6e c0 b4 c0 b3 58 e8 ed d3 9c b2 64 ed a5 28 db a3 57 d7 3c 42 57 b8 55 79 29 6d>
    },
    lastRemoteEphemeralKey: <Buffer 05 dc 8d 14 dd 42 ac 3d a3 80 a9 ff 7d 25 6f 26 4d 4c b8 1a ff 7d a6 0d 86 41 51 9c 91 09 fb f3 31>,
    previousCounter: 0,
    rootKey: <Buffer c2 3d 73 4a e6 31 7f ba 6c 5c 19 87 96 27 b6 3e 12 74 7e 4a 6e 05 23 7a 58 6a aa cc 3e a9 6b aa>
  },
  indexInfo: {
    baseKey: <Buffer 05 77 6e fe 74 05 e6 4f ce 1c 41 46 b8 02 21 45 1c 00 d9 b5 9b bf 32 23 20 ed 2f 19 11 99 b6 2b 0a>,
    baseKeyType: 2,
    closed: -1,
    used: 1791042110357,
    created: 1791042110357,
    remoteIdentityKey: <Buffer 05 1e 4e 52 77 8b 2c e3 ac 5a 99 fc fe bb 25 3e f1 8b 5d 12 5c 4f 4f 98 99 5b 0c 19 20 e3 93 81 15>
  }
}
Closing session: SessionEntry {
  _chains: {
    'BTvqyNH2G/ZVLjq5RmhHAf4zoDCM3qI40SC1tgr4OcRR': { chainKey: [Object], chainType: 2, messageKeys: {} },
    'BXRossH46wFaXB0eljl5yXmE/RFGiZdLEM1P6Er7gFop': { chainKey: [Object], chainType: 1, messageKeys: {} }
  },
  registrationId: 1654819784,
  currentRatchet: {
    ephemeralKeyPair: {
      pubKey: <Buffer 05 74 68 b2 c1 f8 eb 01 5a 5c 1d 1e 96 39 79 c9 79 84 fd 11 46 89 97 4b 10 cd 4f e8 4a fb 80 5a 29>,
      privKey: <Buffer 80 58 f6 83 f0 a9 fa 34 77 c4 62 4a 9f df db 20 f1 db 25 5b 08 9c 59 ad 41 07 18 da 6d cf 0b 42>
    },
    lastRemoteEphemeralKey: <Buffer 05 3b ea c8 d1 f6 1b f6 55 2e 3a b9 46 68 47 01 fe 33 a0 30 8c de a2 38 d1 20 b5 b6 0a f8 39 c4 51>,
    previousCounter: 0,
    rootKey: <Buffer d2 ff 92 79 65 ee d6 b3 c6 e7 2a 97 e6 80 b4 b9 17 c8 f4 68 d9 16 0f e4 d8 18 a7 79 46 d6 93 e7>
  },
  indexInfo: {
    baseKey: <Buffer 05 f3 a9 f1 cb 58 aa 86 8a 88 e0 7e 4e 40 a7 9d ae 2e 02 bc 74 23 fa 01 28 8b 90 3a 06 58 e6 91 2d>,
    baseKeyType: 2,
    closed: -1,
    used: 1791042110676,
    created: 1791042110676,
    remoteIdentityKey: <Buffer 05 1e 4e 52 77 8b 2c e3 ac 5a 99 fc fe bb 25 3e f1 8b 5d 12 5c 4f 4f 98 99 5b 0c 19 20 e3 93 81 15>
  }
}
Closing session: SessionEntry {
  _chains: {
    BXl5P3wgSynGEJ00G0iNEXLSqqDCAsMLDZNVFMLIlaZb: { chainKey: [Object], chainType: 2, messageKeys: {} },
    'Bf3TPSoP9nzrinIRCEREEG+m8Tgrng2xwOokZ5s3YBQw': { chainKey: [Object], chainType: 1, messageKeys: {} }
  },
  registrationId: 1654819784,
  currentRatchet: {
    ephemeralKeyPair: {
      pubKey: <Buffer 05 fd d3 3d 2a 0f f6 7c eb 8a 72 11 08 44 44 10 6f a6 f1 38 2b 9e 0d b1 c0 ea 24 67 9b 37 60 14 30>,
      privKey: <Buffer 88 bd af d5 5d 9a df 48 f8 22 fa 31 96 be 8c 43 ed f6 92 e8 6d 4b 42 fe d5 2b 57 57 c7 00 5d 7c>
    },
    lastRemoteEphemeralKey: <Buffer 05 79 79 3f 7c 20 4b 29 c6 10 9d 34 1b 48 8d 11 72 d2 aa a0 c2 02 c3 0b 0d 93 55 14 c2 c8 95 a6 5b>,
    previousCounter: 0,
    rootKey: <Buffer e2 7d a5 76 70 5f c7 fa e6 ea 9a 67 a4 f2 c3 4f 59 6c ad 2c 71 5f 87 19 24 b2 9e 39 26 4e 01 ec>
  },
  indexInfo: {
    baseKey: <Buffer 05 c2 45 ee 87 ce 27 21 37 b2 0e 89 fa ff bd fa e8 4e fd db 45 b5 40 2a 91 1c 13 49 48 f3 76 6c 0e>,
    baseKeyType: 2,
    closed: -1,
    used: 1791042110926,
    created: 1791042110926,
    remoteIdentityKey: <Buffer 05 1e 4e 52 77 8b 2c e3 ac 5a 99 fc fe bb 25 3e f1 8b 5d 12 5c 4f 4f 98 99 5b 0c 19 20 e3 93 81 15>
  }
}
Closing session: SessionEntry {
  _chains: {
    'BSemeb3PuirAJOVmnEIULCzFCvOphbLTuua+eF/YleVq': { chainKey: [Object], chainType: 2, messageKeys: {} },
    'BbU/RYT7wzDvcyi/bvRAECxbIcfR+0Kc6AwijRRRtDMZ': { chainKey: [Object], chainType: 1, messageKeys: {} }
  },
  registrationId: 1654819784,
  currentRatchet: {
    ephemeralKeyPair: {
      pubKey: <Buffer 05 b5 3f 45 84 fb c3 30 ef 73 28 bf 6e f4 40 10 2c 5b 21 c7 d1 fb 42 9c e8 0c 22 8d 14 51 b4 33 19>,
      privKey: <Buffer d8 cd 8a 98 ae c4 f0 b3 bb f3 ff 30 2e 0e 5f 13 6e 48 be 58 c1 4c 13 37 74 55 fb 8b 63 52 94 58>
    },
    lastRemoteEphemeralKey: <Buffer 05 27 a6 79 bd cf ba 2a c0 24 e5 66 9c 42 14 2c 2c c5 0a f3 a9 85 b2 d3 ba e6 be 78 5f d8 95 e5 6a>,
    previousCounter: 0,
    rootKey: <Buffer de 08 60 9c 62 aa fe 75 e3 7c 4f 26 79 b9 56 17 51 94 0a f4 4a ae 37 75 b2 cb 1b 0b b5 c6 d9 a2>
  },
  indexInfo: {
    baseKey: <Buffer 05 79 ba 31 80 c7 32 5e ad 2f 60 87 de da 49 61 36 01 ac ec 5c 32 a2 68 30 bd 3b 84 de e4 c5 4c 5a>,
    baseKeyType: 2,
    closed: -1,
    used: 1791042111172,
    created: 1791042111172,
    remoteIdentityKey: <Buffer 05 1e 4e 52 77 8b 2c e3 ac 5a 99 fc fe bb 25 3e f1 8b 5d 12 5c 4f 4f 98 99 5b 0c 19 20 e3 93 81 15>
  }
}
Closing session: SessionEntry {
  _chains: {
    'BbcjBi/qCummmRDaZ3N1h8tPxzOgkl7vKvTYQ7N+9GJI': { chainKey: [Object], chainType: 2, messageKeys: {} },
    BVBiDKGbySMkmSfwEfbDCnP9nozUvuryQiJ1kcBdiXVu: { chainKey: [Object], chainType: 1, messageKeys: {} }
  },
  registrationId: 1654819784,
  currentRatchet: {
    ephemeralKeyPair: {
      pubKey: <Buffer 05 50 62 0c a1 9b c9 23 24 99 27 f0 11 f6 c3 0a 73 fd 9e 8c d4 be ea f2 42 22 75 91 c0 5d 89 75 6e>,
      privKey: <Buffer 88 55 25 d7 1e fc 4d 7f d2 03 ec ba db e6 b3 71 b4 f6 75 75 23 1a 59 9f 6b 04 89 74 d5 b9 ba 73>
    },
    lastRemoteEphemeralKey: <Buffer 05 b7 23 06 2f ea 0a e9 a6 99 10 da 67 73 75 87 cb 4f c7 33 a0 92 5e ef 2a f4 d8 43 b3 7e f4 62 48>,
    previousCounter: 0,
    rootKey: <Buffer e6 db ee 64 4c 27 67 3b 61 77 5f 72 59 1e 34 24 28 3d 41 fa 4d 60 53 99 cd 29 e8 9d a3 6b c9 aa>
  },
  indexInfo: {
    baseKey: <Buffer 05 d0 80 ba 19 87 10 8d ce 4d 14 92 bb 4a b2 65 6c 48 fe b7 94 24 97 17 ba 72 69 3c 83 0b 5c 4e 3a>,
    baseKeyType: 2,
    closed: -1,
    used: 1791042111567,
    created: 1791042111567,
    remoteIdentityKey: <Buffer 05 1e 4e 52 77 8b 2c e3 ac 5a 99 fc fe bb 25 3e f1 8b 5d 12 5c 4f 4f 98 99 5b 0c 19 20 e3 93 81 15>
  }
}
Closing session: SessionEntry {
  _chains: {
    'BQqZM/lRF8vEHeGEPmhRdKlOhtlV46/daOZL7V4iNIlA': { chainKey: [Object], chainType: 2, messageKeys: {} },
    'BVkCYFygTo/ASZ+0V2uOq/FR9EiOcfajZndpd9lqnCUb': { chainKey: [Object], chainType: 1, messageKeys: {} }
  },
  registrationId: 1654819784,
  currentRatchet: {
    ephemeralKeyPair: {
      pubKey: <Buffer 05 59 02 60 5c a0 4e 8f c0 49 9f b4 57 6b 8e ab f1 51 f4 48 8e 71 f6 a3 66 77 69 77 d9 6a 9c 25 1b>,
      privKey: <Buffer e0 d4 4d c3 5a db 3b fd fa 11 1a 7a 68 c8 65 bc 3d 2d a9 2a 25 f1 b4 dc 36 36 61 29 24 f1 26 56>
    },
    lastRemoteEphemeralKey: <Buffer 05 0a 99 33 f9 51 17 cb c4 1d e1 84 3e 68 51 74 a9 4e 86 d9 55 e3 af dd 68 e6 4b ed 5e 22 34 89 40>,
    previousCounter: 0,
    rootKey: <Buffer d4 5e 6d 21 72 bf 32 44 0f ba a3 b9 b0 48 be b4 64 91 4d 2e ca ee 95 e3 91 81 65 b2 36 90 93 b0>
  },
  indexInfo: {
    baseKey: <Buffer 05 6d 34 de 8a b5 e9 98 d1 4e 6e 3c 10 9d e5 28 74 5c 90 53 96 59 0e 12 00 6f 8c f2 da 86 81 0d 6a>,
    baseKeyType: 2,
    closed: -1,
    used: 1791042111871,
    created: 1791042111871,
    remoteIdentityKey: <Buffer 05 1e 4e 52 77 8b 2c e3 ac 5a 99 fc fe bb 25 3e f1 8b 5d 12 5c 4f 4f 98 99 5b 0c 19 20 e3 93 81 15>
  }
}
Closing session: SessionEntry {
  _chains: {
    'BaMrUcttsznEtFc0MDWAh5Tcu/KEepg/fRhP4CJ4a/0W': { chainKey: [Object], chainType: 2, messageKeys: {} },
    'BRkp/QiSoDTgJo+ZsAl+T5QxoqK1WHPkmkXWDohu8ZAA': { chainKey: [Object], chainType: 1, messageKeys: {} }
  },
  registrationId: 1654819784,
  currentRatchet: {
    ephemeralKeyPair: {
      pubKey: <Buffer 05 19 29 fd 08 92 a0 34 e0 26 8f 99 b0 09 7e 4f 94 31 a2 a2 b5 58 73 e4 9a 45 d6 0e 88 6e f1 90 00>,
      privKey: <Buffer f0 59 84 08 23 a9 f0 ee 45 a8 18 04 8f 52 3b 26 3e 73 58 e0 c5 c1 6c 38 bc d6 67 62 ec f7 c3 5d>
    },
    lastRemoteEphemeralKey: <Buffer 05 a3 2b 51 cb 6d b3 39 c4 b4 57 34 30 35 80 87 94 dc bb f2 84 7a 98 3f 7d 18 4f e0 22 78 6b fd 16>,
    previousCounter: 0,
    rootKey: <Buffer 2d 96 28 ec f1 48 e5 22 32 fb 26 a7 77 58 12 51 2e fa 38 b4 b8 0a cb d4 25 66 84 46 b1 f8 3d 8b>
  },
  indexInfo: {
    baseKey: <Buffer 05 8b 2d 74 9c 9c 8e 3d 9d 42 33 43 a7 f3 80 ac 27 49 b1 09 6b e7 15 02 85 3c fa d4 e9 40 2c 0a 34>,
    baseKeyType: 2,
    closed: -1,
    used: 1791042112153,
    created: 1791042112153,
    remoteIdentityKey: <Buffer 05 1e 4e 52 77 8b 2c e3 ac 5a 99 fc fe bb 25 3e f1 8b 5d 12 5c 4f 4f 98 99 5b 0c 19 20 e3 93 81 15>
  }
}
Closing session: SessionEntry {
  _chains: {
    'BW8pvCo2/jnQmvcy3d/07if4rAQHJE/yH/L1ahU2NlNb': { chainKey: [Object], chainType: 2, messageKeys: {} },
    BcT5fdM2FuQAhuByjzOgIQof9eWfMWY37SEYP37fixVY: { chainKey: [Object], chainType: 1, messageKeys: {} }
  },
  registrationId: 1654819784,
  currentRatchet: {
    ephemeralKeyPair: {
      pubKey: <Buffer 05 c4 f9 7d d3 36 16 e4 00 86 e0 72 8f 33 a0 21 0a 1f f5 e5 9f 31 66 37 ed 21 18 3f 7e df 8b 15 58>,
      privKey: <Buffer a0 dd 0f d2 cc 31 fe 76 1d ca 3d 5f 85 33 09 3c 35 38 71 f8 51 cf 04 95 e2 a5 d6 60 bd da d6 4f>
    },
    lastRemoteEphemeralKey: <Buffer 05 6f 29 bc 2a 36 fe 39 d0 9a f7 32 dd df f4 ee 27 f8 ac 04 07 24 4f f2 1f f2 f5 6a 15 36 36 53 5b>,
    previousCounter: 0,
    rootKey: <Buffer e2 a0 6d 14 40 ab f0 27 ac 59 1c f3 25 17 36 0b a6 1d 1e 90 14 80 a6 2c a2 e1 d3 5b b6 f0 93 45>
  },
  indexInfo: {
    baseKey: <Buffer 05 c7 27 53 9e 53 a1 b8 0a 2a 67 32 e7 cf 22 f4 00 85 0d 43 21 61 c2 18 2e d3 61 54 26 d3 89 7e 67>,
    baseKeyType: 2,
    closed: -1,
    used: 1791042112429,
    created: 1791042112429,
    remoteIdentityKey: <Buffer 05 1e 4e 52 77 8b 2c e3 ac 5a 99 fc fe bb 25 3e f1 8b 5d 12 5c 4f 4f 98 99 5b 0c 19 20 e3 93 81 15>
  }
}
Closing session: SessionEntry {
  _chains: {
    BWxDPLQrxNNm41uTnwNmeKy1BKDjiSOI0HqwbdV3AtUo: { chainKey: [Object], chainType: 2, messageKeys: {} },
    'BX+FgkLQKrXeH+CTI24T4XtqFxMTCVAQ5J+Tq1xcm8dK': { chainKey: [Object], chainType: 1, messageKeys: {} }
  },
  registrationId: 1654819784,
  currentRatchet: {
    ephemeralKeyPair: {
      pubKey: <Buffer 05 7f 85 82 42 d0 2a b5 de 1f e0 93 23 6e 13 e1 7b 6a 17 13 13 09 50 10 e4 9f 93 ab 5c 5c 9b c7 4a>,
      privKey: <Buffer 98 ff 7d 1a c2 39 4a 9d 9f 2b 69 36 da a4 5e 9d d0 ed d0 1d 7f d4 92 83 d3 bd 2f f7 c6 37 23 7e>
    },
    lastRemoteEphemeralKey: <Buffer 05 6c 43 3c b4 2b c4 d3 66 e3 5b 93 9f 03 66 78 ac b5 04 a0 e3 89 23 88 d0 7a b0 6d d5 77 02 d5 28>,
    previousCounter: 0,
    rootKey: <Buffer a6 88 1d 54 06 b1 2b b5 8d 01 d2 84 a2 91 ff 60 19 f7 77 3a c1 bd d3 b2 85 63 0d cf b6 5b 26 8e>
  },
  indexInfo: {
    baseKey: <Buffer 05 3b db 3a 69 27 3d 7e 55 45 18 f6 22 24 12 2b 4d 29 5e 4b 47 12 71 06 d5 28 9d ca 4c 19 41 56 2c>,
    baseKeyType: 2,
    closed: -1,
    used: 1791042112687,
    created: 1791042112687,
    remoteIdentityKey: <Buffer 05 1e 4e 52 77 8b 2c e3 ac 5a 99 fc fe bb 25 3e f1 8b 5d 12 5c 4f 4f 98 99 5b 0c 19 20 e3 93 81 15>
  }
}
Closing session: SessionEntry {
  _chains: {
    'BZ9iwzPF8QUP/vSbWoTIQnjNW8CnzIG3NiASqABKQY9U': { chainKey: [Object], chainType: 2, messageKeys: {} },
    'BSZ/+plMcm17BZ0FVLa/hEhJXqeGQT0tlGqcfIdpULd2': { chainKey: [Object], chainType: 1, messageKeys: {} }
  },
  registrationId: 1654819784,
  currentRatchet: {
    ephemeralKeyPair: {
      pubKey: <Buffer 05 26 7f fa 99 4c 72 6d 7b 05 9d 05 54 b6 bf 84 48 49 5e a7 86 41 3d 2d 94 6a 9c 7c 87 69 50 b7 76>,
      privKey: <Buffer 08 da d2 5d a5 a0 fb 48 fe eb fe 2d 52 06 8b 8a c4 79 5c 92 69 6a a4 71 94 a0 2c d0 7b c4 ac 5e>
    },
    lastRemoteEphemeralKey: <Buffer 05 9f 62 c3 33 c5 f1 05 0f fe f4 9b 5a 84 c8 42 78 cd 5b c0 a7 cc 81 b7 36 20 12 a8 00 4a 41 8f 54>,
    previousCounter: 0,
    rootKey: <Buffer 48 6a 12 5a a5 77 78 d1 b9 a5 d4 ea b1 91 19 cd 3e 2f 69 d9 1b 0b 69 22 c8 bc 20 49 60 a3 03 9c>
  },
  indexInfo: {
    baseKey: <Buffer 05 ff 82 54 02 f3 cb c2 62 6f 88 8c ef e4 a1 13 42 57 70 ba be 7a e5 e5 23 2a ab 7a 0f 4e ce 7b 69>,
    baseKeyType: 2,
    closed: -1,
    used: 1791042113158,
    created: 1791042113158,
    remoteIdentityKey: <Buffer 05 1e 4e 52 77 8b 2c e3 ac 5a 99 fc fe bb 25 3e f1 8b 5d 12 5c 4f 4f 98 99 5b 0c 19 20 e3 93 81 15>
  }
}
Closing session: SessionEntry {
  _chains: {
    'BZRZ/B/KuveILtJ64cwDj039YaCEz4xvL7cG79/0Xo5s': { chainKey: [Object], chainType: 2, messageKeys: {} },
    'BRK82dmWwVDFGLx5R7JH04JwkUO/RDFag9avUqOYpFtU': { chainKey: [Object], chainType: 1, messageKeys: {} }
  },
  registrationId: 1654819784,
  currentRatchet: {
    ephemeralKeyPair: {
      pubKey: <Buffer 05 12 bc d9 d9 96 c1 50 c5 18 bc 79 47 b2 47 d3 82 70 91 43 bf 44 31 5a 83 d6 af 52 a3 98 a4 5b 54>,
      privKey: <Buffer 38 9b ef 6a b1 8d ba a5 72 7a 3f a0 be 79 12 b2 78 ca d3 d2 c1 11 74 93 63 44 84 a5 a3 3f 8e 7a>
    },
    lastRemoteEphemeralKey: <Buffer 05 94 59 fc 1f ca ba f7 88 2e d2 7a e1 cc 03 8f 4d fd 61 a0 84 cf 8c 6f 2f b7 06 ef df f4 5e 8e 6c>,
    previousCounter: 0,
    rootKey: <Buffer 91 06 b4 22 ba 36 12 79 0b d2 57 5c 30 2c 67 6a ce e1 e5 89 39 a8 f4 04 82 22 fd 5d a4 1e 6a 3f>
  },
  indexInfo: {
    baseKey: <Buffer 05 73 fa 3f 76 1e 26 9a 94 19 02 d6 69 79 5e 0f 3f 06 4d be 88 68 1e 61 5b 53 86 22 a8 af 9b 06 66>,
    baseKeyType: 2,
    closed: -1,
    used: 1791042113632,
    created: 1791042113632,
    remoteIdentityKey: <Buffer 05 1e 4e 52 77 8b 2c e3 ac 5a 99 fc fe bb 25 3e f1 8b 5d 12 5c 4f 4f 98 99 5b 0c 19 20 e3 93 81 15>
  }
}
Closing session: SessionEntry {
  _chains: {
    'Bciy1Uz0pvVqgzBXOOisG+JTyKuwiERsR7uF7oTilv4E': { chainKey: [Object], chainType: 2, messageKeys: {} },
    'BV4FNw3kMcss5d8Qgw77PV1fA9Jei2A6RmMujYG+4MxA': { chainKey: [Object], chainType: 1, messageKeys: {} }
  },
  registrationId: 1654819784,
  currentRatchet: {
    ephemeralKeyPair: {
      pubKey: <Buffer 05 5e 05 37 0d e4 31 cb 2c e5 df 10 83 0e fb 3d 5d 5f 03 d2 5e 8b 60 3a 46 63 2e 8d 81 be e0 cc 40>,
      privKey: <Buffer e8 a8 bc e6 c1 c1 75 ce 54 3e 1e 84 31 bb 25 75 77 2b 1a 18 94 63 50 41 fa 85 e3 d7 d5 09 3d 54>
    },
    lastRemoteEphemeralKey: <Buffer 05 c8 b2 d5 4c f4 a6 f5 6a 83 30 57 38 e8 ac 1b e2 53 c8 ab b0 88 44 6c 47 bb 85 ee 84 e2 96 fe 04>,
    previousCounter: 0,
    rootKey: <Buffer 42 d1 c7 b5 68 3d 1b 54 fd 26 db 34 25 ea 82 aa ce 42 9f 30 a1 e8 13 28 b1 fa 6d 09 68 3b 42 57>
  },
  indexInfo: {
    baseKey: <Buffer 05 ee 1b 6a 2d be 2a a7 4c d2 cc 6f c1 e3 40 3b 09 03 65 46 18 84 77 b2 7e 84 94 c9 6e 98 97 87 5a>,
    baseKeyType: 2,
    closed: -1,
    used: 1791042113920,
    created: 1791042113920,
    remoteIdentityKey: <Buffer 05 1e 4e 52 77 8b 2c e3 ac 5a 99 fc fe bb 25 3e f1 8b 5d 12 5c 4f 4f 98 99 5b 0c 19 20 e3 93 81 15>
  }
}
Closing session: SessionEntry {
  _chains: {
    'BWKaLP7X40NeA20nwY1F+hzhn0G1pt9ncRLV0QquCrYe': { chainKey: [Object], chainType: 2, messageKeys: {} },
    'BSPoOHnuzof6T/F5LGnzBkEy5a443AvKZJHgh81k8yMB': { chainKey: [Object], chainType: 1, messageKeys: {} }
  },
  registrationId: 1654819784,
  currentRatchet: {
    ephemeralKeyPair: {
      pubKey: <Buffer 05 23 e8 38 79 ee ce 87 fa 4f f1 79 2c 69 f3 06 41 32 e5 ae 38 dc 0b ca 64 91 e0 87 cd 64 f3 23 01>,
      privKey: <Buffer 40 40 bf 91 55 d8 51 6b 68 43 da 94 7e 7b 6d b3 90 66 d9 33 15 8f 60 82 77 a7 31 9c 3d 3e ba 57>
    },
    lastRemoteEphemeralKey: <Buffer 05 62 9a 2c fe d7 e3 43 5e 03 6d 27 c1 8d 45 fa 1c e1 9f 41 b5 a6 df 67 71 12 d5 d1 0a ae 0a b6 1e>,
    previousCounter: 0,
    rootKey: <Buffer 5b 3e 74 6c 42 d9 0a df ad f5 88 4d b9 1f 84 71 54 e3 ea c8 8d bf 51 1f 49 6c 14 dc 38 63 5d f2>
  },
  indexInfo: {
    baseKey: <Buffer 05 17 7b 1f 2b 28 7a da cb 5c 2e 64 a5 c9 b9 63 98 31 14 a4 23 ca f7 36 15 5f 38 3e 24 3f 59 d6 45>,
    baseKeyType: 2,
    closed: -1,
    used: 1791042114182,
    created: 1791042114182,
    remoteIdentityKey: <Buffer 05 1e 4e 52 77 8b 2c e3 ac 5a 99 fc fe bb 25 3e f1 8b 5d 12 5c 4f 4f 98 99 5b 0c 19 20 e3 93 81 15>
  }
}
Closing session: SessionEntry {
  _chains: {
    'BRiOHA+ibsDebzYuaAgbZefaec1/QnYE0V9TuMpIOyQQ': { chainKey: [Object], chainType: 2, messageKeys: {} },
    BUw6T88LVwidfx0qhR70FSbiuvrrqdRnVja9Isd2RSs1: { chainKey: [Object], chainType: 1, messageKeys: {} }
  },
  registrationId: 1654819784,
  currentRatchet: {
    ephemeralKeyPair: {
      pubKey: <Buffer 05 4c 3a 4f cf 0b 57 08 9d 7f 1d 2a 85 1e f4 15 26 e2 ba fa eb a9 d4 67 56 36 bd 22 c7 76 45 2b 35>,
      privKey: <Buffer c0 41 cb 42 4d f0 4c 89 40 fd 18 a2 55 ec c2 e7 0c 8d 0b 9a a7 0a be c4 53 82 c8 c3 1a d0 ea 79>
    },
    lastRemoteEphemeralKey: <Buffer 05 18 8e 1c 0f a2 6e c0 de 6f 36 2e 68 08 1b 65 e7 da 79 cd 7f 42 76 04 d1 5f 53 b8 ca 48 3b 24 10>,
    previousCounter: 0,
    rootKey: <Buffer 58 22 2a 25 7a 8f f0 c1 42 12 cc 54 31 77 c0 b8 a1 d8 af eb fb 7d 1a 68 3f 71 36 7e ad 35 c7 ff>
  },
  indexInfo: {
    baseKey: <Buffer 05 06 05 c1 56 19 87 33 84 53 2a 24 bf 69 a3 68 f8 00 17 3f 07 7e 88 68 53 46 41 70 b6 d0 f0 18 4f>,
    baseKeyType: 2,
    closed: -1,
    used: 1791042114474,
    created: 1791042114474,
    remoteIdentityKey: <Buffer 05 1e 4e 52 77 8b 2c e3 ac 5a 99 fc fe bb 25 3e f1 8b 5d 12 5c 4f 4f 98 99 5b 0c 19 20 e3 93 81 15>
  }
}
✅ BOT KENSHO MART BERHASIL TERHUBUNG!
✅ BOT KENSHO MART BERHASIL TERHUBUNG!
✅ BOT KENSHO MART BERHASIL TERHUBUNG!
✅ BOT KENSHO MART BERHASIL TERHUBUNG!
✅ BOT KENSHO MART BERHASIL TERHUBUNG!
✅ BOT KENSHO MART BERHASIL TERHUBUNG!
✅ BOT KENSHO MART BERHASIL TERHUBUNG!
✅ BOT KENSHO MART BERHASIL TERHUBUNG!
✅ BOT KENSHO MART BERHASIL TERHUBUNG!
✅ BOT KENSHO MART BERHASIL TERHUBUNG!
📩 Pesan dari status@broadcast: ""
✅ BOT KENSHO MART BERHASIL TERHUBUNG!
✅ BOT KENSHO MART BERHASIL TERHUBUNG!
✅ BOT KENSHO MART BERHASIL TERHUBUNG!
✅ BOT KENSHO MART BERHASIL TERHUBUNG!
✅ BOT KENSHO MART BERHASIL TERHUBUNG!
✅ BOT KENSHO MART BERHASIL TERHUBUNG!
✅ BOT KENSHO MART BERHASIL TERHUBUNG!
✅ BOT KENSHO MART BERHASIL TERHUBUNG!
✅ BOT KENSHO MART BERHASIL TERHUBUNG!
📩 Pesan dari status@broadcast: ""
📩 Pesan dari status@broadcast: ""
📩 Pesan dari status@broadcast: ""
📩 Pesan dari 143825720864802@lid: ""
✅ BOT KENSHO MART BERHASIL TERHUBUNG!
📩 Pesan dari status@broadcast: ""
📩 Pesan dari 143825720864802@lid: "wkwk"
📩 Pesan dari 143825720864802@lid: ""
📩 Pesan dari 143825720864802@lid: ""
📩 Pesan dari 143825720864802@lid: ""
📩 Pesan dari 143825720864802@lid: ""
📩 Pesan dari 143825720864802@lid: ""
📩 Pesan dari 143825720864802@lid: ""
📩 Pesan dari 143825720864802@lid: ""
📩 Pesan dari 143825720864802@lid: ""
📩 Pesan dari 143825720864802@lid: ""
📩 Pesan dari 143825720864802@lid: ""
📩 Pesan dari 143825720864802@lid: ""
📩 Pesan dari status@broadcast: ""
✅ BOT KENSHO MART BERHASIL TERHUBUNG!
Closing session: SessionEntry {
  _chains: {
    BfmADIunjmgo3dMXlt6JK05xN3CNw8rYNZGgpMcFI3l8: { chainKey: [Object], chainType: 2, messageKeys: [Object] },
    'BVmkhjzsqg2pOz3ST6pMk/pxFZmV/jVZf1jsUiJb9A5t': { chainKey: [Object], chainType: 2, messageKeys: {} },
    'BdP/LqK53cEZtWvskAXHiYGk1R57Qjvk1eoM+SJGl0wQ': { chainKey: [Object], chainType: 1, messageKeys: {} }
  },
  registrationId: 1654819784,
  currentRatchet: {
    ephemeralKeyPair: {
      pubKey: <Buffer 05 d3 ff 2e a2 b9 dd c1 19 b5 6b ec 90 05 c7 89 81 a4 d5 1e 7b 42 3b e4 d5 ea 0c f9 22 46 97 4c 10>,
      privKey: <Buffer e0 bd 1f ca f7 ba 89 6a e3 51 53 c3 0f f1 71 7f f2 59 5f 60 b7 d8 ab d4 46 b8 5d f0 32 37 18 44>
    },
    lastRemoteEphemeralKey: <Buffer 05 59 a4 86 3c ec aa 0d a9 3b 3d d2 4f aa 4c 93 fa 71 15 99 95 fe 35 59 7f 58 ec 52 22 5b f4 0e 6d>,
    previousCounter: 0,
    rootKey: <Buffer 60 cf e9 3e 24 40 86 4f df 36 76 28 f8 8e 0e 45 4b 09 fc 81 86 d7 60 59 3a 27 37 7f 2e 61 ea c0>
  },
  indexInfo: {
    baseKey: <Buffer 05 16 12 2c b4 07 7b 4b 52 d4 34 00 09 2f 23 8c 49 a4 63 55 50 78 4a b0 51 4c be 67 fa 64 8f 6e 20>,
    baseKeyType: 2,
    closed: -1,
    used: 1791080275428,
    created: 1791042114787,
    remoteIdentityKey: <Buffer 05 1e 4e 52 77 8b 2c e3 ac 5a 99 fc fe bb 25 3e f1 8b 5d 12 5c 4f 4f 98 99 5b 0c 19 20 e3 93 81 15>
  }
}
Closing session: SessionEntry {
  _chains: {
    'Bexnn4OdgB0HgoZ62B0EvK4G8+2dzgQMIsTTtJoRxMcK': { chainKey: [Object], chainType: 2, messageKeys: {} },
    'BcdKhOyzIVWEQbcVD3CoRLywGFd3yPnDzx4CIa+KaZ0P': { chainKey: [Object], chainType: 1, messageKeys: {} }
  },
  registrationId: 1654819784,
  currentRatchet: {
    ephemeralKeyPair: {
      pubKey: <Buffer 05 c7 4a 84 ec b3 21 55 84 41 b7 15 0f 70 a8 44 bc b0 18 57 77 c8 f9 c3 cf 1e 02 21 af 8a 69 9d 0f>,
      privKey: <Buffer e0 0c d9 36 98 c3 e1 cc 8f 6a 2b 13 54 51 c8 10 3e 41 2c 19 5b 13 db 77 fd ad fb 14 72 1e 77 6c>
    },
    lastRemoteEphemeralKey: <Buffer 05 ec 67 9f 83 9d 80 1d 07 82 86 7a d8 1d 04 bc ae 06 f3 ed 9d ce 04 0c 22 c4 d3 b4 9a 11 c4 c7 0a>,
    previousCounter: 0,
    rootKey: <Buffer 29 5c 00 65 01 7f 5c a2 00 40 a5 04 b2 80 c4 58 db 37 c1 99 f0 8c 2c 36 34 65 79 4e 2c 49 1e 85>
  },
  indexInfo: {
    baseKey: <Buffer 05 61 4c 7f 4b 2e 9e 0d 19 59 ca 68 13 aa 2d e5 f5 2d 39 bb c8 0e 6e 46 60 48 06 0e fd 57 bc 14 17>,
    baseKeyType: 2,
    closed: -1,
    used: 1791081174299,
    created: 1791081174299,
    remoteIdentityKey: <Buffer 05 1e 4e 52 77 8b 2c e3 ac 5a 99 fc fe bb 25 3e f1 8b 5d 12 5c 4f 4f 98 99 5b 0c 19 20 e3 93 81 15>
  }
}
Closing session: SessionEntry {
  _chains: {
    BaE49iUafXbmRX4FnmzS542wvKrdp4rfGAs5KwgMLH9i: { chainKey: [Object], chainType: 2, messageKeys: {} },
    'BQxGSIB9kimiBs8Y72zHWqbPS1oPKHfYkKV4/EUwEX9+': { chainKey: [Object], chainType: 1, messageKeys: {} }
  },
  registrationId: 1654819784,
  currentRatchet: {
    ephemeralKeyPair: {
      pubKey: <Buffer 05 0c 46 48 80 7d 92 29 a2 06 cf 18 ef 6c c7 5a a6 cf 4b 5a 0f 28 77 d8 90 a5 78 fc 45 30 11 7f 7e>,
      privKey: <Buffer a0 96 e4 52 6e 62 01 d5 59 9f e0 08 d9 d9 3e 50 dd 93 c6 81 6c 02 dd 6c 3e 92 5a 6f 30 01 75 6f>
    },
    lastRemoteEphemeralKey: <Buffer 05 a1 38 f6 25 1a 7d 76 e6 45 7e 05 9e 6c d2 e7 8d b0 bc aa dd a7 8a df 18 0b 39 2b 08 0c 2c 7f 62>,
    previousCounter: 0,
    rootKey: <Buffer a6 16 a9 a7 f8 59 7d 0d 40 6f 2f a9 f4 1e 1f 62 89 b3 de 5a 9c 3e 88 9d eb 86 81 0b 4a 2e a8 30>
  },
  indexInfo: {
    baseKey: <Buffer 05 51 7e 7f 2a 4f da 05 24 39 7c 1b 1b eb 18 fe 23 f8 81 fd 83 5b 2b 32 48 51 73 f1 ae 66 f0 bb 50>,
    baseKeyType: 2,
    closed: -1,
    used: 1791081174642,
    created: 1791081174642,
    remoteIdentityKey: <Buffer 05 1e 4e 52 77 8b 2c e3 ac 5a 99 fc fe bb 25 3e f1 8b 5d 12 5c 4f 4f 98 99 5b 0c 19 20 e3 93 81 15>
  }
}
📩 Pesan dari status@broadcast: ""
📩 Pesan dari status@broadcast: ""
📩 Pesan dari status@broadcast: ""
📩 Pesan dari status@broadcast: ""
📩 Pesan dari status@broadcast: ""
📩 Pesan dari status@broadcast: ""
📩 Pesan dari status@broadcast: ""
✅ BOT KENSHO MART BERHASIL TERHUBUNG!
✅ BOT KENSHO MART BERHASIL TERHUBUNG!
✅ BOT KENSHO MART BERHASIL TERHUBUNG!
✅ BOT KENSHO MART BERHASIL TERHUBUNG!
✅ BOT KENSHO MART BERHASIL TERHUBUNG!
✅ BOT KENSHO MART BERHASIL TERHUBUNG!
✅ BOT KENSHO MART BERHASIL TERHUBUNG!
✅ BOT KENSHO MART BERHASIL TERHUBUNG!
✅ BOT KENSHO MART BERHASIL TERHUBUNG!
✅ BOT KENSHO MART BERHASIL TERHUBUNG!
✅ BOT KENSHO MART BERHASIL TERHUBUNG!
✅ BOT KENSHO MART BERHASIL TERHUBUNG!
✅ BOT KENSHO MART BERHASIL TERHUBUNG!
📩 Pesan dari 85676041191642@lid: "p"
📩 Pesan dari 85676041191642@lid: "5"
📩 Pesan dari 85676041191642@lid: "menu"
📩 Pesan dari 85676041191642@lid: "3"
✅ BOT KENSHO MART BERHASIL TERHUBUNG!
📩 Pesan dari 85676041191642@lid: "menu"
📩 Pesan dari 85676041191642@lid: "1"
✅ BOT KENSHO MART BERHASIL TERHUBUNG!
✅ BOT KENSHO MART BERHASIL TERHUBUNG!
✅ BOT KENSHO MART BERHASIL TERHUBUNG!
✅ BOT KENSHO MART BERHASIL TERHUBUNG!
📩 Pesan dari 85676041191642@lid: "."
📩 Pesan dari 85676041191642@lid: "4"
✅ BOT KENSHO MART BERHASIL TERHUBUNG!

✅ BOT KENSHO MART BERHASIL TERHUBUNG SEPENUHNYA!

📩 Pesan dari 218395647725649@lid: "p"
📩 Pesan dari 218395647725649@lid: "9"
📩 Pesan dari 218395647725649@lid: "0"
📩 Pesan dari 218395647725649@lid: "4"
📩 Pesan dari 218395647725649@lid: "0"
📩 Pesan dari 218395647725649@lid: "8"
📩 Pesan dari 218395647725649@lid: "0"
📩 Pesan dari 218395647725649@lid: "1"
📩 Pesan dari 218395647725649@lid: "11"
📩 Pesan dari 218395647725649@lid: "115"
📩 Pesan dari 218395647725649@lid: "114"

✅ BOT KENSHO MART BERHASIL TERHUBUNG SEPENUHNYA!

📩 Pesan dari 218395647725649@lid: "p"
📩 Pesan dari 218395647725649@lid: "4"
📩 Pesan dari 218395647725649@lid: "45"

✅ BOT KENSHO MART BERHASIL TERHUBUNG SEPENUHNYA!

📩 Pesan dari 84946165198966@lid: "p"
📩 Pesan dari 84946165198966@lid: ""
📩 Pesan dari 84946165198966@lid: "4"
📩 Pesan dari 84946165198966@lid: ""
📩 Pesan dari 84946165198966@lid: "order bang"
📩 Pesan dari 84946165198966@lid: "41"
📩 Pesan dari 84946165198966@lid: ""
📩 Pesan dari 84946165198966@lid: "2x"
📩 Pesan dari 84946165198966@lid: "3x"
📩 Pesan dari 84946165198966@lid: "4x"
📩 Pesan dari 84946165198966@lid: "5x"

✅ BOT KENSHO MART BERHASIL TERHUBUNG SEPENUHNYA!


✅ BOT KENSHO MART BERHASIL TERHUBUNG SEPENUHNYA!

📩 Pesan dari 218395647725649@lid: "p"
📩 Pesan dari 218395647725649@lid: "1"
📩 Pesan dari 218395647725649@lid: "p"

✅ BOT KENSHO MART BERHASIL TERHUBUNG SEPENUHNYA!

📩 Pesan dari 218395647725649@lid: "1"
📩 Pesan dari 218395647725649@lid: "0"
📩 Pesan dari 218395647725649@lid: "4"
⚠️ Koneksi terputus. Menghubungkan kembali...

✅ BOT KENSHO MART BERHASIL TERHUBUNG SEPENUHNYA!

📩 Pesan dari 218395647725649@lid: "0"
📩 Pesan dari 218395647725649@lid: "3"
📩 Pesan dari status@broadcast: ""
📩 Pesan dari status@broadcast: ""
📩 Pesan dari 165107552252138@lid: "gimnaaa kamuu sekarangg?"
Closing session: SessionEntry {
  _chains: {
    'BVy+LeZTVqfPa9RcMY2iMV9GUbq2j7vNaHn03flAaMd0': { chainKey: [Object], chainType: 2, messageKeys: {} },
    'Beron5vQF+fa8DdcHaQ0RsqhqtEZ7j3a1YE72V8jvVFT': { chainKey: [Object], chainType: 2, messageKeys: {} },
    'BWRb3/I7AxTPJ/qwhCrLlPM6Nap2FG/rWvli90SluJNa': { chainKey: [Object], chainType: 1, messageKeys: {} }
  },
  registrationId: 696180770,
  currentRatchet: {
    ephemeralKeyPair: {
      pubKey: <Buffer 05 64 5b df f2 3b 03 14 cf 27 fa b0 84 2a cb 94 f3 3a 35 aa 76 14 6f eb 5a f9 62 f7 44 a5 b8 93 5a>,
      privKey: <Buffer f0 dd 62 9d b6 56 d9 c6 17 a3 e4 44 df 86 4d cc 01 ba 2a 74 50 f8 14 e5 bf 42 03 39 bb 1e 25 42>
    },
    lastRemoteEphemeralKey: <Buffer 05 ea e8 9f 9b d0 17 e7 da f0 37 5c 1d a4 34 46 ca a1 aa d1 19 ee 3d da d5 81 3b d9 5f 23 bd 51 53>,
    previousCounter: 1,
    rootKey: <Buffer fd b7 ad 5d 33 60 d7 95 9b 38 be 4e 3d a3 97 6f e0 cb d4 55 d9 ba 7a 9f e9 2d a8 1b 91 aa ca 13>
  },
  indexInfo: {
    baseKey: <Buffer 05 c8 74 7d 16 f7 ef 94 72 2f 5a 93 58 33 bb 0a 51 15 77 38 b5 92 c1 97 75 71 2d 9f c0 7b 54 74 5f>,
    baseKeyType: 2,
    closed: -1,
    used: 1791092698978,
    created: 1791092694069,
    remoteIdentityKey: <Buffer 05 3a 55 84 47 39 c0 38 94 bb eb ee 22 28 90 6f 28 2d a4 1e 12 1e c5 b8 4f f7 4e 8b 1f 71 5c cd 27>
  }
}
Closing session: SessionEntry {
  _chains: {
    'BTtIXdbb0S5QbQITjrHHX/xMrBbt3T06T+kmXfKVctNW': { chainKey: [Object], chainType: 2, messageKeys: {} },
    BYX6qpsQkouhilwA0B10ekIZxTxWvOaI1DG8hsLcGoFd: { chainKey: [Object], chainType: 1, messageKeys: {} }
  },
  registrationId: 696180770,
  currentRatchet: {
    ephemeralKeyPair: {
      pubKey: <Buffer 05 85 fa aa 9b 10 92 8b a1 8a 5c 00 d0 1d 74 7a 42 19 c5 3c 56 bc e6 88 d4 31 bc 86 c2 dc 1a 81 5d>,
      privKey: <Buffer 50 11 00 99 4f b0 96 09 0c 79 4b ea a4 45 de c5 2b c4 a5 47 dd 28 6a 3c 46 d1 a3 e1 1f 4e a1 6d>
    },
    lastRemoteEphemeralKey: <Buffer 05 3b 48 5d d6 db d1 2e 50 6d 02 13 8e b1 c7 5f fc 4c ac 16 ed dd 3d 3a 4f e9 26 5d f2 95 72 d3 56>,
    previousCounter: 0,
    rootKey: <Buffer 10 d3 3f 94 86 00 33 f2 fd 36 b5 54 38 e0 9a 7a b7 4f 2c 2c 36 61 e3 9f 59 0e 24 b8 f5 97 73 87>
  },
  indexInfo: {
    baseKey: <Buffer 05 0f 65 72 7c 8b 45 22 52 31 e7 d6 53 dd 44 19 1e bb 08 1c d1 ef c9 56 97 7d a4 91 e4 72 c1 28 69>,
    baseKeyType: 2,
    closed: -1,
    used: 1791095156310,
    created: 1791095156310,
    remoteIdentityKey: <Buffer 05 3a 55 84 47 39 c0 38 94 bb eb ee 22 28 90 6f 28 2d a4 1e 12 1e c5 b8 4f f7 4e 8b 1f 71 5c cd 27>
  }
}
Closing session: SessionEntry {
  _chains: {
    'BdAVpxqXmjkq7Vf3VfnqVw4+SE4aPu4F3EGoTVU4aEYT': { chainKey: [Object], chainType: 1, messageKeys: {} }
  },
  registrationId: 696180770,
  currentRatchet: {
    ephemeralKeyPair: {
      pubKey: <Buffer 05 d0 15 a7 1a 97 9a 39 2a ed 57 f7 55 f9 ea 57 0e 3e 48 4e 1a 3e ee 05 dc 41 a8 4d 55 38 68 46 13>,
      privKey: <Buffer 00 33 d2 86 45 22 7c c5 9a e2 91 2f 6f 7e 49 2a 24 9e 59 1b a3 65 bd bf 93 ae 54 f3 51 1f 58 4e>
    },
    lastRemoteEphemeralKey: <Buffer 05 97 52 90 47 b7 16 a2 db 3c 51 74 ff 67 32 0f c8 0e 7d b9 3c 55 aa 97 d6 d9 6a 08 2e c6 de a3 06>,
    previousCounter: 0,
    rootKey: <Buffer 27 98 a5 97 67 03 b5 37 48 d3 82 b8 71 17 33 7e 30 e7 f5 8f e5 6f 08 3e 31 86 96 e9 c9 94 6a f6>
  },
  indexInfo: {
    baseKey: <Buffer 05 5a 3c be 24 3f 52 fb 08 c5 b4 02 61 d5 3d ba 75 09 68 ef 50 8b 9f 7a df 33 23 f6 61 59 21 cc 03>,
    baseKeyType: 1,
    closed: -1,
    used: 1791095162273,
    created: 1791095162273,
    remoteIdentityKey: <Buffer 05 3a 55 84 47 39 c0 38 94 bb eb ee 22 28 90 6f 28 2d a4 1e 12 1e c5 b8 4f f7 4e 8b 1f 71 5c cd 27>
  },
  pendingPreKey: {
    signedKeyId: 4106625,
    baseKey: <Buffer 05 5a 3c be 24 3f 52 fb 08 c5 b4 02 61 d5 3d ba 75 09 68 ef 50 8b 9f 7a df 33 23 f6 61 59 21 cc 03>,
    preKeyId: 10009574
  }
}
📩 Pesan dari 165107552252138@lid: "masiii sakitt?"
📩 Pesan dari status@broadcast: ""
📩 Pesan dari status@broadcast: ""
📩 Pesan dari status@broadcast: ""
📩 Pesan dari 165107552252138@lid: "boboo jamm berapaa semalemm"
📩 Pesan dari 165107552252138@lid: "ohhhiyaaiyaaa"
⚠️ Koneksi terputus. Menghubungkan kembali...

✅ BOT KENSHO MART BERHASIL TERHUBUNG SEPENUHNYA!

⚠️ Koneksi terputus. Menghubungkan kembali...

✅ BOT KENSHO MART BERHASIL TERHUBUNG SEPENUHNYA!

⚠️ Koneksi terputus. Menghubungkan kembali...

✅ BOT KENSHO MART BERHASIL TERHUBUNG SEPENUHNYA!

📩 Pesan dari 165107552252138@lid: "ngapainnn"
📩 Pesan dari 165107552252138@lid: "always"
📩 Pesan dari status@broadcast: ""
📩 Pesan dari 165107552252138@lid: "ohhh iyaaiyaaa"
📩 Pesan dari 165107552252138@lid: "pastiii akuu support kamuuu teruss apapunn ituu prosess kamuu akuu temeninn and support"
📩 Pesan dari 165107552252138@lid: "bawaa jass ujannn takutt ujannn udaa gelapp"
⚠️ Koneksi terputus. Menghubungkan kembali...
⚠️ Koneksi terputus. Menghubungkan kembali...
⚠️ Koneksi terputus. Menghubungkan kembali...
⚠️ Koneksi terputus. Menghubungkan kembali...
⚠️ Koneksi terputus. Menghubungkan kembali...
⚠️ Koneksi terputus. Menghubungkan kembali...
⚠️ Koneksi terputus. Menghubungkan kembali...
⚠️ Koneksi terputus. Menghubungkan kembali...
⚠️ Koneksi terputus. Menghubungkan kembali...
⚠️ Koneksi terputus. Menghubungkan kembali...
⚠️ Koneksi terputus. Menghubungkan kembali...
⚠️ Koneksi terputus. Menghubungkan kembali...
⚠️ Koneksi terputus. Menghubungkan kembali...
⚠️ Koneksi terputus. Menghubungkan kembali...
⚠️ Koneksi terputus. Menghubungkan kembali...
⚠️ Koneksi terputus. Menghubungkan kembali...
⚠️ Koneksi terputus. Menghubungkan kembali...
⚠️ Koneksi terputus. Menghubungkan kembali...
⚠️ Koneksi terputus. Menghubungkan kembali...
⚠️ Koneksi terputus. Menghubungkan kembali...
⚠️ Koneksi terputus. Menghubungkan kembali...
⚠️ Koneksi terputus. Menghubungkan kembali...
⚠️ Koneksi terputus. Menghubungkan kembali...
⚠️ Koneksi terputus. Menghubungkan kembali...
⚠️ Koneksi terputus. Menghubungkan kembali...
⚠️ Koneksi terputus. Menghubungkan kembali...
⚠️ Koneksi terputus. Menghubungkan kembali...
⚠️ Koneksi terputus. Menghubungkan kembali...
⚠️ Koneksi terputus. Menghubungkan kembali...
⚠️ Koneksi terputus. Menghubungkan kembali...
⚠️ Koneksi terputus. Menghubungkan kembali...
⚠️ Koneksi terputus. Menghubungkan kembali...
⚠️ Koneksi terputus. Menghubungkan kembali...
⚠️ Koneksi terputus. Menghubungkan kembali...
⚠️ Koneksi terputus. Menghubungkan kembali...
⚠️ Koneksi terputus. Menghubungkan kembali...
⚠️ Koneksi terputus. Menghubungkan kembali...
⚠️ Koneksi terputus. Menghubungkan kembali...
⚠️ Koneksi terputus. Menghubungkan kembali...
⚠️ Koneksi terputus. Menghubungkan kembali...
⚠️ Koneksi terputus. Menghubungkan kembali...
⚠️ Koneksi terputus. Menghubungkan kembali...
⚠️ Koneksi terputus. Menghubungkan kembali...
⚠️ Koneksi terputus. Menghubungkan kembali...
⚠️ Koneksi terputus. Menghubungkan kembali...
⚠️ Koneksi terputus. Menghubungkan kembali...
⚠️ Koneksi terputus. Menghubungkan kembali...
⚠️ Koneksi terputus. Menghubungkan kembali...
⚠️ Koneksi terputus. Menghubungkan kembali...
⚠️ Koneksi terputus. Menghubungkan kembali...
⚠️ Koneksi terputus. Menghubungkan kembali...
⚠️ Koneksi terputus. Menghubungkan kembali...
⚠️ Koneksi terputus. Menghubungkan kembali...
⚠️ Koneksi terputus. Menghubungkan kembali...
⚠️ Koneksi terputus. Menghubungkan kembali...
⚠️ Koneksi terputus. Menghubungkan kembali...
⚠️ Koneksi terputus. Menghubungkan kembali...
⚠️ Koneksi terputus. Menghubungkan kembali...
⚠️ Koneksi terputus. Menghubungkan kembali...
⚠️ Koneksi terputus. Menghubungkan kembali...
⚠️ Koneksi terputus. Menghubungkan kembali...
⚠️ Koneksi terputus. Menghubungkan kembali...
⚠️ Koneksi terputus. Menghubungkan kembali...
⚠️ Koneksi terputus. Menghubungkan kembali...
⚠️ Koneksi terputus. Menghubungkan kembali...
⚠️ Koneksi terputus. Menghubungkan kembali...
⚠️ Koneksi terputus. Menghubungkan kembali...
⚠️ Koneksi terputus. Menghubungkan kembali...
⚠️ Koneksi terputus. Menghubungkan kembali...
⚠️ Koneksi terputus. Menghubungkan kembali...
⚠️ Koneksi terputus. Menghubungkan kembali...
⚠️ Koneksi terputus. Menghubungkan kembali...
⚠️ Koneksi terputus. Menghubungkan kembali...
⚠️ Koneksi terputus. Menghubungkan kembali...
⚠️ Koneksi terputus. Menghubungkan kembali...
⚠️ Koneksi terputus. Menghubungkan kembali...
⚠️ Koneksi terputus. Menghubungkan kembali...
⚠️ Koneksi terputus. Menghubungkan kembali...
⚠️ Koneksi terputus. Menghubungkan kembali...
⚠️ Koneksi terputus. Menghubungkan kembali...
⚠️ Koneksi terputus. Menghubungkan kembali...
⚠️ Koneksi terputus. Menghubungkan kembali...
⚠️ Koneksi terputus. Menghubungkan kembali...
⚠️ Koneksi terputus. Menghubungkan kembali...
⚠️ Koneksi terputus. Menghubungkan kembali...
⚠️ Koneksi terputus. Menghubungkan kembali...
⚠️ Koneksi terputus. Menghubungkan kembali...

✅ BOT KENSHO MART BERHASIL TERHUBUNG SEPENUHNYA!

⚠️ Koneksi terputus. Menghubungkan kembali...

✅ BOT KENSHO MART BERHASIL TERHUBUNG SEPENUHNYA!

📩 Pesan dari 165107552252138@lid: "baguss sihh"
📩 Pesan dari 165107552252138@lid: "akuu ngingetinnn kamuu bukann akuu yangg bawaa"
📩 Pesan dari 165107552252138@lid: "kamuu bilangg kann mauu ke jb"
📩 Pesan dari 165107552252138@lid: "apaann sii"
📩 Pesan dari 165107552252138@lid: "apannsiii"
📩 Pesan dari 165107552252138@lid: "😭😭😭😭"
📩 Pesan dari 165107552252138@lid: "akuu kiraa kamuu mauu ke jb"
📩 Pesan dari 165107552252138@lid: "😭😭😭"
📩 Pesan dari 165107552252138@lid: "maklumm kekenyangann"
📩 Pesan dari 165107552252138@lid: "sukaa gaa fokuss"
📩 Pesan dari 165107552252138@lid: "ituuu duluu ajaa"
📩 Pesan dari 165107552252138@lid: "iniii"
📩 Pesan dari 165107552252138@lid: "kerjaa dimanaa"
📩 Pesan dari 165107552252138@lid: "besokk mulaii nyaa??"
📩 Pesan dari 165107552252138@lid: "oalaaa"
📩 Pesan dari 165107552252138@lid: "kerjaa dii tempatt apaaa cengg"
📩 Pesan dari 165107552252138@lid: "kapann kamuu bilangg"
📩 Pesan dari 165107552252138@lid: "mantulll"
📩 Pesan dari 165107552252138@lid: "enggaa ahhh"
📩 Pesan dari 165107552252138@lid: "gapernahhhhh"
⚠️ Koneksi terputus. Menghubungkan kembali...

✅ BOT KENSHO MART BERHASIL TERHUBUNG SEPENUHNYA!

⚠️ Koneksi terputus. Menghubungkan kembali...

✅ BOT KENSHO MART BERHASIL TERHUBUNG SEPENUHNYA!

⚠️ Koneksi terputus. Menghubungkan kembali...

✅ BOT KENSHO MART BERHASIL TERHUBUNG SEPENUHNYA!

📩 Pesan dari 165107552252138@lid: "apaaa"
📩 Pesan dari 165107552252138@lid: "iyaaa sokk duluuu"
📩 Pesan dari 165107552252138@lid: "udaaa"
⚠️ Koneksi terputus. Menghubungkan kembali...

✅ BOT KENSHO MART BERHASIL TERHUBUNG SEPENUHNYA!

⚠️ Koneksi terputus. Menghubungkan kembali...

✅ BOT KENSHO MART BERHASIL TERHUBUNG SEPENUHNYA!

📩 Pesan dari status@broadcast: ""
⚠️ Koneksi terputus. Menghubungkan kembali...

✅ BOT KENSHO MART BERHASIL TERHUBUNG SEPENUHNYA!


✅ BOT KENSHO MART BERHASIL TERHUBUNG SEPENUHNYA!

📩 Pesan dari 259803209314336@lid: "."
📩 Pesan dari 259803209314336@lid: "menu"
📩 Pesan dari 259803209314336@lid: "p"
📩 Pesan dari 259803209314336@lid: "."
📩 Pesan dari 259803209314336@lid: "p"
📩 Pesan dari 259803209314336@lid: "."
Closing session: SessionEntry {
  _chains: {
    'BSTgAwylVtzyN5QFeMPNuKQWT/uPQ5QsEqKvdP0Zz154': { chainKey: [Object], chainType: 1, messageKeys: {} }
  },
  registrationId: 696180770,
  currentRatchet: {
    ephemeralKeyPair: {
      pubKey: <Buffer 05 24 e0 03 0c a5 56 dc f2 37 94 05 78 c3 cd b8 a4 16 4f fb 8f 43 94 2c 12 a2 af 74 fd 19 cf 5e 78>,
      privKey: <Buffer 68 03 73 71 9d e5 5b dd 76 64 f1 c1 10 ba a7 55 8a 43 1e ce cb 55 c3 0f 0e ae 4f 7b a9 77 e8 4b>
    },
    lastRemoteEphemeralKey: <Buffer 05 97 52 90 47 b7 16 a2 db 3c 51 74 ff 67 32 0f c8 0e 7d b9 3c 55 aa 97 d6 d9 6a 08 2e c6 de a3 06>,
    previousCounter: 0,
    rootKey: <Buffer be ed 41 e7 30 de 1b 1e ec 5b c1 d3 2f c1 dd fb 1d a1 41 84 fb c5 6b a7 2a e8 6b 94 fe d0 fe b6>
  },
  indexInfo: {
    baseKey: <Buffer 05 d4 2c 06 1a 9f 27 c5 d6 5f f8 bb c0 0e 76 c9 c7 00 08 02 d0 92 48 45 79 7b 0a 61 9f 95 de d7 59>,
    baseKeyType: 1,
    closed: -1,
    used: 1791095167151,
    created: 1791095167151,
    remoteIdentityKey: <Buffer 05 3a 55 84 47 39 c0 38 94 bb eb ee 22 28 90 6f 28 2d a4 1e 12 1e c5 b8 4f f7 4e 8b 1f 71 5c cd 27>
  },
  pendingPreKey: {
    signedKeyId: 4106625,
    baseKey: <Buffer 05 d4 2c 06 1a 9f 27 c5 d6 5f f8 bb c0 0e 76 c9 c7 00 08 02 d0 92 48 45 79 7b 0a 61 9f 95 de d7 59>,
    preKeyId: 10009835
  }
}
📩 Pesan dari 259803209314336@lid: "menu"
📩 Pesan dari 259803209314336@lid: "1"
📩 Pesan dari 259803209314336@lid: "0"
📩 Pesan dari 259803209314336@lid: "4"

✅ BOT KENSHO MART BERHASIL TERHUBUNG SEPENUHNYA!

📩 Pesan dari 259803209314336@lid: "p"
📩 Pesan dari 259803209314336@lid: "menu"
📩 Pesan dari 120363386856121774@g.us: "mangga nu bade ngiring penagihan kumpul di pos🙏🏻🙏🏻🙏🏻"
📩 Pesan dari 259803209314336@lid: "1"
📩 Pesan dari 259803209314336@lid: "11"
📩 Pesan dari 259803209314336@lid: "1"
📩 Pesan dari 259803209314336@lid: "0"
📩 Pesan dari 259803209314336@lid: "2"
📩 Pesan dari 259803209314336@lid: "0"
📩 Pesan dari 259803209314336@lid: "3"
📩 Pesan dari 165107552252138@lid: "4 harii belumm lepass bulmattt"
📩 Pesan dari 165107552252138@lid: "jadii ginii againn"
⚠️ Koneksi terputus. Menghubungkan kembali...

✅ BOT KENSHO MART BERHASIL TERHUBUNG SEPENUHNYA!

Closing session: SessionEntry {
  _chains: {
    'Bed5dgO3/UswHxNcYOIWBuakaMOwle8P1bfFQ9vvNWU9': { chainKey: [Object], chainType: 2, messageKeys: {} },
    'BUepVpKV0nZelQFfP1RtzBQ/5kEOP21qv7rirCF5gkEs': { chainKey: [Object], chainType: 2, messageKeys: {} },
    BRdPe97tmZkBTSbnzq9pgePAXYrJiRInMEQd5wRdBXdH: { chainKey: [Object], chainType: 1, messageKeys: {} }
  },
  registrationId: 696180770,
  currentRatchet: {
    ephemeralKeyPair: {
      pubKey: <Buffer 05 17 4f 7b de ed 99 99 01 4d 26 e7 ce af 69 81 e3 c0 5d 8a c9 89 12 27 30 44 1d e7 04 5d 05 77 47>,
      privKey: <Buffer 98 11 2e c9 ef 97 62 d1 af 76 2e 9c 52 9c b5 bd 62 6f 01 63 af a8 3e c8 16 45 95 bd c9 80 cb 6a>
    },
    lastRemoteEphemeralKey: <Buffer 05 47 a9 56 92 95 d2 76 5e 95 01 5f 3f 54 6d cc 14 3f e6 41 0e 3f 6d 6a bf ba e2 ac 21 79 82 41 2c>,
    previousCounter: 0,
    rootKey: <Buffer 3c 8d 70 32 12 43 ac fe a9 c2 d9 1d 59 4d 1d df bf 69 95 ce 4a bf d8 b2 76 15 c3 a3 47 9d e2 62>
  },
  indexInfo: {
    baseKey: <Buffer 05 ca 5e 00 69 4a 44 29 ac ec 61 53 d2 48 1f ab 48 0d e0 13 f2 bd 30 71 3b b1 60 36 cc 79 6a 90 7b>,
    baseKeyType: 1,
    closed: -1,
    used: 1791101646234,
    created: 1791100779570,
    remoteIdentityKey: <Buffer 05 3a 55 84 47 39 c0 38 94 bb eb ee 22 28 90 6f 28 2d a4 1e 12 1e c5 b8 4f f7 4e 8b 1f 71 5c cd 27>
  }
}
Closing session: SessionEntry {
  _chains: {
    'BUepVpKV0nZelQFfP1RtzBQ/5kEOP21qv7rirCF5gkEs': { chainKey: [Object], chainType: 2, messageKeys: [Object] },
    'BfbEnNgXGg2neZGWPMLRy78CHHw+kPLeNhx5ZdFc1ux4': { chainKey: [Object], chainType: 1, messageKeys: {} }
  },
  registrationId: 696180770,
  currentRatchet: {
    ephemeralKeyPair: {
      pubKey: <Buffer 05 f6 c4 9c d8 17 1a 0d a7 79 91 96 3c c2 d1 cb bf 02 1c 7c 3e 90 f2 de 36 1c 79 65 d1 5c d6 ec 78>,
      privKey: <Buffer 70 9e 8a ef 4e fc 4a 92 70 33 84 18 03 74 02 33 05 22 c7 b7 cd 29 82 c8 0e e1 f6 51 c5 6a 3a 7b>
    },
    lastRemoteEphemeralKey: <Buffer 05 47 a9 56 92 95 d2 76 5e 95 01 5f 3f 54 6d cc 14 3f e6 41 0e 3f 6d 6a bf ba e2 ac 21 79 82 41 2c>,
    previousCounter: -1,
    rootKey: <Buffer 00 8f 0c 7f a6 b7 68 59 d4 36 9e 83 55 74 0b 5b 6d e5 f1 5b 23 6c 06 f1 82 bd 5a 1d 7f 6e 6c 3a>
  },
  indexInfo: {
    baseKey: <Buffer 05 41 04 24 d1 68 c7 2c e8 4e a5 b2 6e f1 08 b5 1f b1 f8 57 cd 1a 6b 4c c4 44 94 f4 4c 02 0a b5 4a>,
    baseKeyType: 1,
    closed: -1,
    used: 1791101805352,
    created: 1791101805352,
    remoteIdentityKey: <Buffer 05 3a 55 84 47 39 c0 38 94 bb eb ee 22 28 90 6f 28 2d a4 1e 12 1e c5 b8 4f f7 4e 8b 1f 71 5c cd 27>
  },
  pendingPreKey: {
    signedKeyId: 4106625,
    baseKey: <Buffer 05 41 04 24 d1 68 c7 2c e8 4e a5 b2 6e f1 08 b5 1f b1 f8 57 cd 1a 6b 4c c4 44 94 f4 4c 02 0a b5 4a>,
    preKeyId: 10009866
  }
}
Closing session: SessionEntry {
  _chains: {
    'BUepVpKV0nZelQFfP1RtzBQ/5kEOP21qv7rirCF5gkEs': { chainKey: [Object], chainType: 2, messageKeys: [Object] },
    'BUVG2hUaTOZeXprZSFg6ilxJOti2f/1cj4jyfAtzy8Uo': { chainKey: [Object], chainType: 1, messageKeys: {} }
  },
  registrationId: 696180770,
  currentRatchet: {
    ephemeralKeyPair: {
      pubKey: <Buffer 05 45 46 da 15 1a 4c e6 5e 5e 9a d9 48 58 3a 8a 5c 49 3a d8 b6 7f fd 5c 8f 88 f2 7c 0b 73 cb c5 28>,
      privKey: <Buffer 68 4e e9 fa 27 9c 5b 4e 0d aa e9 b7 30 26 df 7d f1 99 98 3a 44 b0 9d e7 96 3e e5 0a 0c 6c 7c 7b>
    },
    lastRemoteEphemeralKey: <Buffer 05 47 a9 56 92 95 d2 76 5e 95 01 5f 3f 54 6d cc 14 3f e6 41 0e 3f 6d 6a bf ba e2 ac 21 79 82 41 2c>,
    previousCounter: -1,
    rootKey: <Buffer a0 99 87 96 7b 0e b9 df 69 55 44 2a 9f 5d 36 b9 ff 34 a7 cf da 88 fe 19 37 6a 3b 38 b5 9d 92 3c>
  },
  indexInfo: {
    baseKey: <Buffer 05 36 30 55 f7 5d f9 5c b2 7d 0a 11 77 a8 c2 8e 61 21 87 94 b3 51 24 20 2c 33 d4 e7 09 04 51 b2 40>,
    baseKeyType: 1,
    closed: -1,
    used: 1791101810901,
    created: 1791101810901,
    remoteIdentityKey: <Buffer 05 3a 55 84 47 39 c0 38 94 bb eb ee 22 28 90 6f 28 2d a4 1e 12 1e c5 b8 4f f7 4e 8b 1f 71 5c cd 27>
  },
  pendingPreKey: {
    signedKeyId: 4106625,
    baseKey: <Buffer 05 36 30 55 f7 5d f9 5c b2 7d 0a 11 77 a8 c2 8e 61 21 87 94 b3 51 24 20 2c 33 d4 e7 09 04 51 b2 40>,
    preKeyId: 10009502
  }
}
📩 Pesan dari 165107552252138@lid: "lepasinn"
📩 Pesan dari 6021795848381@lid: "pp"
Closing session: SessionEntry {
  _chains: {
    'BUepVpKV0nZelQFfP1RtzBQ/5kEOP21qv7rirCF5gkEs': { chainKey: [Object], chainType: 2, messageKeys: [Object] },
    BXse0TJ2nyXEWEaaesqRP4dMbO5m5SirhBRajHJM3bdG: { chainKey: [Object], chainType: 1, messageKeys: {} }
  },
  registrationId: 696180770,
  currentRatchet: {
    ephemeralKeyPair: {
      pubKey: <Buffer 05 7b 1e d1 32 76 9f 25 c4 58 46 9a 7a ca 91 3f 87 4c 6c ee 66 e5 28 ab 84 14 5a 8c 72 4c dd b7 46>,
      privKey: <Buffer d0 63 6b ae 78 9d bb a6 ac d0 a3 94 fc 5b 42 bb 67 e3 05 89 f8 6b 44 5a df fb 2d 01 72 46 40 75>
    },
    lastRemoteEphemeralKey: <Buffer 05 47 a9 56 92 95 d2 76 5e 95 01 5f 3f 54 6d cc 14 3f e6 41 0e 3f 6d 6a bf ba e2 ac 21 79 82 41 2c>,
    previousCounter: -1,
    rootKey: <Buffer 09 b4 1b bd 5c a9 00 6c 1a d8 aa 8b 45 28 b9 c7 90 61 34 fc 89 75 4d bc 0f f8 59 b0 56 44 72 76>
  },
  indexInfo: {
    baseKey: <Buffer 05 89 0e 70 6e b4 43 9b 0e 79 c9 27 81 d3 7c 62 7f 35 9c d5 0b 07 a8 d9 2d 83 6c 81 d9 73 d7 f3 12>,
    baseKeyType: 1,
    closed: -1,
    used: 1791101816350,
    created: 1791101816350,
    remoteIdentityKey: <Buffer 05 3a 55 84 47 39 c0 38 94 bb eb ee 22 28 90 6f 28 2d a4 1e 12 1e c5 b8 4f f7 4e 8b 1f 71 5c cd 27>
  },
  pendingPreKey: {
    signedKeyId: 4106625,
    baseKey: <Buffer 05 89 0e 70 6e b4 43 9b 0e 79 c9 27 81 d3 7c 62 7f 35 9c d5 0b 07 a8 d9 2d 83 6c 81 d9 73 d7 f3 12>,
    preKeyId: 10009547
  }
}
📩 Pesan dari 6021795848381@lid: ""
📩 Pesan dari 165107552252138@lid: "inii tolongg lepasinn"
📩 Pesan dari 165107552252138@lid: "enggaa dehh"
📩 Pesan dari 165107552252138@lid: "inii ihhh kamuu bilangg cabutt teruss akuu jawabbb lepasinn"
📩 Pesan dari 165107552252138@lid: "bentarr gee pulangg"
📩 Pesan dari 165107552252138@lid: "iyaaa lahhh"
📩 Pesan dari 165107552252138@lid: "akuu lupaaa muluu mauu lepasnyaa sukaa gadaa energiii soalnyaa kann inii energii akuu kaloo dii lepass akuu lemesss"
📩 Pesan dari status@broadcast: ""
⚠️ Koneksi terputus. Menghubungkan kembali...

✅ BOT KENSHO MART BERHASIL TERHUBUNG SEPENUHNYA!

Closing session: SessionEntry {
  _chains: {
    'BUepVpKV0nZelQFfP1RtzBQ/5kEOP21qv7rirCF5gkEs': { chainKey: [Object], chainType: 2, messageKeys: [Object] },
    BUEDBGjzvQWeq77zjbhTyR9pDgtIFLBAXJXjVYiKTjpW: { chainKey: [Object], chainType: 1, messageKeys: {} }
  },
  registrationId: 696180770,
  currentRatchet: {
    ephemeralKeyPair: {
      pubKey: <Buffer 05 41 03 04 68 f3 bd 05 9e ab be f3 8d b8 53 c9 1f 69 0e 0b 48 14 b0 40 5c 95 e3 55 88 8a 4e 3a 56>,
      privKey: <Buffer 48 03 0b 32 5d 74 7e d3 da d7 09 87 a2 93 cb 44 ab 93 69 50 de db be 6a 6b e3 f8 59 ee fd 9e 4d>
    },
    lastRemoteEphemeralKey: <Buffer 05 47 a9 56 92 95 d2 76 5e 95 01 5f 3f 54 6d cc 14 3f e6 41 0e 3f 6d 6a bf ba e2 ac 21 79 82 41 2c>,
    previousCounter: -1,
    rootKey: <Buffer ef 6f 2e 27 0f 38 25 51 38 09 a1 50 a4 3d 15 80 7c d9 bc e2 21 5c 3e 84 ae d2 df 4f 31 79 63 41>
  },
  indexInfo: {
    baseKey: <Buffer 05 da c4 9f e7 3a bd c2 18 82 0e 97 09 65 f1 bc 5f 5d 65 5a 79 5b 76 fe 1e 64 0c e8 96 3d 02 da 79>,
    baseKeyType: 1,
    closed: -1,
    used: 1791102302141,
    created: 1791102302141,
    remoteIdentityKey: <Buffer 05 3a 55 84 47 39 c0 38 94 bb eb ee 22 28 90 6f 28 2d a4 1e 12 1e c5 b8 4f f7 4e 8b 1f 71 5c cd 27>
  },
  pendingPreKey: {
    signedKeyId: 4106625,
    baseKey: <Buffer 05 da c4 9f e7 3a bd c2 18 82 0e 97 09 65 f1 bc 5f 5d 65 5a 79 5b 76 fe 1e 64 0c e8 96 3d 02 da 79>,
    preKeyId: 10009489
  }
}
Closing session: SessionEntry {
  _chains: {
    'BUepVpKV0nZelQFfP1RtzBQ/5kEOP21qv7rirCF5gkEs': { chainKey: [Object], chainType: 2, messageKeys: [Object] },
    'BRdgOlZnDy8sfBlGELEC/CuGuZKzEnxFh8s5wDnicDQi': { chainKey: [Object], chainType: 1, messageKeys: {} }
  },
  registrationId: 696180770,
  currentRatchet: {
    ephemeralKeyPair: {
      pubKey: <Buffer 05 17 60 3a 56 67 0f 2f 2c 7c 19 46 10 b1 02 fc 2b 86 b9 92 b3 12 7c 45 87 cb 39 c0 39 e2 70 34 22>,
      privKey: <Buffer 08 10 58 2b ae 0d 83 c7 1e 18 e8 64 87 35 39 fa e4 d2 0b 86 5f d0 e2 0a f8 6c bd 00 4f 82 89 40>
    },
    lastRemoteEphemeralKey: <Buffer 05 47 a9 56 92 95 d2 76 5e 95 01 5f 3f 54 6d cc 14 3f e6 41 0e 3f 6d 6a bf ba e2 ac 21 79 82 41 2c>,
    previousCounter: -1,
    rootKey: <Buffer 47 78 33 38 59 68 84 75 fd 28 7c bf 2b d9 fe 9f 03 5c 95 16 04 8e 62 82 5c e8 ab d3 5d 36 bd 24>
  },
  indexInfo: {
    baseKey: <Buffer 05 20 8d b5 58 02 11 3b 96 98 2e 45 12 e4 54 b8 31 7a 6e 13 2a bc 19 a8 57 ff 89 0a dc 90 c5 aa 2e>,
    baseKeyType: 1,
    closed: -1,
    used: 1791103726180,
    created: 1791103726180,
    remoteIdentityKey: <Buffer 05 3a 55 84 47 39 c0 38 94 bb eb ee 22 28 90 6f 28 2d a4 1e 12 1e c5 b8 4f f7 4e 8b 1f 71 5c cd 27>
  },
  pendingPreKey: {
    signedKeyId: 4106625,
    baseKey: <Buffer 05 20 8d b5 58 02 11 3b 96 98 2e 45 12 e4 54 b8 31 7a 6e 13 2a bc 19 a8 57 ff 89 0a dc 90 c5 aa 2e>,
    preKeyId: 10009791
  }
}
Closing session: SessionEntry {
  _chains: {
    'BUepVpKV0nZelQFfP1RtzBQ/5kEOP21qv7rirCF5gkEs': { chainKey: [Object], chainType: 2, messageKeys: [Object] },
    'BVsy4HjY3Bdd6oHbU1+55+9XEr1T/HoPthk+hQqfLO5b': { chainKey: [Object], chainType: 1, messageKeys: {} }
  },
  registrationId: 696180770,
  currentRatchet: {
    ephemeralKeyPair: {
      pubKey: <Buffer 05 5b 32 e0 78 d8 dc 17 5d ea 81 db 53 5f b9 e7 ef 57 12 bd 53 fc 7a 0f b6 19 3e 85 0a 9f 2c ee 5b>,
      privKey: <Buffer 10 36 8e 90 11 8c 50 d8 fe e0 db d9 09 3b 82 e6 38 6c ac 3f 17 cd 35 ac e4 27 08 1b 51 1e f1 43>
    },
    lastRemoteEphemeralKey: <Buffer 05 47 a9 56 92 95 d2 76 5e 95 01 5f 3f 54 6d cc 14 3f e6 41 0e 3f 6d 6a bf ba e2 ac 21 79 82 41 2c>,
    previousCounter: -1,
    rootKey: <Buffer eb 11 12 e7 bd 61 fd b3 0e e7 42 51 48 2c 91 42 12 4f 91 85 6d b2 78 47 ab c8 29 23 61 0d f5 f5>
  },
  indexInfo: {
    baseKey: <Buffer 05 52 a0 2c a0 ab f9 cf b6 c2 59 63 1f c7 04 ea c2 63 2d a2 5c d5 8c bc 22 a8 9e 1c d9 23 a8 f6 00>,
    baseKeyType: 1,
    closed: -1,
    used: 1791103731277,
    created: 1791103731277,
    remoteIdentityKey: <Buffer 05 3a 55 84 47 39 c0 38 94 bb eb ee 22 28 90 6f 28 2d a4 1e 12 1e c5 b8 4f f7 4e 8b 1f 71 5c cd 27>
  },
  pendingPreKey: {
    signedKeyId: 4106625,
    baseKey: <Buffer 05 52 a0 2c a0 ab f9 cf b6 c2 59 63 1f c7 04 ea c2 63 2d a2 5c d5 8c bc 22 a8 9e 1c d9 23 a8 f6 00>,
    preKeyId: 10009773
  }
}
Closing session: SessionEntry {
  _chains: {
    'BUepVpKV0nZelQFfP1RtzBQ/5kEOP21qv7rirCF5gkEs': { chainKey: [Object], chainType: 2, messageKeys: [Object] },
    'BTBb0ddUxJuV/0/xz3GYhs9OMsZSt5S4z416JRPzqQUk': { chainKey: [Object], chainType: 1, messageKeys: {} }
  },
  registrationId: 696180770,
  currentRatchet: {
    ephemeralKeyPair: {
      pubKey: <Buffer 05 30 5b d1 d7 54 c4 9b 95 ff 4f f1 cf 71 98 86 cf 4e 32 c6 52 b7 94 b8 cf 8d 7a 25 13 f3 a9 05 24>,
      privKey: <Buffer 48 9c 7d 9d 6a 95 b9 22 f7 39 5d 1f 40 5e 66 f9 e9 23 60 6f ff 79 4b c6 ec 84 2c 92 0c 36 4a 67>
    },
    lastRemoteEphemeralKey: <Buffer 05 47 a9 56 92 95 d2 76 5e 95 01 5f 3f 54 6d cc 14 3f e6 41 0e 3f 6d 6a bf ba e2 ac 21 79 82 41 2c>,
    previousCounter: -1,
    rootKey: <Buffer 89 d5 cc d3 86 f9 08 06 f7 90 d0 a2 34 61 88 f7 7a 80 f2 44 fc 74 6d 5d 81 a8 da 2a b8 d3 b0 c8>
  },
  indexInfo: {
    baseKey: <Buffer 05 c4 f6 fe ab bc 57 76 85 37 fd e2 ec 85 88 50 d7 42 a2 a5 d7 b8 13 0a 2e cd 3a 4b 10 af f8 44 78>,
    baseKeyType: 1,
    closed: -1,
    used: 1791103736740,
    created: 1791103736740,
    remoteIdentityKey: <Buffer 05 3a 55 84 47 39 c0 38 94 bb eb ee 22 28 90 6f 28 2d a4 1e 12 1e c5 b8 4f f7 4e 8b 1f 71 5c cd 27>
  },
  pendingPreKey: {
    signedKeyId: 4106625,
    baseKey: <Buffer 05 c4 f6 fe ab bc 57 76 85 37 fd e2 ec 85 88 50 d7 42 a2 a5 d7 b8 13 0a 2e cd 3a 4b 10 af f8 44 78>,
    preKeyId: 10009817
  }
}
Closing session: SessionEntry {
  _chains: {
    'BUepVpKV0nZelQFfP1RtzBQ/5kEOP21qv7rirCF5gkEs': { chainKey: [Object], chainType: 2, messageKeys: [Object] },
    BYdYrs4c6rNHJ9Gry3HnFQzRB5YOwpT6JkGPvLjMIMAP: { chainKey: [Object], chainType: 1, messageKeys: {} }
  },
  registrationId: 696180770,
  currentRatchet: {
    ephemeralKeyPair: {
      pubKey: <Buffer 05 87 58 ae ce 1c ea b3 47 27 d1 ab cb 71 e7 15 0c d1 07 96 0e c2 94 fa 26 41 8f bc b8 cc 20 c0 0f>,
      privKey: <Buffer a8 9f 4c d5 e1 03 49 34 39 16 bc fb 78 a3 50 a4 3f a6 57 2d 71 df 31 53 6e cd 56 25 18 6e 2b 52>
    },
    lastRemoteEphemeralKey: <Buffer 05 47 a9 56 92 95 d2 76 5e 95 01 5f 3f 54 6d cc 14 3f e6 41 0e 3f 6d 6a bf ba e2 ac 21 79 82 41 2c>,
    previousCounter: -1,
    rootKey: <Buffer 06 3b 46 6e 03 c2 c0 d7 06 91 fb 10 70 fe 49 d0 cf 1a 53 45 8f 4a 75 a1 61 4a 5c 28 7c 74 9f 6a>
  },
  indexInfo: {
    baseKey: <Buffer 05 57 3d 06 6f a7 1e 78 e3 af 59 39 93 97 23 9f 12 26 36 28 6d 04 8a 00 f0 b9 dc 4e fa 8f b1 38 4b>,
    baseKeyType: 1,
    closed: -1,
    used: 1791103741887,
    created: 1791103741887,
    remoteIdentityKey: <Buffer 05 3a 55 84 47 39 c0 38 94 bb eb ee 22 28 90 6f 28 2d a4 1e 12 1e c5 b8 4f f7 4e 8b 1f 71 5c cd 27>
  },
  pendingPreKey: {
    signedKeyId: 4106625,
    baseKey: <Buffer 05 57 3d 06 6f a7 1e 78 e3 af 59 39 93 97 23 9f 12 26 36 28 6d 04 8a 00 f0 b9 dc 4e fa 8f b1 38 4b>,
    preKeyId: 10009613
  }
}
Closing session: SessionEntry {
  _chains: {
    'BUepVpKV0nZelQFfP1RtzBQ/5kEOP21qv7rirCF5gkEs': { chainKey: [Object], chainType: 2, messageKeys: [Object] },
    BW3YvUkMU4yOG1EaXWJrUkYdDqG97osj5xI9UX9iLbIi: { chainKey: [Object], chainType: 1, messageKeys: {} }
  },
  registrationId: 696180770,
  currentRatchet: {
    ephemeralKeyPair: {
      pubKey: <Buffer 05 6d d8 bd 49 0c 53 8c 8e 1b 51 1a 5d 62 6b 52 46 1d 0e a1 bd ee 8b 23 e7 12 3d 51 7f 62 2d b2 22>,
      privKey: <Buffer d0 d6 19 11 29 76 b8 56 cd f6 cf 3d 8e 42 2c 1e 33 8b 9e 08 a6 3c eb 6b f1 14 35 84 cc 68 82 7e>
    },
    lastRemoteEphemeralKey: <Buffer 05 47 a9 56 92 95 d2 76 5e 95 01 5f 3f 54 6d cc 14 3f e6 41 0e 3f 6d 6a bf ba e2 ac 21 79 82 41 2c>,
    previousCounter: -1,
    rootKey: <Buffer 20 71 17 54 ec 0f be ce da 00 d6 28 19 f8 1c 55 c7 32 bb cd 8f f2 ce 1b b1 c6 f2 e9 e6 c5 20 ab>
  },
  indexInfo: {
    baseKey: <Buffer 05 34 30 66 aa 63 8c 4f e4 0c 24 ae 57 2c b7 e4 9c 3f b8 42 c7 d4 96 17 0b bc 2f b3 a5 b9 a0 96 6c>,
    baseKeyType: 1,
    closed: -1,
    used: 1791103747130,
    created: 1791103747130,
    remoteIdentityKey: <Buffer 05 3a 55 84 47 39 c0 38 94 bb eb ee 22 28 90 6f 28 2d a4 1e 12 1e c5 b8 4f f7 4e 8b 1f 71 5c cd 27>
  },
  pendingPreKey: {
    signedKeyId: 4106625,
    baseKey: <Buffer 05 34 30 66 aa 63 8c 4f e4 0c 24 ae 57 2c b7 e4 9c 3f b8 42 c7 d4 96 17 0b bc 2f b3 a5 b9 a0 96 6c>,
    preKeyId: 10009776
  }
}
Closing session: SessionEntry {
  _chains: {
    'BUepVpKV0nZelQFfP1RtzBQ/5kEOP21qv7rirCF5gkEs': { chainKey: [Object], chainType: 2, messageKeys: [Object] },
    'BQh0lS0Ehktad1lTyx/69Ud7LvUgx/TyBhS0E/jMFqIx': { chainKey: [Object], chainType: 1, messageKeys: {} }
  },
  registrationId: 696180770,
  currentRatchet: {
    ephemeralKeyPair: {
      pubKey: <Buffer 05 08 74 95 2d 04 86 4b 5a 77 59 53 cb 1f fa f5 47 7b 2e f5 20 c7 f4 f2 06 14 b4 13 f8 cc 16 a2 31>,
      privKey: <Buffer 40 24 a8 8d d3 06 49 db f9 ca 31 54 cd b2 cb be fe b6 aa ba 9f fb 1c 51 80 27 d9 d9 99 f5 bd 77>
    },
    lastRemoteEphemeralKey: <Buffer 05 47 a9 56 92 95 d2 76 5e 95 01 5f 3f 54 6d cc 14 3f e6 41 0e 3f 6d 6a bf ba e2 ac 21 79 82 41 2c>,
    previousCounter: -1,
    rootKey: <Buffer 49 ad 87 47 59 56 2c ce bd 15 ac be 71 52 65 65 5a c3 8d bd 2a 9c ee 5f a9 20 5f 96 c2 c0 29 ae>
  },
  indexInfo: {
    baseKey: <Buffer 05 ef 24 bf 84 5d 05 07 20 d8 b3 d6 fb fb 93 1c da 24 db c3 34 db 79 2c c7 04 19 a7 e2 8d b4 cb 75>,
    baseKeyType: 1,
    closed: -1,
    used: 1791103752259,
    created: 1791103752259,
    remoteIdentityKey: <Buffer 05 3a 55 84 47 39 c0 38 94 bb eb ee 22 28 90 6f 28 2d a4 1e 12 1e c5 b8 4f f7 4e 8b 1f 71 5c cd 27>
  },
  pendingPreKey: {
    signedKeyId: 4106625,
    baseKey: <Buffer 05 ef 24 bf 84 5d 05 07 20 d8 b3 d6 fb fb 93 1c da 24 db c3 34 db 79 2c c7 04 19 a7 e2 8d b4 cb 75>,
    preKeyId: 10009530
  }
}
Closing session: SessionEntry {
  _chains: {
    'BUepVpKV0nZelQFfP1RtzBQ/5kEOP21qv7rirCF5gkEs': { chainKey: [Object], chainType: 2, messageKeys: [Object] },
    'Bdfpo7vuDjYZEh+eNcAfRT7FdK8yzgqhLw4pYtTi1dQx': { chainKey: [Object], chainType: 1, messageKeys: {} }
  },
  registrationId: 696180770,
  currentRatchet: {
    ephemeralKeyPair: {
      pubKey: <Buffer 05 d7 e9 a3 bb ee 0e 36 19 12 1f 9e 35 c0 1f 45 3e c5 74 af 32 ce 0a a1 2f 0e 29 62 d4 e2 d5 d4 31>,
      privKey: <Buffer e8 f9 77 99 76 bd f4 57 e7 8a 5a 3e 81 58 bd 12 bf 59 9c ba 48 68 a7 c6 3e d1 c4 24 0e 42 12 6c>
    },
    lastRemoteEphemeralKey: <Buffer 05 47 a9 56 92 95 d2 76 5e 95 01 5f 3f 54 6d cc 14 3f e6 41 0e 3f 6d 6a bf ba e2 ac 21 79 82 41 2c>,
    previousCounter: -1,
    rootKey: <Buffer 49 2e 97 d6 b4 1d cb 48 27 c7 ee 15 29 97 9c 7f 02 be 33 8c b3 ed 9a fc a4 c6 1c ea d4 bf 06 cd>
  },
  indexInfo: {
    baseKey: <Buffer 05 fe 88 67 62 25 a4 0c 6a 8c 35 c5 f4 94 ab 19 65 13 78 31 0b 29 fa f5 67 bc ea cc 0b 79 13 5d 48>,
    baseKeyType: 1,
    closed: -1,
    used: 1791103757549,
    created: 1791103757549,
    remoteIdentityKey: <Buffer 05 3a 55 84 47 39 c0 38 94 bb eb ee 22 28 90 6f 28 2d a4 1e 12 1e c5 b8 4f f7 4e 8b 1f 71 5c cd 27>
  },
  pendingPreKey: {
    signedKeyId: 4106625,
    baseKey: <Buffer 05 fe 88 67 62 25 a4 0c 6a 8c 35 c5 f4 94 ab 19 65 13 78 31 0b 29 fa f5 67 bc ea cc 0b 79 13 5d 48>,
    preKeyId: 10009609
  }
}
Closing session: SessionEntry {
  _chains: {
    'BUepVpKV0nZelQFfP1RtzBQ/5kEOP21qv7rirCF5gkEs': { chainKey: [Object], chainType: 2, messageKeys: [Object] },
    'BRalF/j1V0d/PEQt2/tcCNb/Wq0fEVxDJBPuG7ZayUAu': { chainKey: [Object], chainType: 1, messageKeys: {} }
  },
  registrationId: 696180770,
  currentRatchet: {
    ephemeralKeyPair: {
      pubKey: <Buffer 05 16 a5 17 f8 f5 57 47 7f 3c 44 2d db fb 5c 08 d6 ff 5a ad 1f 11 5c 43 24 13 ee 1b b6 5a c9 40 2e>,
      privKey: <Buffer 30 64 80 13 41 78 77 df 4e a8 b7 53 42 0b bb 9c 1d be 7f f2 74 2a 88 9a a9 f2 cd fe 5a 57 eb 59>
    },
    lastRemoteEphemeralKey: <Buffer 05 47 a9 56 92 95 d2 76 5e 95 01 5f 3f 54 6d cc 14 3f e6 41 0e 3f 6d 6a bf ba e2 ac 21 79 82 41 2c>,
    previousCounter: -1,
    rootKey: <Buffer 0d 49 9f ed 95 c4 33 c0 9f 30 be d2 bb e5 dc 92 8f ed 14 44 30 77 97 a8 56 33 9c 32 64 f4 4d 2b>
  },
  indexInfo: {
    baseKey: <Buffer 05 11 94 70 f7 43 f5 db 90 ee c1 45 c3 23 b4 db 86 93 fd 64 03 57 57 78 db ac 4e 99 a6 6d b8 b5 7e>,
    baseKeyType: 1,
    closed: -1,
    used: 1791103762922,
    created: 1791103762922,
    remoteIdentityKey: <Buffer 05 3a 55 84 47 39 c0 38 94 bb eb ee 22 28 90 6f 28 2d a4 1e 12 1e c5 b8 4f f7 4e 8b 1f 71 5c cd 27>
  },
  pendingPreKey: {
    signedKeyId: 4106625,
    baseKey: <Buffer 05 11 94 70 f7 43 f5 db 90 ee c1 45 c3 23 b4 db 86 93 fd 64 03 57 57 78 db ac 4e 99 a6 6d b8 b5 7e>,
    preKeyId: 10009856
  }
}
Closing session: SessionEntry {
  _chains: {
    'BUepVpKV0nZelQFfP1RtzBQ/5kEOP21qv7rirCF5gkEs': { chainKey: [Object], chainType: 2, messageKeys: [Object] },
    'BX4tUAro51vEkxrTfmVJFzf+vE3nAtYMzzU52hAk9fFA': { chainKey: [Object], chainType: 1, messageKeys: {} }
  },
  registrationId: 696180770,
  currentRatchet: {
    ephemeralKeyPair: {
      pubKey: <Buffer 05 7e 2d 50 0a e8 e7 5b c4 93 1a d3 7e 65 49 17 37 fe bc 4d e7 02 d6 0c cf 35 39 da 10 24 f5 f1 40>,
      privKey: <Buffer c0 5c ad 43 94 06 cf dd 1a 12 60 12 76 5b ef d7 da 2e a2 a1 48 58 42 47 98 43 74 bc 4a 10 56 53>
    },
    lastRemoteEphemeralKey: <Buffer 05 47 a9 56 92 95 d2 76 5e 95 01 5f 3f 54 6d cc 14 3f e6 41 0e 3f 6d 6a bf ba e2 ac 21 79 82 41 2c>,
    previousCounter: -1,
    rootKey: <Buffer d9 15 74 18 93 ab 03 1d 08 fe 7e 43 6f f6 f6 cf f3 92 be 7e 45 4d 0d 6c 0f c7 a3 69 71 8a 74 b0>
  },
  indexInfo: {
    baseKey: <Buffer 05 59 58 09 f4 b1 b4 56 65 17 d6 5d 47 2b 94 31 24 94 f9 f0 f9 6e 15 1f 62 16 52 9c f7 ae a5 80 30>,
    baseKeyType: 1,
    closed: -1,
    used: 1791103768224,
    created: 1791103768224,
    remoteIdentityKey: <Buffer 05 3a 55 84 47 39 c0 38 94 bb eb ee 22 28 90 6f 28 2d a4 1e 12 1e c5 b8 4f f7 4e 8b 1f 71 5c cd 27>
  },
  pendingPreKey: {
    signedKeyId: 4106625,
    baseKey: <Buffer 05 59 58 09 f4 b1 b4 56 65 17 d6 5d 47 2b 94 31 24 94 f9 f0 f9 6e 15 1f 62 16 52 9c f7 ae a5 80 30>,
    preKeyId: 10009611
  }
}
Closing session: SessionEntry {
  _chains: {
    'BUepVpKV0nZelQFfP1RtzBQ/5kEOP21qv7rirCF5gkEs': { chainKey: [Object], chainType: 2, messageKeys: [Object] },
    'Bd0wS/3RDQFBtqv04XoPeTOYj/sFmIUWhk9oIEhK1Vpn': { chainKey: [Object], chainType: 1, messageKeys: {} }
  },
  registrationId: 696180770,
  currentRatchet: {
    ephemeralKeyPair: {
      pubKey: <Buffer 05 dd 30 4b fd d1 0d 01 41 b6 ab f4 e1 7a 0f 79 33 98 8f fb 05 98 85 16 86 4f 68 20 48 4a d5 5a 67>,
      privKey: <Buffer 88 02 c3 5b 8d c3 98 b9 e3 ac a5 3f f1 92 aa 2a da 68 91 d2 ad 5f c2 33 28 87 a6 0b db ff 6a 42>
    },
    lastRemoteEphemeralKey: <Buffer 05 47 a9 56 92 95 d2 76 5e 95 01 5f 3f 54 6d cc 14 3f e6 41 0e 3f 6d 6a bf ba e2 ac 21 79 82 41 2c>,
    previousCounter: -1,
    rootKey: <Buffer f7 64 e4 04 5b d1 12 1c 90 41 73 e9 0f 8f e8 9a 5f f1 c4 22 1b 2d 28 60 35 d9 ce d3 f4 3e 31 df>
  },
  indexInfo: {
    baseKey: <Buffer 05 e8 77 9a 89 8b 14 1e 96 69 c6 d1 c6 c0 30 9a b5 82 78 3c 45 94 69 96 e7 db fa 86 69 67 45 08 66>,
    baseKeyType: 1,
    closed: -1,
    used: 1791103773446,
    created: 1791103773446,
    remoteIdentityKey: <Buffer 05 3a 55 84 47 39 c0 38 94 bb eb ee 22 28 90 6f 28 2d a4 1e 12 1e c5 b8 4f f7 4e 8b 1f 71 5c cd 27>
  },
  pendingPreKey: {
    signedKeyId: 4106625,
    baseKey: <Buffer 05 e8 77 9a 89 8b 14 1e 96 69 c6 d1 c6 c0 30 9a b5 82 78 3c 45 94 69 96 e7 db fa 86 69 67 45 08 66>,
    preKeyId: 10009731
  }
}
Closing session: SessionEntry {
  _chains: {
    'BUepVpKV0nZelQFfP1RtzBQ/5kEOP21qv7rirCF5gkEs': { chainKey: [Object], chainType: 2, messageKeys: [Object] },
    BQUKUEYYRJAhpvmPaSRkb1VScXMjkicxaixjQX84JRUQ: { chainKey: [Object], chainType: 1, messageKeys: {} }
  },
  registrationId: 696180770,
  currentRatchet: {
    ephemeralKeyPair: {
      pubKey: <Buffer 05 05 0a 50 46 18 44 90 21 a6 f9 8f 69 24 64 6f 55 52 71 73 23 92 27 31 6a 2c 63 41 7f 38 25 15 10>,
      privKey: <Buffer 30 d3 d8 84 3c 88 5e a3 6e 14 96 b2 36 4f 68 e3 4e 48 a1 25 38 b2 54 6d 12 bf 9d be e7 3b 88 58>
    },
    lastRemoteEphemeralKey: <Buffer 05 47 a9 56 92 95 d2 76 5e 95 01 5f 3f 54 6d cc 14 3f e6 41 0e 3f 6d 6a bf ba e2 ac 21 79 82 41 2c>,
    previousCounter: -1,
    rootKey: <Buffer 67 3c 95 74 f2 52 a4 74 72 b0 71 f0 e5 7e 3c 68 f1 2d 54 83 ab da ca d6 ff 3d b4 9f 56 1a 49 51>
  },
  indexInfo: {
    baseKey: <Buffer 05 42 e1 4e 21 c5 73 09 19 65 6b 1d 3b d7 b5 0a a3 00 ca a9 d5 fa 3a 20 7f 92 f6 a9 a4 8b 53 a3 2d>,
    baseKeyType: 1,
    closed: -1,
    used: 1791103778848,
    created: 1791103778848,
    remoteIdentityKey: <Buffer 05 3a 55 84 47 39 c0 38 94 bb eb ee 22 28 90 6f 28 2d a4 1e 12 1e c5 b8 4f f7 4e 8b 1f 71 5c cd 27>
  },
  pendingPreKey: {
    signedKeyId: 4106625,
    baseKey: <Buffer 05 42 e1 4e 21 c5 73 09 19 65 6b 1d 3b d7 b5 0a a3 00 ca a9 d5 fa 3a 20 7f 92 f6 a9 a4 8b 53 a3 2d>,
    preKeyId: 10009750
  }
}
📩 Pesan dari 165107552252138@lid: "jihh"
📩 Pesan dari 165107552252138@lid: "iyaaa"
⚠️ Koneksi terputus. Menghubungkan kembali...

✅ BOT KENSHO MART BERHASIL TERHUBUNG SEPENUHNYA!

Closing session: SessionEntry {
  _chains: {
    'BUepVpKV0nZelQFfP1RtzBQ/5kEOP21qv7rirCF5gkEs': { chainKey: [Object], chainType: 2, messageKeys: [Object] },
    'BRBuVJXO9XYQccNjsN2jcU3FsepZFZN/tnfqxMXdZiEJ': { chainKey: [Object], chainType: 1, messageKeys: {} }
  },
  registrationId: 696180770,
  currentRatchet: {
    ephemeralKeyPair: {
      pubKey: <Buffer 05 10 6e 54 95 ce f5 76 10 71 c3 63 b0 dd a3 71 4d c5 b1 ea 59 15 93 7f b6 77 ea c4 c5 dd 66 21 09>,
      privKey: <Buffer d8 79 04 99 f7 0e 83 d6 4e 3f 82 3f c2 b6 13 ea e7 61 1a 45 e3 32 66 03 6b 57 c0 60 e3 9e a5 7d>
    },
    lastRemoteEphemeralKey: <Buffer 05 47 a9 56 92 95 d2 76 5e 95 01 5f 3f 54 6d cc 14 3f e6 41 0e 3f 6d 6a bf ba e2 ac 21 79 82 41 2c>,
    previousCounter: -1,
    rootKey: <Buffer c0 24 6e 52 b0 a4 8a a0 e9 fc 17 88 ce 3d 5f b9 a9 ea 8d b0 58 58 a9 05 cf 68 4d e9 74 05 ef 71>
  },
  indexInfo: {
    baseKey: <Buffer 05 9f c1 f6 69 35 ec 89 23 21 61 77 ce 29 0e 47 0d 48 65 a2 e8 50 fd 6b d1 a3 f1 f9 d1 63 7d b9 55>,
    baseKeyType: 1,
    closed: -1,
    used: 1791103783990,
    created: 1791103783990,
    remoteIdentityKey: <Buffer 05 3a 55 84 47 39 c0 38 94 bb eb ee 22 28 90 6f 28 2d a4 1e 12 1e c5 b8 4f f7 4e 8b 1f 71 5c cd 27>
  },
  pendingPreKey: {
    signedKeyId: 4106625,
    baseKey: <Buffer 05 9f c1 f6 69 35 ec 89 23 21 61 77 ce 29 0e 47 0d 48 65 a2 e8 50 fd 6b d1 a3 f1 f9 d1 63 7d b9 55>,
    preKeyId: 10009497
  }
}
Closing session: SessionEntry {
  _chains: {
    'BUepVpKV0nZelQFfP1RtzBQ/5kEOP21qv7rirCF5gkEs': { chainKey: [Object], chainType: 2, messageKeys: [Object] },
    'Bc8Uugac77btWDfEHomRAExsDmapJGPKH/cq3kJQMi1F': { chainKey: [Object], chainType: 1, messageKeys: {} }
  },
  registrationId: 696180770,
  currentRatchet: {
    ephemeralKeyPair: {
      pubKey: <Buffer 05 cf 14 ba 06 9c ef b6 ed 58 37 c4 1e 89 91 00 4c 6c 0e 66 a9 24 63 ca 1f f7 2a de 42 50 32 2d 45>,
      privKey: <Buffer e0 af 21 ad a1 86 98 7e 61 67 bc ef 91 15 90 0f 3d 7b 53 23 da fb c8 a7 45 15 6d b3 8f 72 80 47>
    },
    lastRemoteEphemeralKey: <Buffer 05 47 a9 56 92 95 d2 76 5e 95 01 5f 3f 54 6d cc 14 3f e6 41 0e 3f 6d 6a bf ba e2 ac 21 79 82 41 2c>,
    previousCounter: -1,
    rootKey: <Buffer 55 8b ab 68 24 ac 47 ac 15 83 0e 17 2f 0d 23 e1 9b 1e ad 17 25 c0 37 bf 0d 6e 6a 53 4d e9 08 cc>
  },
  indexInfo: {
    baseKey: <Buffer 05 02 65 ba 5c 7d 55 86 f3 34 45 d3 ea 52 d6 9c b1 1e 2e 56 80 40 16 85 52 bd 1c 6a 9a 43 8e 09 09>,
    baseKeyType: 1,
    closed: -1,
    used: 1791104982509,
    created: 1791104982509,
    remoteIdentityKey: <Buffer 05 3a 55 84 47 39 c0 38 94 bb eb ee 22 28 90 6f 28 2d a4 1e 12 1e c5 b8 4f f7 4e 8b 1f 71 5c cd 27>
  },
  pendingPreKey: {
    signedKeyId: 4106625,
    baseKey: <Buffer 05 02 65 ba 5c 7d 55 86 f3 34 45 d3 ea 52 d6 9c b1 1e 2e 56 80 40 16 85 52 bd 1c 6a 9a 43 8e 09 09>,
    preKeyId: 10009631
  }
}
Closing session: SessionEntry {
  _chains: {
    'BUepVpKV0nZelQFfP1RtzBQ/5kEOP21qv7rirCF5gkEs': { chainKey: [Object], chainType: 2, messageKeys: [Object] },
    'BdgvW3kFzj1M4GTK65TlXK5thUvqq/IR5Tp/cNauR5wp': { chainKey: [Object], chainType: 1, messageKeys: {} }
  },
  registrationId: 696180770,
  currentRatchet: {
    ephemeralKeyPair: {
      pubKey: <Buffer 05 d8 2f 5b 79 05 ce 3d 4c e0 64 ca eb 94 e5 5c ae 6d 85 4b ea ab f2 11 e5 3a 7f 70 d6 ae 47 9c 29>,
      privKey: <Buffer d0 f1 73 75 fc b7 f2 f9 34 86 7b be 2d 19 2a e9 82 e9 5a cd 1f ae 5e 2b ee 1d 6b 75 48 78 fa 45>
    },
    lastRemoteEphemeralKey: <Buffer 05 47 a9 56 92 95 d2 76 5e 95 01 5f 3f 54 6d cc 14 3f e6 41 0e 3f 6d 6a bf ba e2 ac 21 79 82 41 2c>,
    previousCounter: -1,
    rootKey: <Buffer 17 80 a8 f9 6d ed 60 86 79 e3 bf 15 9e 19 f2 55 e0 9a 1b a4 b1 00 81 dc 5d 37 2e f6 3d 2e 33 17>
  },
  indexInfo: {
    baseKey: <Buffer 05 c3 a2 99 e6 f9 d8 3f 4d f0 af 48 1e 8e dd 09 92 d0 90 51 62 e1 2e f8 7e 8c 93 7b 7d 13 4d 5b 20>,
    baseKeyType: 1,
    closed: -1,
    used: 1791104987954,
    created: 1791104987954,
    remoteIdentityKey: <Buffer 05 3a 55 84 47 39 c0 38 94 bb eb ee 22 28 90 6f 28 2d a4 1e 12 1e c5 b8 4f f7 4e 8b 1f 71 5c cd 27>
  },
  pendingPreKey: {
    signedKeyId: 4106625,
    baseKey: <Buffer 05 c3 a2 99 e6 f9 d8 3f 4d f0 af 48 1e 8e dd 09 92 d0 90 51 62 e1 2e f8 7e 8c 93 7b 7d 13 4d 5b 20>,
    preKeyId: 10009748
  }
}
Closing session: SessionEntry {
  _chains: {
    'BTY8XZxSCEr6PkKLr/7l7F5rPHIuy8We/kATg9+JGSQg': { chainKey: [Object], chainType: 2, messageKeys: {} },
    'BaxOvRkYbSokbfjR/ez1pKUswsywWBWsmFtanRo1w/k1': { chainKey: [Object], chainType: 1, messageKeys: {} }
  },
  registrationId: 696180770,
  currentRatchet: {
    ephemeralKeyPair: {
      pubKey: <Buffer 05 ac 4e bd 19 18 6d 2a 24 6d f8 d1 fd ec f5 a4 a5 2c c2 cc b0 58 15 ac 98 5b 5a 9d 1a 35 c3 f9 35>,
      privKey: <Buffer 98 a8 42 70 15 61 e4 52 31 58 ba 35 ff 35 b4 82 bb 0b 21 53 51 75 44 ab 51 f6 01 1f a2 93 03 73>
    },
    lastRemoteEphemeralKey: <Buffer 05 36 3c 5d 9c 52 08 4a fa 3e 42 8b af fe e5 ec 5e 6b 3c 72 2e cb c5 9e fe 40 13 83 df 89 19 24 20>,
    previousCounter: 0,
    rootKey: <Buffer e4 1b 02 98 18 94 04 91 68 91 0a ef f2 da b8 6a c4 36 89 ea 16 10 14 3e 29 94 9a ba 28 e3 e5 94>
  },
  indexInfo: {
    baseKey: <Buffer 05 84 1a ba 50 29 4d 69 cb 81 ba 1d 2f f2 b1 4e 57 0f b0 17 e9 7b 68 11 2a 25 5d 37 f0 c7 3a a5 1b>,
    baseKeyType: 2,
    closed: -1,
    used: 1791104988033,
    created: 1791104988033,
    remoteIdentityKey: <Buffer 05 3a 55 84 47 39 c0 38 94 bb eb ee 22 28 90 6f 28 2d a4 1e 12 1e c5 b8 4f f7 4e 8b 1f 71 5c cd 27>
  }
}
Closing session: SessionEntry {
  _chains: {
    'BTI3R3CKHFUS9Zx2P2IYlASn6hnlgflMkpmy2bt/pbBh': { chainKey: [Object], chainType: 1, messageKeys: {} }
  },
  registrationId: 696180770,
  currentRatchet: {
    ephemeralKeyPair: {
      pubKey: <Buffer 05 32 37 47 70 8a 1c 55 12 f5 9c 76 3f 62 18 94 04 a7 ea 19 e5 81 f9 4c 92 99 b2 d9 bb 7f a5 b0 61>,
      privKey: <Buffer 58 e7 41 e5 ec 68 97 35 2f 51 f0 2d 18 a5 7d 0f c3 c2 05 d2 80 3b 40 d3 11 1d 70 2d 52 18 38 45>
    },
    lastRemoteEphemeralKey: <Buffer 05 97 52 90 47 b7 16 a2 db 3c 51 74 ff 67 32 0f c8 0e 7d b9 3c 55 aa 97 d6 d9 6a 08 2e c6 de a3 06>,
    previousCounter: 0,
    rootKey: <Buffer ba b0 d0 df 06 80 bf 65 18 f2 77 d8 de 01 d4 06 53 38 71 9f 84 a1 94 7b 88 d3 30 5c 30 2d 95 4f>
  },
  indexInfo: {
    baseKey: <Buffer 05 c8 aa 13 9a ad e2 13 b5 dd 2e 43 27 a1 e6 30 cb d1 ff c6 40 ff e9 59 0c af 6a 22 64 65 c3 88 4b>,
    baseKeyType: 1,
    closed: -1,
    used: 1791104993441,
    created: 1791104993441,
    remoteIdentityKey: <Buffer 05 3a 55 84 47 39 c0 38 94 bb eb ee 22 28 90 6f 28 2d a4 1e 12 1e c5 b8 4f f7 4e 8b 1f 71 5c cd 27>
  },
  pendingPreKey: {
    signedKeyId: 4106625,
    baseKey: <Buffer 05 c8 aa 13 9a ad e2 13 b5 dd 2e 43 27 a1 e6 30 cb d1 ff c6 40 ff e9 59 0c af 6a 22 64 65 c3 88 4b>,
    preKeyId: 10009575
  }
}
Closing session: SessionEntry {
  _chains: {
    'BanDDXIWiygFcJ+ofTXIWPW3jcWGtys/tcTE7JupRfgA': { chainKey: [Object], chainType: 2, messageKeys: {} },
    'BeR8H4EnT/8j9BBgrcfGPuNupgyGa/I6sHRmGL/7gudP': { chainKey: [Object], chainType: 1, messageKeys: {} }
  },
  registrationId: 696180770,
  currentRatchet: {
    ephemeralKeyPair: {
      pubKey: <Buffer 05 e4 7c 1f 81 27 4f ff 23 f4 10 60 ad c7 c6 3e e3 6e a6 0c 86 6b f2 3a b0 74 66 18 bf fb 82 e7 4f>,
      privKey: <Buffer 38 d0 db 4f 0a 96 28 3e 9d bf 36 23 8e 52 ee 0f ff 4a 5f 63 28 56 04 28 51 20 5c 36 37 22 ed 7c>
    },
    lastRemoteEphemeralKey: <Buffer 05 a9 c3 0d 72 16 8b 28 05 70 9f a8 7d 35 c8 58 f5 b7 8d c5 86 b7 2b 3f b5 c4 c4 ec 9b a9 45 f8 00>,
    previousCounter: 0,
    rootKey: <Buffer 10 92 4d c6 f0 08 e3 1b 2e ab a1 a0 a2 37 b2 65 a1 c0 bf be f0 b4 fc aa e3 11 81 50 88 6a de 8b>
  },
  indexInfo: {
    baseKey: <Buffer 05 2c 78 41 38 c7 13 10 bc b5 aa 3e c6 18 00 73 0a 79 86 a4 bd 76 2f eb c9 db a6 26 f4 cc 46 a3 06>,
    baseKeyType: 2,
    closed: -1,
    used: 1791104993504,
    created: 1791104993504,
    remoteIdentityKey: <Buffer 05 3a 55 84 47 39 c0 38 94 bb eb ee 22 28 90 6f 28 2d a4 1e 12 1e c5 b8 4f f7 4e 8b 1f 71 5c cd 27>
  }
}
Closing session: SessionEntry {
  _chains: {
    'BdbPG1NVzdCtV1RqFk9AuTSi00DVmAVI+eZ3wN7RNQ46': { chainKey: [Object], chainType: 2, messageKeys: {} },
    BeDhgBk13lba0vkwBB5xWTpgGJWNKrw8p5Pjro2IMTt4: { chainKey: [Object], chainType: 1, messageKeys: {} }
  },
  registrationId: 696180770,
  currentRatchet: {
    ephemeralKeyPair: {
      pubKey: <Buffer 05 e0 e1 80 19 35 de 56 da d2 f9 30 04 1e 71 59 3a 60 18 95 8d 2a bc 3c a7 93 e3 ae 8d 88 31 3b 78>,
      privKey: <Buffer 30 14 a4 16 50 31 ab 13 e1 18 2e df 6c c3 5f a3 2c f7 4a 2b 34 33 0e 84 7f 25 ff f5 f3 3f e7 56>
    },
    lastRemoteEphemeralKey: <Buffer 05 d6 cf 1b 53 55 cd d0 ad 57 54 6a 16 4f 40 b9 34 a2 d3 40 d5 98 05 48 f9 e6 77 c0 de d1 35 0e 3a>,
    previousCounter: 0,
    rootKey: <Buffer a2 e1 63 db 67 83 c6 94 6b 09 02 c0 2e bd 54 49 1d 42 4f 93 f6 ce 80 e8 a2 71 a2 5f 8a 21 47 53>
  },
  indexInfo: {
    baseKey: <Buffer 05 5e 21 4b c9 a4 ed b5 d2 eb 5c 12 eb 82 5a 2e 55 5e 53 69 06 83 33 e3 e5 a0 59 64 71 97 99 c8 5b>,
    baseKeyType: 2,
    closed: -1,
    used: 1791104993637,
    created: 1791104993637,
    remoteIdentityKey: <Buffer 05 3a 55 84 47 39 c0 38 94 bb eb ee 22 28 90 6f 28 2d a4 1e 12 1e c5 b8 4f f7 4e 8b 1f 71 5c cd 27>
  }
}
Closing session: SessionEntry {
  _chains: {
    'BdldHdgD1OIifbDHnoQSx3Zm2A2/nhIEtBfqLvgDExFD': { chainKey: [Object], chainType: 1, messageKeys: {} }
  },
  registrationId: 696180770,
  currentRatchet: {
    ephemeralKeyPair: {
      pubKey: <Buffer 05 d9 5d 1d d8 03 d4 e2 22 7d b0 c7 9e 84 12 c7 76 66 d8 0d bf 9e 12 04 b4 17 ea 2e f8 03 13 11 43>,
      privKey: <Buffer 10 50 26 c4 63 9e b3 70 07 22 41 76 fe e1 46 a6 df 93 18 a0 8f 62 b6 80 fa d4 e1 4d 72 f1 2c 60>
    },
    lastRemoteEphemeralKey: <Buffer 05 97 52 90 47 b7 16 a2 db 3c 51 74 ff 67 32 0f c8 0e 7d b9 3c 55 aa 97 d6 d9 6a 08 2e c6 de a3 06>,
    previousCounter: 0,
    rootKey: <Buffer 7c 40 4e 79 87 ba 35 24 e9 88 7a c9 35 16 66 cb ba 6c 83 96 a8 fa 07 3c 2f 48 45 73 93 46 b6 7f>
  },
  indexInfo: {
    baseKey: <Buffer 05 6f fd 53 6e b7 e6 4a 7e 2d 7a 33 58 49 44 34 db d2 a5 38 73 29 43 63 0f 84 36 f5 d2 99 ca e1 03>,
    baseKeyType: 1,
    closed: -1,
    used: 1791104999216,
    created: 1791104999216,
    remoteIdentityKey: <Buffer 05 3a 55 84 47 39 c0 38 94 bb eb ee 22 28 90 6f 28 2d a4 1e 12 1e c5 b8 4f f7 4e 8b 1f 71 5c cd 27>
  },
  pendingPreKey: {
    signedKeyId: 4106625,
    baseKey: <Buffer 05 6f fd 53 6e b7 e6 4a 7e 2d 7a 33 58 49 44 34 db d2 a5 38 73 29 43 63 0f 84 36 f5 d2 99 ca e1 03>,
    preKeyId: 10009636
  }
}
Closing session: SessionEntry {
  _chains: {
    BbW3ReyFbHJnC5DPDiqnRt6n5b1ntxaeiPINB4koQ8FF: { chainKey: [Object], chainType: 1, messageKeys: {} }
  },
  registrationId: 696180770,
  currentRatchet: {
    ephemeralKeyPair: {
      pubKey: <Buffer 05 b5 b7 45 ec 85 6c 72 67 0b 90 cf 0e 2a a7 46 de a7 e5 bd 67 b7 16 9e 88 f2 0d 07 89 28 43 c1 45>,
      privKey: <Buffer 00 2c ae d8 1c eb df 11 ff 11 63 5f a1 bf 85 ce fd 4a 4a c0 d6 a6 40 e8 30 fe 71 32 92 a8 c1 5f>
    },
    lastRemoteEphemeralKey: <Buffer 05 97 52 90 47 b7 16 a2 db 3c 51 74 ff 67 32 0f c8 0e 7d b9 3c 55 aa 97 d6 d9 6a 08 2e c6 de a3 06>,
    previousCounter: 0,
    rootKey: <Buffer 20 e3 e2 db 09 3b 76 91 00 b3 75 0a a7 3a 8c f3 c7 4e dd 42 c4 1f b4 e4 6d 4c 30 1f 5a 0d 52 81>
  },
  indexInfo: {
    baseKey: <Buffer 05 80 ed 9c 29 73 0e 50 6b 82 e9 67 82 81 76 a0 90 bc c5 e6 c5 d3 07 f1 2e 3f fd a6 0a 55 69 88 63>,
    baseKeyType: 1,
    closed: -1,
    used: 1791105004543,
    created: 1791105004543,
    remoteIdentityKey: <Buffer 05 3a 55 84 47 39 c0 38 94 bb eb ee 22 28 90 6f 28 2d a4 1e 12 1e c5 b8 4f f7 4e 8b 1f 71 5c cd 27>
  },
  pendingPreKey: {
    signedKeyId: 4106625,
    baseKey: <Buffer 05 80 ed 9c 29 73 0e 50 6b 82 e9 67 82 81 76 a0 90 bc c5 e6 c5 d3 07 f1 2e 3f fd a6 0a 55 69 88 63>,
    preKeyId: 10009511
  }
}
Closing session: SessionEntry {
  _chains: {
    'BSXhD5nYc2JOd1bVnPAetq5T/QiyuO0NMI1LIeOEQq9s': { chainKey: [Object], chainType: 1, messageKeys: {} }
  },
  registrationId: 696180770,
  currentRatchet: {
    ephemeralKeyPair: {
      pubKey: <Buffer 05 25 e1 0f 99 d8 73 62 4e 77 56 d5 9c f0 1e b6 ae 53 fd 08 b2 b8 ed 0d 30 8d 4b 21 e3 84 42 af 6c>,
      privKey: <Buffer b0 92 0b a1 80 76 dc e5 e3 6d e7 c1 93 0d 0d 31 d1 0d cf 02 88 2e 33 ed bc b4 f7 e6 95 d8 3d 4f>
    },
    lastRemoteEphemeralKey: <Buffer 05 97 52 90 47 b7 16 a2 db 3c 51 74 ff 67 32 0f c8 0e 7d b9 3c 55 aa 97 d6 d9 6a 08 2e c6 de a3 06>,
    previousCounter: 0,
    rootKey: <Buffer 31 aa c2 ed 0f c1 54 5c ea 52 de b0 03 88 36 2b f4 a7 fd c6 0f 7e 15 e5 3d 3f 6c 65 f5 df a8 06>
  },
  indexInfo: {
    baseKey: <Buffer 05 6f 61 17 2c 82 62 f6 d7 b4 f6 5d 89 5d f3 fc 03 9b be 4b 3b 4c 9b 9e 7e cd cd 4c 77 ec 53 1c 36>,
    baseKeyType: 1,
    closed: -1,
    used: 1791105009848,
    created: 1791105009848,
    remoteIdentityKey: <Buffer 05 3a 55 84 47 39 c0 38 94 bb eb ee 22 28 90 6f 28 2d a4 1e 12 1e c5 b8 4f f7 4e 8b 1f 71 5c cd 27>
  },
  pendingPreKey: {
    signedKeyId: 4106625,
    baseKey: <Buffer 05 6f 61 17 2c 82 62 f6 d7 b4 f6 5d 89 5d f3 fc 03 9b be 4b 3b 4c 9b 9e 7e cd cd 4c 77 ec 53 1c 36>,
    preKeyId: 10009833
  }
}
Closing session: SessionEntry {
  _chains: {
    'BW4yl44YYyMcwQfuwIp9JNZVNylWB3r+SDi/S/uW3V4F': { chainKey: [Object], chainType: 1, messageKeys: {} }
  },
  registrationId: 696180770,
  currentRatchet: {
    ephemeralKeyPair: {
      pubKey: <Buffer 05 6e 32 97 8e 18 63 23 1c c1 07 ee c0 8a 7d 24 d6 55 37 29 56 07 7a fe 48 38 bf 4b fb 96 dd 5e 05>,
      privKey: <Buffer e0 1a b8 81 f0 d9 3e f7 9b 29 74 8b f5 75 17 87 db 84 49 a8 07 11 b5 82 f0 82 16 fd da 26 fa 74>
    },
    lastRemoteEphemeralKey: <Buffer 05 97 52 90 47 b7 16 a2 db 3c 51 74 ff 67 32 0f c8 0e 7d b9 3c 55 aa 97 d6 d9 6a 08 2e c6 de a3 06>,
    previousCounter: 0,
    rootKey: <Buffer d7 c8 af 29 1a 63 4b 7a 67 de 77 17 d8 af e1 4a 5b 1e 37 e9 f3 6c dd 71 3a 90 2c a1 39 1f ce a1>
  },
  indexInfo: {
    baseKey: <Buffer 05 e3 7b 00 eb 40 7b 60 2e c5 ec b6 7c d1 8a 0b ba d9 02 ee 79 1a c2 57 be f1 20 ac 6a 06 78 51 6d>,
    baseKeyType: 1,
    closed: -1,
    used: 1791105015076,
    created: 1791105015076,
    remoteIdentityKey: <Buffer 05 3a 55 84 47 39 c0 38 94 bb eb ee 22 28 90 6f 28 2d a4 1e 12 1e c5 b8 4f f7 4e 8b 1f 71 5c cd 27>
  },
  pendingPreKey: {
    signedKeyId: 4106625,
    baseKey: <Buffer 05 e3 7b 00 eb 40 7b 60 2e c5 ec b6 7c d1 8a 0b ba d9 02 ee 79 1a c2 57 be f1 20 ac 6a 06 78 51 6d>,
    preKeyId: 10009605
  }
}
Closing session: SessionEntry {
  _chains: {
    'BfwALZV1hhzhaPSAFhhlHVeTEZB/QOgLM1yRNnnm9qp+': { chainKey: [Object], chainType: 1, messageKeys: {} }
  },
  registrationId: 696180770,
  currentRatchet: {
    ephemeralKeyPair: {
      pubKey: <Buffer 05 fc 00 2d 95 75 86 1c e1 68 f4 80 16 18 65 1d 57 93 11 90 7f 40 e8 0b 33 5c 91 36 79 e6 f6 aa 7e>,
      privKey: <Buffer 70 27 74 4f 2c e6 47 69 7e 11 53 33 db e1 3a 47 7d cd ee 35 ad c9 ba 34 36 4d dc 8b 6f 08 54 50>
    },
    lastRemoteEphemeralKey: <Buffer 05 97 52 90 47 b7 16 a2 db 3c 51 74 ff 67 32 0f c8 0e 7d b9 3c 55 aa 97 d6 d9 6a 08 2e c6 de a3 06>,
    previousCounter: 0,
    rootKey: <Buffer 9e da 35 79 85 e3 40 a6 01 80 be 0a 7d 21 7c a8 00 8b e3 83 91 31 a4 69 19 43 35 7c 0d 7a 91 bd>
  },
  indexInfo: {
    baseKey: <Buffer 05 e9 57 64 85 bc 19 51 dd ef 46 bb 0c 37 7c 95 91 7b 35 57 f5 b8 aa 14 e0 73 8f e5 18 2a fd 54 2d>,
    baseKeyType: 1,
    closed: -1,
    used: 1791105020336,
    created: 1791105020336,
    remoteIdentityKey: <Buffer 05 3a 55 84 47 39 c0 38 94 bb eb ee 22 28 90 6f 28 2d a4 1e 12 1e c5 b8 4f f7 4e 8b 1f 71 5c cd 27>
  },
  pendingPreKey: {
    signedKeyId: 4106625,
    baseKey: <Buffer 05 e9 57 64 85 bc 19 51 dd ef 46 bb 0c 37 7c 95 91 7b 35 57 f5 b8 aa 14 e0 73 8f e5 18 2a fd 54 2d>,
    preKeyId: 10009566
  }
}
Closing session: SessionEntry {
  _chains: {
    'BUlWVpVvBZBH4wNPvl4joG3g1JsJOgIh2ZAzl7DBU/An': { chainKey: [Object], chainType: 1, messageKeys: {} }
  },
  registrationId: 696180770,
  currentRatchet: {
    ephemeralKeyPair: {
      pubKey: <Buffer 05 49 56 56 95 6f 05 90 47 e3 03 4f be 5e 23 a0 6d e0 d4 9b 09 3a 02 21 d9 90 33 97 b0 c1 53 f0 27>,
      privKey: <Buffer 30 d1 1d 38 67 e1 09 73 7d 7b db af 6a d6 c3 27 89 29 4a a3 25 50 94 94 78 4f c0 34 cd e1 c9 70>
    },
    lastRemoteEphemeralKey: <Buffer 05 97 52 90 47 b7 16 a2 db 3c 51 74 ff 67 32 0f c8 0e 7d b9 3c 55 aa 97 d6 d9 6a 08 2e c6 de a3 06>,
    previousCounter: 0,
    rootKey: <Buffer 21 5d e4 42 c0 73 a3 c0 fa b0 5d 09 fe a8 d1 fd 19 06 81 79 e5 af 8f 1b 41 11 4e dc 33 0d 22 6d>
  },
  indexInfo: {
    baseKey: <Buffer 05 c5 8f 61 08 04 b8 54 de 48 aa df f3 b7 45 07 26 18 42 7c 68 e8 e3 3e 47 67 5c 92 6f e9 ed e9 0f>,
    baseKeyType: 1,
    closed: -1,
    used: 1791105025550,
    created: 1791105025550,
    remoteIdentityKey: <Buffer 05 3a 55 84 47 39 c0 38 94 bb eb ee 22 28 90 6f 28 2d a4 1e 12 1e c5 b8 4f f7 4e 8b 1f 71 5c cd 27>
  },
  pendingPreKey: {
    signedKeyId: 4106625,
    baseKey: <Buffer 05 c5 8f 61 08 04 b8 54 de 48 aa df f3 b7 45 07 26 18 42 7c 68 e8 e3 3e 47 67 5c 92 6f e9 ed e9 0f>,
    preKeyId: 10009584
  }
}
Closing session: SessionEntry {
  _chains: {
    'BVkZDrwbwHJk+dRZYV59CE4xIL/Q+hnhpAiXsYa89jdm': { chainKey: [Object], chainType: 1, messageKeys: {} }
  },
  registrationId: 696180770,
  currentRatchet: {
    ephemeralKeyPair: {
      pubKey: <Buffer 05 59 19 0e bc 1b c0 72 64 f9 d4 59 61 5e 7d 08 4e 31 20 bf d0 fa 19 e1 a4 08 97 b1 86 bc f6 37 66>,
      privKey: <Buffer 80 2e 88 80 07 cd 12 aa 66 f0 41 80 9f 0d 98 fe 07 5f 6b a7 4b 6a c4 64 e7 17 ae f8 94 58 ae 74>
    },
    lastRemoteEphemeralKey: <Buffer 05 97 52 90 47 b7 16 a2 db 3c 51 74 ff 67 32 0f c8 0e 7d b9 3c 55 aa 97 d6 d9 6a 08 2e c6 de a3 06>,
    previousCounter: 0,
    rootKey: <Buffer 76 56 ac 09 d4 4c 04 a1 7b fd ad a0 29 d4 e6 1d 9c fa 62 a2 a0 33 08 b3 6d bc f3 c2 4c 4e 9b ce>
  },
  indexInfo: {
    baseKey: <Buffer 05 f5 6b f5 57 47 b6 0b 7b 88 b4 80 7b b7 af ec 29 cf 32 02 52 62 62 62 e1 4e dc d2 53 d6 7c 64 2f>,
    baseKeyType: 1,
    closed: -1,
    used: 1791105030933,
    created: 1791105030933,
    remoteIdentityKey: <Buffer 05 3a 55 84 47 39 c0 38 94 bb eb ee 22 28 90 6f 28 2d a4 1e 12 1e c5 b8 4f f7 4e 8b 1f 71 5c cd 27>
  },
  pendingPreKey: {
    signedKeyId: 4106625,
    baseKey: <Buffer 05 f5 6b f5 57 47 b6 0b 7b 88 b4 80 7b b7 af ec 29 cf 32 02 52 62 62 62 e1 4e dc d2 53 d6 7c 64 2f>,
    preKeyId: 10009739
  }
}
Closing session: SessionEntry {
  _chains: {
    'Bff7fylKCaaCAazbBbs0yhv+KONpCSCCd32um4pDVLoc': { chainKey: [Object], chainType: 1, messageKeys: {} }
  },
  registrationId: 696180770,
  currentRatchet: {
    ephemeralKeyPair: {
      pubKey: <Buffer 05 f7 fb 7f 29 4a 09 a6 82 01 ac db 05 bb 34 ca 1b fe 28 e3 69 09 20 82 77 7d ae 9b 8a 43 54 ba 1c>,
      privKey: <Buffer e0 c4 1c 27 57 99 2a 9e 3e c6 13 92 ad 5f 52 3c 96 67 02 ba f3 15 bd 62 14 49 17 cd 6c fc 39 49>
    },
    lastRemoteEphemeralKey: <Buffer 05 97 52 90 47 b7 16 a2 db 3c 51 74 ff 67 32 0f c8 0e 7d b9 3c 55 aa 97 d6 d9 6a 08 2e c6 de a3 06>,
    previousCounter: 0,
    rootKey: <Buffer 28 ea d7 f9 ed 1e 63 1e 95 f9 a9 89 1f 51 cf 7e 66 c6 13 f7 4f 0d 18 bd 88 6c 67 09 00 08 55 72>
  },
  indexInfo: {
    baseKey: <Buffer 05 40 ea 71 4f b7 11 99 b0 f1 f7 03 e1 5c 8a bf 71 cd 9e 50 c6 e2 1c 8a cf 19 cb a6 f6 d7 2b 20 38>,
    baseKeyType: 1,
    closed: -1,
    used: 1791105036184,
    created: 1791105036184,
    remoteIdentityKey: <Buffer 05 3a 55 84 47 39 c0 38 94 bb eb ee 22 28 90 6f 28 2d a4 1e 12 1e c5 b8 4f f7 4e 8b 1f 71 5c cd 27>
  },
  pendingPreKey: {
    signedKeyId: 4106625,
    baseKey: <Buffer 05 40 ea 71 4f b7 11 99 b0 f1 f7 03 e1 5c 8a bf 71 cd 9e 50 c6 e2 1c 8a cf 19 cb a6 f6 d7 2b 20 38>,
    preKeyId: 10009822
  }
}
📩 Pesan dari status@broadcast: ""
📩 Pesan dari 276132691734678@lid: "kdie"
📩 Pesan dari 276132691734678@lid: ""
📩 Pesan dari status@broadcast: ""
📩 Pesan dari 120363433565457866@newsletter: "*tawarkan emel 500-1jt wok, lirik allkos , mail fresh no lengket / cein , ada? tawarin yuk, janji ga pakis*

*calo send aja ke pm*
wa.me/6287864892835"
📩 Pesan dari 120363433565457866@newsletter: "suki😡"
📩 Pesan dari 120363433565457866@newsletter: "wkwk"
📩 Pesan dari 120363433565457866@newsletter: ""
Closing session: SessionEntry {
  _chains: {
    'BaShjG0SJ4y1ARBLuv5SgdgYgm5+RhuaEM3NdiBSj0Al': { chainKey: [Object], chainType: 1, messageKeys: {} }
  },
  registrationId: 696180770,
  currentRatchet: {
    ephemeralKeyPair: {
      pubKey: <Buffer 05 a4 a1 8c 6d 12 27 8c b5 01 10 4b ba fe 52 81 d8 18 82 6e 7e 46 1b 9a 10 cd cd 76 20 52 8f 40 25>,
      privKey: <Buffer 20 b1 a4 27 89 de c7 28 dc 76 75 fa 47 eb 46 ac b2 d6 b3 08 54 4d 25 39 03 7f 3d 61 d8 4f 43 7b>
    },
    lastRemoteEphemeralKey: <Buffer 05 97 52 90 47 b7 16 a2 db 3c 51 74 ff 67 32 0f c8 0e 7d b9 3c 55 aa 97 d6 d9 6a 08 2e c6 de a3 06>,
    previousCounter: 0,
    rootKey: <Buffer 86 dd 99 83 08 ef 51 97 82 bb 0e a0 2c 57 87 fc ed 6d 2f 00 65 8a 20 c0 5e 98 5d ad 35 7a dc f7>
  },
  indexInfo: {
    baseKey: <Buffer 05 fa 55 9e 90 56 47 15 75 25 d2 2a 19 04 f7 4d fa f1 87 b8 3f c6 31 ee 52 f8 b5 9d 36 29 6f 5c 03>,
    baseKeyType: 1,
    closed: -1,
    used: 1791105041465,
    created: 1791105041465,
    remoteIdentityKey: <Buffer 05 3a 55 84 47 39 c0 38 94 bb eb ee 22 28 90 6f 28 2d a4 1e 12 1e c5 b8 4f f7 4e 8b 1f 71 5c cd 27>
  },
  pendingPreKey: {
    signedKeyId: 4106625,
    baseKey: <Buffer 05 fa 55 9e 90 56 47 15 75 25 d2 2a 19 04 f7 4d fa f1 87 b8 3f c6 31 ee 52 f8 b5 9d 36 29 6f 5c 03>,
    preKeyId: 10009727
  }
}
⚠️ Koneksi terputus. Menghubungkan kembali...

✅ BOT KENSHO MART BERHASIL TERHUBUNG SEPENUHNYA!

Closing session: SessionEntry {
  _chains: {
    Bc0pjoPU87JvGjlvUQoGIkUqeo8TeWNDVYmGnkqpxuoc: { chainKey: [Object], chainType: 1, messageKeys: {} }
  },
  registrationId: 696180770,
  currentRatchet: {
    ephemeralKeyPair: {
      pubKey: <Buffer 05 cd 29 8e 83 d4 f3 b2 6f 1a 39 6f 51 0a 06 22 45 2a 7a 8f 13 79 63 43 55 89 86 9e 4a a9 c6 ea 1c>,
      privKey: <Buffer 50 6c 65 c9 d2 3b c6 39 41 70 98 19 e9 3e b8 b0 ac ae e5 2f 69 7d fc dc 39 38 e4 a0 a6 81 f7 74>
    },
    lastRemoteEphemeralKey: <Buffer 05 97 52 90 47 b7 16 a2 db 3c 51 74 ff 67 32 0f c8 0e 7d b9 3c 55 aa 97 d6 d9 6a 08 2e c6 de a3 06>,
    previousCounter: 0,
    rootKey: <Buffer 65 64 03 c5 19 64 71 86 5b 1e 8e f1 bf ed a0 50 43 b4 15 68 14 7f ac 54 10 d1 4e 3b bf 1c 50 85>
  },
  indexInfo: {
    baseKey: <Buffer 05 96 f3 8d f9 5f 6d 15 ce 01 23 a3 0b e7 ca 9f 1c f0 56 c5 2b 04 25 e6 6e 23 e5 4d 7a b8 6f a3 2b>,
    baseKeyType: 1,
    closed: -1,
    used: 1791107365523,
    created: 1791107365523,
    remoteIdentityKey: <Buffer 05 3a 55 84 47 39 c0 38 94 bb eb ee 22 28 90 6f 28 2d a4 1e 12 1e c5 b8 4f f7 4e 8b 1f 71 5c cd 27>
  },
  pendingPreKey: {
    signedKeyId: 4106625,
    baseKey: <Buffer 05 96 f3 8d f9 5f 6d 15 ce 01 23 a3 0b e7 ca 9f 1c f0 56 c5 2b 04 25 e6 6e 23 e5 4d 7a b8 6f a3 2b>,
    preKeyId: 10009726
  }
}
Closing session: SessionEntry {
  _chains: {
    'BZzFIIjpJr13oZ6+kpzvmRckqydr6ofrdep0OH4XTtpV': { chainKey: [Object], chainType: 2, messageKeys: {} },
    'BT6Ds8jngyAnlIn+pU/qT4W9iDvmT8/BjhICdeiBc/0q': { chainKey: [Object], chainType: 1, messageKeys: {} }
  },
  registrationId: 696180770,
  currentRatchet: {
    ephemeralKeyPair: {
      pubKey: <Buffer 05 3e 83 b3 c8 e7 83 20 27 94 89 fe a5 4f ea 4f 85 bd 88 3b e6 4f cf c1 8e 12 02 75 e8 81 73 fd 2a>,
      privKey: <Buffer 18 25 e9 8e 52 35 4d 0d 55 f8 14 ac c7 c1 55 28 2b aa 61 bb 38 a3 52 ef 39 51 f2 a7 a5 c5 6f 50>
    },
    lastRemoteEphemeralKey: <Buffer 05 9c c5 20 88 e9 26 bd 77 a1 9e be 92 9c ef 99 17 24 ab 27 6b ea 87 eb 75 ea 74 38 7e 17 4e da 55>,
    previousCounter: -1,
    rootKey: <Buffer f1 de 2d 22 2c 50 55 4b 08 61 df fc 43 9d 67 19 5e 41 bb ef 23 98 4a 60 3a 34 ad fb b0 1d d1 14>
  },
  indexInfo: {
    baseKey: <Buffer 05 39 81 0b a8 14 37 a0 78 28 85 0f 3c 90 32 8d 89 43 db 44 4a 19 30 5c 98 ea 9a 9f 5d d5 5c d0 17>,
    baseKeyType: 1,
    closed: -1,
    used: 1791122543038,
    created: 1791122543038,
    remoteIdentityKey: <Buffer 05 3a 55 84 47 39 c0 38 94 bb eb ee 22 28 90 6f 28 2d a4 1e 12 1e c5 b8 4f f7 4e 8b 1f 71 5c cd 27>
  },
  pendingPreKey: {
    signedKeyId: 4106625,
    baseKey: <Buffer 05 39 81 0b a8 14 37 a0 78 28 85 0f 3c 90 32 8d 89 43 db 44 4a 19 30 5c 98 ea 9a 9f 5d d5 5c d0 17>,
    preKeyId: 10009803
  }
}
Closing session: SessionEntry {
  _chains: {
    'BZzFIIjpJr13oZ6+kpzvmRckqydr6ofrdep0OH4XTtpV': { chainKey: [Object], chainType: 2, messageKeys: [Object] },
    'BT4t1HexhI80hRyl6uOBOEpbdxhv9j/UtZqSAd/p5Tgr': { chainKey: [Object], chainType: 1, messageKeys: {} }
  },
  registrationId: 696180770,
  currentRatchet: {
    ephemeralKeyPair: {
      pubKey: <Buffer 05 3e 2d d4 77 b1 84 8f 34 85 1c a5 ea e3 81 38 4a 5b 77 18 6f f6 3f d4 b5 9a 92 01 df e9 e5 38 2b>,
      privKey: <Buffer c0 0e 57 45 4b 56 53 b7 1d e2 b6 04 14 16 55 94 75 67 f8 b2 8b 7e 56 18 45 f7 42 0c e3 c6 f3 78>
    },
    lastRemoteEphemeralKey: <Buffer 05 9c c5 20 88 e9 26 bd 77 a1 9e be 92 9c ef 99 17 24 ab 27 6b ea 87 eb 75 ea 74 38 7e 17 4e da 55>,
    previousCounter: -1,
    rootKey: <Buffer 3e 29 96 34 b9 49 d1 21 f3 cb 44 36 a7 14 34 9a 08 68 ed c9 35 3c 0a 83 20 ce bc 13 fa fd 7d 5d>
  },
  indexInfo: {
    baseKey: <Buffer 05 45 ca 14 98 96 4d a7 fa 0c 66 78 66 d2 15 3b 13 7d fc 29 57 0c f9 1d 86 dd 59 64 bc 5b 75 6c 55>,
    baseKeyType: 1,
    closed: -1,
    used: 1791122547875,
    created: 1791122547875,
    remoteIdentityKey: <Buffer 05 3a 55 84 47 39 c0 38 94 bb eb ee 22 28 90 6f 28 2d a4 1e 12 1e c5 b8 4f f7 4e 8b 1f 71 5c cd 27>
  },
  pendingPreKey: {
    signedKeyId: 4106625,
    baseKey: <Buffer 05 45 ca 14 98 96 4d a7 fa 0c 66 78 66 d2 15 3b 13 7d fc 29 57 0c f9 1d 86 dd 59 64 bc 5b 75 6c 55>,
    preKeyId: 10009635
  }
}
Closing session: SessionEntry {
  _chains: {
    'BZzFIIjpJr13oZ6+kpzvmRckqydr6ofrdep0OH4XTtpV': { chainKey: [Object], chainType: 2, messageKeys: [Object] },
    'BcnbsP4NIr+UMuAck66usfmlFj8RCgQYCjZJTDV6UURH': { chainKey: [Object], chainType: 1, messageKeys: {} }
  },
  registrationId: 696180770,
  currentRatchet: {
    ephemeralKeyPair: {
      pubKey: <Buffer 05 c9 db b0 fe 0d 22 bf 94 32 e0 1c 93 ae ae b1 f9 a5 16 3f 11 0a 04 18 0a 36 49 4c 35 7a 51 44 47>,
      privKey: <Buffer 40 f2 60 5d 12 af a7 23 73 cd 9f 2c 5c 94 61 6d b1 70 80 e4 ba 06 48 36 0f 08 8c c2 58 ac c5 47>
    },
    lastRemoteEphemeralKey: <Buffer 05 9c c5 20 88 e9 26 bd 77 a1 9e be 92 9c ef 99 17 24 ab 27 6b ea 87 eb 75 ea 74 38 7e 17 4e da 55>,
    previousCounter: -1,
    rootKey: <Buffer cb aa f7 b1 87 e3 4c c7 91 0f 14 53 14 a4 58 e4 df 90 50 06 b5 37 db 5e 3e 8f 1a 07 b8 4d a6 23>
  },
  indexInfo: {
    baseKey: <Buffer 05 ca 36 18 31 9c 29 09 26 e3 e3 c8 13 10 fd c0 a2 e9 dd 62 a8 29 db fd 5b 7e 04 bd db d5 d4 9b 11>,
    baseKeyType: 1,
    closed: -1,
    used: 1791122553591,
    created: 1791122553591,
    remoteIdentityKey: <Buffer 05 3a 55 84 47 39 c0 38 94 bb eb ee 22 28 90 6f 28 2d a4 1e 12 1e c5 b8 4f f7 4e 8b 1f 71 5c cd 27>
  },
  pendingPreKey: {
    signedKeyId: 4106625,
    baseKey: <Buffer 05 ca 36 18 31 9c 29 09 26 e3 e3 c8 13 10 fd c0 a2 e9 dd 62 a8 29 db fd 5b 7e 04 bd db d5 d4 9b 11>,
    preKeyId: 10009730
  }
}
Removing old closed session: SessionEntry {
  _chains: {
    'BVy+LeZTVqfPa9RcMY2iMV9GUbq2j7vNaHn03flAaMd0': { chainKey: [Object], chainType: 2, messageKeys: {} },
    'Beron5vQF+fa8DdcHaQ0RsqhqtEZ7j3a1YE72V8jvVFT': { chainKey: [Object], chainType: 2, messageKeys: {} },
    'BWRb3/I7AxTPJ/qwhCrLlPM6Nap2FG/rWvli90SluJNa': { chainKey: [Object], chainType: 1, messageKeys: {} }
  },
  registrationId: 696180770,
  currentRatchet: {
    ephemeralKeyPair: {
      pubKey: <Buffer 05 64 5b df f2 3b 03 14 cf 27 fa b0 84 2a cb 94 f3 3a 35 aa 76 14 6f eb 5a f9 62 f7 44 a5 b8 93 5a>,
      privKey: <Buffer f0 dd 62 9d b6 56 d9 c6 17 a3 e4 44 df 86 4d cc 01 ba 2a 74 50 f8 14 e5 bf 42 03 39 bb 1e 25 42>
    },
    lastRemoteEphemeralKey: <Buffer 05 ea e8 9f 9b d0 17 e7 da f0 37 5c 1d a4 34 46 ca a1 aa d1 19 ee 3d da d5 81 3b d9 5f 23 bd 51 53>,
    previousCounter: 1,
    rootKey: <Buffer fd b7 ad 5d 33 60 d7 95 9b 38 be 4e 3d a3 97 6f e0 cb d4 55 d9 ba 7a 9f e9 2d a8 1b 91 aa ca 13>
  },
  indexInfo: {
    baseKey: <Buffer 05 c8 74 7d 16 f7 ef 94 72 2f 5a 93 58 33 bb 0a 51 15 77 38 b5 92 c1 97 75 71 2d 9f c0 7b 54 74 5f>,
    baseKeyType: 2,
    closed: 1791095156305,
    used: 1791092698978,
    created: 1791092694069,
    remoteIdentityKey: <Buffer 05 3a 55 84 47 39 c0 38 94 bb eb ee 22 28 90 6f 28 2d a4 1e 12 1e c5 b8 4f f7 4e 8b 1f 71 5c cd 27>
  }
}
Closing session: SessionEntry {
  _chains: {
    'BZzFIIjpJr13oZ6+kpzvmRckqydr6ofrdep0OH4XTtpV': { chainKey: [Object], chainType: 2, messageKeys: [Object] },
    'BSTundnP1xgofH/HB9fxcg3D0CVSwY2GmaXSDBiDf0Yh': { chainKey: [Object], chainType: 1, messageKeys: {} }
  },
  registrationId: 696180770,
  currentRatchet: {
    ephemeralKeyPair: {
      pubKey: <Buffer 05 24 ee 9d d9 cf d7 18 28 7c 7f c7 07 d7 f1 72 0d c3 d0 25 52 c1 8d 86 99 a5 d2 0c 18 83 7f 46 21>,
      privKey: <Buffer 30 59 81 e4 ad c6 13 fa de 1d ad be c4 04 f6 38 96 34 f8 ae 8a 28 49 f3 34 f5 e4 61 07 50 60 60>
    },
    lastRemoteEphemeralKey: <Buffer 05 9c c5 20 88 e9 26 bd 77 a1 9e be 92 9c ef 99 17 24 ab 27 6b ea 87 eb 75 ea 74 38 7e 17 4e da 55>,
    previousCounter: -1,
    rootKey: <Buffer 98 9d 28 bb 9e ef 89 dc 8d 01 9c fc 8e b2 b5 35 fa 8a 94 1e 5d 1b 15 a9 1f 88 04 d1 4a ee 77 f3>
  },
  indexInfo: {
    baseKey: <Buffer 05 56 d7 15 70 ae 3e de b8 6f b0 d3 f8 54 99 fc 5e f9 89 27 0e d1 bf a4 b7 c7 13 b8 df 28 ac 7f 55>,
    baseKeyType: 1,
    closed: -1,
    used: 1791122558659,
    created: 1791122558659,
    remoteIdentityKey: <Buffer 05 3a 55 84 47 39 c0 38 94 bb eb ee 22 28 90 6f 28 2d a4 1e 12 1e c5 b8 4f f7 4e 8b 1f 71 5c cd 27>
  },
  pendingPreKey: {
    signedKeyId: 4106625,
    baseKey: <Buffer 05 56 d7 15 70 ae 3e de b8 6f b0 d3 f8 54 99 fc 5e f9 89 27 0e d1 bf a4 b7 c7 13 b8 df 28 ac 7f 55>,
    preKeyId: 10009551
  }
}
Removing old closed session: SessionEntry {
  _chains: {
    'BTtIXdbb0S5QbQITjrHHX/xMrBbt3T06T+kmXfKVctNW': { chainKey: [Object], chainType: 2, messageKeys: {} },
    BYX6qpsQkouhilwA0B10ekIZxTxWvOaI1DG8hsLcGoFd: { chainKey: [Object], chainType: 1, messageKeys: {} }
  },
  registrationId: 696180770,
  currentRatchet: {
    ephemeralKeyPair: {
      pubKey: <Buffer 05 85 fa aa 9b 10 92 8b a1 8a 5c 00 d0 1d 74 7a 42 19 c5 3c 56 bc e6 88 d4 31 bc 86 c2 dc 1a 81 5d>,
      privKey: <Buffer 50 11 00 99 4f b0 96 09 0c 79 4b ea a4 45 de c5 2b c4 a5 47 dd 28 6a 3c 46 d1 a3 e1 1f 4e a1 6d>
    },
    lastRemoteEphemeralKey: <Buffer 05 3b 48 5d d6 db d1 2e 50 6d 02 13 8e b1 c7 5f fc 4c ac 16 ed dd 3d 3a 4f e9 26 5d f2 95 72 d3 56>,
    previousCounter: 0,
    rootKey: <Buffer 10 d3 3f 94 86 00 33 f2 fd 36 b5 54 38 e0 9a 7a b7 4f 2c 2c 36 61 e3 9f 59 0e 24 b8 f5 97 73 87>
  },
  indexInfo: {
    baseKey: <Buffer 05 0f 65 72 7c 8b 45 22 52 31 e7 d6 53 dd 44 19 1e bb 08 1c d1 ef c9 56 97 7d a4 91 e4 72 c1 28 69>,
    baseKeyType: 2,
    closed: 1791095162281,
    used: 1791095156310,
    created: 1791095156310,
    remoteIdentityKey: <Buffer 05 3a 55 84 47 39 c0 38 94 bb eb ee 22 28 90 6f 28 2d a4 1e 12 1e c5 b8 4f f7 4e 8b 1f 71 5c cd 27>
  }
}
Closing session: SessionEntry {
  _chains: {
    'BZzFIIjpJr13oZ6+kpzvmRckqydr6ofrdep0OH4XTtpV': { chainKey: [Object], chainType: 2, messageKeys: [Object] },
    'BUVmfam1zS/SHm94Gl2GdeQw/XAw9c96sB3IY1CWpqx0': { chainKey: [Object], chainType: 1, messageKeys: {} }
  },
  registrationId: 696180770,
  currentRatchet: {
    ephemeralKeyPair: {
      pubKey: <Buffer 05 45 66 7d a9 b5 cd 2f d2 1e 6f 78 1a 5d 86 75 e4 30 fd 70 30 f5 cf 7a b0 1d c8 63 50 96 a6 ac 74>,
      privKey: <Buffer b0 e8 80 c1 fc b5 29 53 e4 3d 88 9d 98 9e f3 9c 85 a9 94 c1 66 72 8c ab a3 e9 31 e1 42 5a 3b 5c>
    },
    lastRemoteEphemeralKey: <Buffer 05 9c c5 20 88 e9 26 bd 77 a1 9e be 92 9c ef 99 17 24 ab 27 6b ea 87 eb 75 ea 74 38 7e 17 4e da 55>,
    previousCounter: -1,
    rootKey: <Buffer 57 81 9f 85 b5 13 32 76 6f ff c2 c8 7d 25 3b 53 28 29 ac 37 db eb 98 6f 21 d8 e4 87 dd ce e1 25>
  },
  indexInfo: {
    baseKey: <Buffer 05 f9 34 3d cb 19 68 12 f1 a5 d6 1b 85 01 9e 4b ce 94 b3 3a 0f 7d e4 42 5e 8e 70 ce e5 4d 0a f4 25>,
    baseKeyType: 1,
    closed: -1,
    used: 1791122564259,
    created: 1791122564259,
    remoteIdentityKey: <Buffer 05 3a 55 84 47 39 c0 38 94 bb eb ee 22 28 90 6f 28 2d a4 1e 12 1e c5 b8 4f f7 4e 8b 1f 71 5c cd 27>
  },
  pendingPreKey: {
    signedKeyId: 4106625,
    baseKey: <Buffer 05 f9 34 3d cb 19 68 12 f1 a5 d6 1b 85 01 9e 4b ce 94 b3 3a 0f 7d e4 42 5e 8e 70 ce e5 4d 0a f4 25>,
    preKeyId: 10009814
  }
}
Removing old closed session: SessionEntry {
  _chains: {
    'BdAVpxqXmjkq7Vf3VfnqVw4+SE4aPu4F3EGoTVU4aEYT': { chainKey: [Object], chainType: 1, messageKeys: {} }
  },
  registrationId: 696180770,
  currentRatchet: {
    ephemeralKeyPair: {
      pubKey: <Buffer 05 d0 15 a7 1a 97 9a 39 2a ed 57 f7 55 f9 ea 57 0e 3e 48 4e 1a 3e ee 05 dc 41 a8 4d 55 38 68 46 13>,
      privKey: <Buffer 00 33 d2 86 45 22 7c c5 9a e2 91 2f 6f 7e 49 2a 24 9e 59 1b a3 65 bd bf 93 ae 54 f3 51 1f 58 4e>
    },
    lastRemoteEphemeralKey: <Buffer 05 97 52 90 47 b7 16 a2 db 3c 51 74 ff 67 32 0f c8 0e 7d b9 3c 55 aa 97 d6 d9 6a 08 2e c6 de a3 06>,
    previousCounter: 0,
    rootKey: <Buffer 27 98 a5 97 67 03 b5 37 48 d3 82 b8 71 17 33 7e 30 e7 f5 8f e5 6f 08 3e 31 86 96 e9 c9 94 6a f6>
  },
  indexInfo: {
    baseKey: <Buffer 05 5a 3c be 24 3f 52 fb 08 c5 b4 02 61 d5 3d ba 75 09 68 ef 50 8b 9f 7a df 33 23 f6 61 59 21 cc 03>,
    baseKeyType: 1,
    closed: 1791095167163,
    used: 1791095162273,
    created: 1791095162273,
    remoteIdentityKey: <Buffer 05 3a 55 84 47 39 c0 38 94 bb eb ee 22 28 90 6f 28 2d a4 1e 12 1e c5 b8 4f f7 4e 8b 1f 71 5c cd 27>
  },
  pendingPreKey: {
    signedKeyId: 4106625,
    baseKey: <Buffer 05 5a 3c be 24 3f 52 fb 08 c5 b4 02 61 d5 3d ba 75 09 68 ef 50 8b 9f 7a df 33 23 f6 61 59 21 cc 03>,
    preKeyId: 10009574
  }
}
Closing session: SessionEntry {
  _chains: {
    'BZzFIIjpJr13oZ6+kpzvmRckqydr6ofrdep0OH4XTtpV': { chainKey: [Object], chainType: 2, messageKeys: [Object] },
    BYJdf7S5q5OvVxz8u5cha7L3GwdWCgZb7CkhUgq9PUNi: { chainKey: [Object], chainType: 1, messageKeys: {} }
  },
  registrationId: 696180770,
  currentRatchet: {
    ephemeralKeyPair: {
      pubKey: <Buffer 05 82 5d 7f b4 b9 ab 93 af 57 1c fc bb 97 21 6b b2 f7 1b 07 56 0a 06 5b ec 29 21 52 0a bd 3d 43 62>,
      privKey: <Buffer 38 ca e9 2c 66 8f bf 20 75 a5 61 01 f9 95 1a e1 7c d9 5e 25 36 32 86 87 6a f9 d8 98 0b ca d6 40>
    },
    lastRemoteEphemeralKey: <Buffer 05 9c c5 20 88 e9 26 bd 77 a1 9e be 92 9c ef 99 17 24 ab 27 6b ea 87 eb 75 ea 74 38 7e 17 4e da 55>,
    previousCounter: -1,
    rootKey: <Buffer 36 96 9d 48 b6 b8 00 1c 5a 7f bc bc ec 64 a1 3a e8 2f 18 84 77 b2 63 11 c0 6a 88 74 bb 26 2b 30>
  },
  indexInfo: {
    baseKey: <Buffer 05 c5 ae af e1 42 2d 74 25 49 ba e5 de 88 79 24 ed 5b fd 8e 0f 7c 77 8a ba fe 5b 95 f3 7f ac 92 7d>,
    baseKeyType: 1,
    closed: -1,
    used: 1791122569289,
    created: 1791122569289,
    remoteIdentityKey: <Buffer 05 3a 55 84 47 39 c0 38 94 bb eb ee 22 28 90 6f 28 2d a4 1e 12 1e c5 b8 4f f7 4e 8b 1f 71 5c cd 27>
  },
  pendingPreKey: {
    signedKeyId: 4106625,
    baseKey: <Buffer 05 c5 ae af e1 42 2d 74 25 49 ba e5 de 88 79 24 ed 5b fd 8e 0f 7c 77 8a ba fe 5b 95 f3 7f ac 92 7d>,
    preKeyId: 10009708
  }
}
Removing old closed session: SessionEntry {
  _chains: {
    'BSTgAwylVtzyN5QFeMPNuKQWT/uPQ5QsEqKvdP0Zz154': { chainKey: [Object], chainType: 1, messageKeys: {} }
  },
  registrationId: 696180770,
  currentRatchet: {
    ephemeralKeyPair: {
      pubKey: <Buffer 05 24 e0 03 0c a5 56 dc f2 37 94 05 78 c3 cd b8 a4 16 4f fb 8f 43 94 2c 12 a2 af 74 fd 19 cf 5e 78>,
      privKey: <Buffer 68 03 73 71 9d e5 5b dd 76 64 f1 c1 10 ba a7 55 8a 43 1e ce cb 55 c3 0f 0e ae 4f 7b a9 77 e8 4b>
    },
    lastRemoteEphemeralKey: <Buffer 05 97 52 90 47 b7 16 a2 db 3c 51 74 ff 67 32 0f c8 0e 7d b9 3c 55 aa 97 d6 d9 6a 08 2e c6 de a3 06>,
    previousCounter: 0,
    rootKey: <Buffer be ed 41 e7 30 de 1b 1e ec 5b c1 d3 2f c1 dd fb 1d a1 41 84 fb c5 6b a7 2a e8 6b 94 fe d0 fe b6>
  },
  indexInfo: {
    baseKey: <Buffer 05 d4 2c 06 1a 9f 27 c5 d6 5f f8 bb c0 0e 76 c9 c7 00 08 02 d0 92 48 45 79 7b 0a 61 9f 95 de d7 59>,
    baseKeyType: 1,
    closed: 1791100779627,
    used: 1791095167151,
    created: 1791095167151,
    remoteIdentityKey: <Buffer 05 3a 55 84 47 39 c0 38 94 bb eb ee 22 28 90 6f 28 2d a4 1e 12 1e c5 b8 4f f7 4e 8b 1f 71 5c cd 27>
  },
  pendingPreKey: {
    signedKeyId: 4106625,
    baseKey: <Buffer 05 d4 2c 06 1a 9f 27 c5 d6 5f f8 bb c0 0e 76 c9 c7 00 08 02 d0 92 48 45 79 7b 0a 61 9f 95 de d7 59>,
    preKeyId: 10009835
  }
}
Closing session: SessionEntry {
  _chains: {
    'BZzFIIjpJr13oZ6+kpzvmRckqydr6ofrdep0OH4XTtpV': { chainKey: [Object], chainType: 2, messageKeys: [Object] },
    BeVUscuHtmZrOWVwcsTMinbglNRUtymDCxMesqyr2f5b: { chainKey: [Object], chainType: 1, messageKeys: {} }
  },
  registrationId: 696180770,
  currentRatchet: {
    ephemeralKeyPair: {
      pubKey: <Buffer 05 e5 54 b1 cb 87 b6 66 6b 39 65 70 72 c4 cc 8a 76 e0 94 d4 54 b7 29 83 0b 13 1e b2 ac ab d9 fe 5b>,
      privKey: <Buffer 38 21 db 19 85 f0 70 e9 18 20 77 38 0c e2 26 b1 6a a2 65 30 f5 5e d5 b6 b9 e5 62 aa 7d 80 f3 41>
    },
    lastRemoteEphemeralKey: <Buffer 05 9c c5 20 88 e9 26 bd 77 a1 9e be 92 9c ef 99 17 24 ab 27 6b ea 87 eb 75 ea 74 38 7e 17 4e da 55>,
    previousCounter: -1,
    rootKey: <Buffer d8 e0 90 73 44 1e fd 8d 45 34 c8 74 f9 a4 9a 4c 18 8e 50 f3 ba 0c c4 d5 99 a2 b9 a6 2e 31 fa b1>
  },
  indexInfo: {
    baseKey: <Buffer 05 d0 76 f9 89 b2 01 6e 26 3e 8f 5e 5e 8c 34 1a 8b 97 b0 11 b1 0f 75 1c 17 cc 61 dd ca 98 31 6a 53>,
    baseKeyType: 1,
    closed: -1,
    used: 1791122574509,
    created: 1791122574509,
    remoteIdentityKey: <Buffer 05 3a 55 84 47 39 c0 38 94 bb eb ee 22 28 90 6f 28 2d a4 1e 12 1e c5 b8 4f f7 4e 8b 1f 71 5c cd 27>
  },
  pendingPreKey: {
    signedKeyId: 4106625,
    baseKey: <Buffer 05 d0 76 f9 89 b2 01 6e 26 3e 8f 5e 5e 8c 34 1a 8b 97 b0 11 b1 0f 75 1c 17 cc 61 dd ca 98 31 6a 53>,
    preKeyId: 10009862
  }
}
Removing old closed session: SessionEntry {
  _chains: {
    'Bed5dgO3/UswHxNcYOIWBuakaMOwle8P1bfFQ9vvNWU9': { chainKey: [Object], chainType: 2, messageKeys: {} },
    'BUepVpKV0nZelQFfP1RtzBQ/5kEOP21qv7rirCF5gkEs': { chainKey: [Object], chainType: 2, messageKeys: {} },
    BRdPe97tmZkBTSbnzq9pgePAXYrJiRInMEQd5wRdBXdH: { chainKey: [Object], chainType: 1, messageKeys: {} }
  },
  registrationId: 696180770,
  currentRatchet: {
    ephemeralKeyPair: {
      pubKey: <Buffer 05 17 4f 7b de ed 99 99 01 4d 26 e7 ce af 69 81 e3 c0 5d 8a c9 89 12 27 30 44 1d e7 04 5d 05 77 47>,
      privKey: <Buffer 98 11 2e c9 ef 97 62 d1 af 76 2e 9c 52 9c b5 bd 62 6f 01 63 af a8 3e c8 16 45 95 bd c9 80 cb 6a>
    },
    lastRemoteEphemeralKey: <Buffer 05 47 a9 56 92 95 d2 76 5e 95 01 5f 3f 54 6d cc 14 3f e6 41 0e 3f 6d 6a bf ba e2 ac 21 79 82 41 2c>,
    previousCounter: 0,
    rootKey: <Buffer 3c 8d 70 32 12 43 ac fe a9 c2 d9 1d 59 4d 1d df bf 69 95 ce 4a bf d8 b2 76 15 c3 a3 47 9d e2 62>
  },
  indexInfo: {
    baseKey: <Buffer 05 ca 5e 00 69 4a 44 29 ac ec 61 53 d2 48 1f ab 48 0d e0 13 f2 bd 30 71 3b b1 60 36 cc 79 6a 90 7b>,
    baseKeyType: 1,
    closed: 1791101805385,
    used: 1791104988001,
    created: 1791100779570,
    remoteIdentityKey: <Buffer 05 3a 55 84 47 39 c0 38 94 bb eb ee 22 28 90 6f 28 2d a4 1e 12 1e c5 b8 4f f7 4e 8b 1f 71 5c cd 27>
  }
}
Closing session: SessionEntry {
  _chains: {
    'BZzFIIjpJr13oZ6+kpzvmRckqydr6ofrdep0OH4XTtpV': { chainKey: [Object], chainType: 2, messageKeys: [Object] },
    Ba6m1ANmsLDMsDaZ9SaWmeLngLdwyPfP9E9FH38PZ3hF: { chainKey: [Object], chainType: 1, messageKeys: {} }
  },
  registrationId: 696180770,
  currentRatchet: {
    ephemeralKeyPair: {
      pubKey: <Buffer 05 ae a6 d4 03 66 b0 b0 cc b0 36 99 f5 26 96 99 e2 e7 80 b7 70 c8 f7 cf f4 4f 45 1f 7f 0f 67 78 45>,
      privKey: <Buffer 38 33 63 a2 dc e9 52 e4 e7 3b f6 d5 34 09 03 e1 8d bc af 6c d3 ef 25 b4 09 36 16 0c a6 2e 5b 6f>
    },
    lastRemoteEphemeralKey: <Buffer 05 9c c5 20 88 e9 26 bd 77 a1 9e be 92 9c ef 99 17 24 ab 27 6b ea 87 eb 75 ea 74 38 7e 17 4e da 55>,
    previousCounter: -1,
    rootKey: <Buffer df d2 7b b8 4c 3e 3b ab ef ac 18 ad 85 be 86 e7 8d 18 01 c1 f5 ff e5 88 49 28 78 c3 50 39 6c 8e>
  },
  indexInfo: {
    baseKey: <Buffer 05 76 c0 1b d0 08 1c bd d4 2f fa dc 9c 73 76 8d eb 60 56 87 7d 42 5a 70 cc 22 28 23 e0 48 7e 89 0c>,
    baseKeyType: 1,
    closed: -1,
    used: 1791122579989,
    created: 1791122579989,
    remoteIdentityKey: <Buffer 05 3a 55 84 47 39 c0 38 94 bb eb ee 22 28 90 6f 28 2d a4 1e 12 1e c5 b8 4f f7 4e 8b 1f 71 5c cd 27>
  },
  pendingPreKey: {
    signedKeyId: 4106625,
    baseKey: <Buffer 05 76 c0 1b d0 08 1c bd d4 2f fa dc 9c 73 76 8d eb 60 56 87 7d 42 5a 70 cc 22 28 23 e0 48 7e 89 0c>,
    preKeyId: 10009623
  }
}
Removing old closed session: SessionEntry {
  _chains: {
    'BUepVpKV0nZelQFfP1RtzBQ/5kEOP21qv7rirCF5gkEs': { chainKey: [Object], chainType: 2, messageKeys: [Object] },
    'BfbEnNgXGg2neZGWPMLRy78CHHw+kPLeNhx5ZdFc1ux4': { chainKey: [Object], chainType: 1, messageKeys: {} }
  },
  registrationId: 696180770,
  currentRatchet: {
    ephemeralKeyPair: {
      pubKey: <Buffer 05 f6 c4 9c d8 17 1a 0d a7 79 91 96 3c c2 d1 cb bf 02 1c 7c 3e 90 f2 de 36 1c 79 65 d1 5c d6 ec 78>,
      privKey: <Buffer 70 9e 8a ef 4e fc 4a 92 70 33 84 18 03 74 02 33 05 22 c7 b7 cd 29 82 c8 0e e1 f6 51 c5 6a 3a 7b>
    },
    lastRemoteEphemeralKey: <Buffer 05 47 a9 56 92 95 d2 76 5e 95 01 5f 3f 54 6d cc 14 3f e6 41 0e 3f 6d 6a bf ba e2 ac 21 79 82 41 2c>,
    previousCounter: -1,
    rootKey: <Buffer 00 8f 0c 7f a6 b7 68 59 d4 36 9e 83 55 74 0b 5b 6d e5 f1 5b 23 6c 06 f1 82 bd 5a 1d 7f 6e 6c 3a>
  },
  indexInfo: {
    baseKey: <Buffer 05 41 04 24 d1 68 c7 2c e8 4e a5 b2 6e f1 08 b5 1f b1 f8 57 cd 1a 6b 4c c4 44 94 f4 4c 02 0a b5 4a>,
    baseKeyType: 1,
    closed: 1791101810917,
    used: 1791101805352,
    created: 1791101805352,
    remoteIdentityKey: <Buffer 05 3a 55 84 47 39 c0 38 94 bb eb ee 22 28 90 6f 28 2d a4 1e 12 1e c5 b8 4f f7 4e 8b 1f 71 5c cd 27>
  },
  pendingPreKey: {
    signedKeyId: 4106625,
    baseKey: <Buffer 05 41 04 24 d1 68 c7 2c e8 4e a5 b2 6e f1 08 b5 1f b1 f8 57 cd 1a 6b 4c c4 44 94 f4 4c 02 0a b5 4a>,
    preKeyId: 10009866
  }
}
📩 Pesan dari 120363433565457866@newsletter: ""
Closing session: SessionEntry {
  _chains: {
    'BZzFIIjpJr13oZ6+kpzvmRckqydr6ofrdep0OH4XTtpV': { chainKey: [Object], chainType: 2, messageKeys: [Object] },
    BbLgQVSUkLTvXIinZvhXrYCaQos8wjnQiwQQU91ucFVt: { chainKey: [Object], chainType: 1, messageKeys: {} }
  },
  registrationId: 696180770,
  currentRatchet: {
    ephemeralKeyPair: {
      pubKey: <Buffer 05 b2 e0 41 54 94 90 b4 ef 5c 88 a7 66 f8 57 ad 80 9a 42 8b 3c c2 39 d0 8b 04 10 53 dd 6e 70 55 6d>,
      privKey: <Buffer 70 04 14 30 4a 44 bc ae 7e 70 00 49 55 30 08 42 bf dd e5 e5 36 31 73 47 2e df eb f0 20 9e 12 5e>
    },
    lastRemoteEphemeralKey: <Buffer 05 9c c5 20 88 e9 26 bd 77 a1 9e be 92 9c ef 99 17 24 ab 27 6b ea 87 eb 75 ea 74 38 7e 17 4e da 55>,
    previousCounter: -1,
    rootKey: <Buffer 8c 08 e1 73 64 ac 70 95 8f d9 49 eb aa 90 d4 6d fa 5e cf 2b ed 97 d4 61 72 cb d9 81 81 65 7c e9>
  },
  indexInfo: {
    baseKey: <Buffer 05 df 9f 99 8c 7d 4d f4 91 a5 48 cb 17 3b aa 34 f5 c3 6d de bc ca 76 7b d3 47 43 3b d9 8d b9 0d 1e>,
    baseKeyType: 1,
    closed: -1,
    used: 1791122585178,
    created: 1791122585178,
    remoteIdentityKey: <Buffer 05 3a 55 84 47 39 c0 38 94 bb eb ee 22 28 90 6f 28 2d a4 1e 12 1e c5 b8 4f f7 4e 8b 1f 71 5c cd 27>
  },
  pendingPreKey: {
    signedKeyId: 4106625,
    baseKey: <Buffer 05 df 9f 99 8c 7d 4d f4 91 a5 48 cb 17 3b aa 34 f5 c3 6d de bc ca 76 7b d3 47 43 3b d9 8d b9 0d 1e>,
    preKeyId: 10009823
  }
}
Closing session: SessionEntry {
  _chains: {
    'BVMtV4dY6z2bTjXRwHvOm1RU3q+U3ofUTFh4yZKZhgRs': { chainKey: [Object], chainType: 1, messageKeys: {} }
  },
  registrationId: 696180770,
  currentRatchet: {
    ephemeralKeyPair: {
      pubKey: <Buffer 05 53 2d 57 87 58 eb 3d 9b 4e 35 d1 c0 7b ce 9b 54 54 de af 94 de 87 d4 4c 58 78 c9 92 99 86 04 6c>,
      privKey: <Buffer d0 06 d6 24 3e 5e 0b ea 4e 5a d7 d8 49 76 2d 19 65 78 ad ac cc db 01 08 7c 5e dc 7c c9 ac b7 67>
    },
    lastRemoteEphemeralKey: <Buffer 05 97 52 90 47 b7 16 a2 db 3c 51 74 ff 67 32 0f c8 0e 7d b9 3c 55 aa 97 d6 d9 6a 08 2e c6 de a3 06>,
    previousCounter: 0,
    rootKey: <Buffer 88 7f 0d 40 51 2a 9f 40 9f 96 c3 85 91 e8 de 80 0a 11 19 73 21 d7 16 15 35 dd 6c 79 c6 2c 75 67>
  },
  indexInfo: {
    baseKey: <Buffer 05 52 fc 45 96 1d 70 70 91 66 26 8e c3 89 00 0b 86 9b 2e 6d ac d1 57 30 0e ed f0 5a 50 ca 82 f4 04>,
    baseKeyType: 1,
    closed: -1,
    used: 1791122590437,
    created: 1791122590437,
    remoteIdentityKey: <Buffer 05 3a 55 84 47 39 c0 38 94 bb eb ee 22 28 90 6f 28 2d a4 1e 12 1e c5 b8 4f f7 4e 8b 1f 71 5c cd 27>
  },
  pendingPreKey: {
    signedKeyId: 4106625,
    baseKey: <Buffer 05 52 fc 45 96 1d 70 70 91 66 26 8e c3 89 00 0b 86 9b 2e 6d ac d1 57 30 0e ed f0 5a 50 ca 82 f4 04>,
    preKeyId: 10009806
  }
}
Closing session: SessionEntry {
  _chains: {
    'BTcLivFgsXIr3ou6wo7XGlcv0Ax9+FBvQ9UnlHiSUK1s': { chainKey: [Object], chainType: 1, messageKeys: {} }
  },
  registrationId: 696180770,
  currentRatchet: {
    ephemeralKeyPair: {
      pubKey: <Buffer 05 37 0b 8a f1 60 b1 72 2b de 8b ba c2 8e d7 1a 57 2f d0 0c 7d f8 50 6f 43 d5 27 94 78 92 50 ad 6c>,
      privKey: <Buffer d0 e8 b0 0e a2 68 aa eb 6c be 0c 3a fe 61 bb aa 17 65 9b cc 04 9d c9 f2 3e 8e e9 4e 72 8f df 55>
    },
    lastRemoteEphemeralKey: <Buffer 05 97 52 90 47 b7 16 a2 db 3c 51 74 ff 67 32 0f c8 0e 7d b9 3c 55 aa 97 d6 d9 6a 08 2e c6 de a3 06>,
    previousCounter: 0,
    rootKey: <Buffer f3 1a 8f f0 de 33 78 d7 fe 23 23 6e ce 17 c0 4c f8 b2 37 88 d5 a1 60 c7 7e 4a 14 4c 73 6d 32 14>
  },
  indexInfo: {
    baseKey: <Buffer 05 89 8b d5 e5 8e 91 c8 48 0a 25 47 2c 07 53 47 2b ce be 03 1d c0 31 eb 65 ca c1 b1 7a fa 68 cf 12>,
    baseKeyType: 1,
    closed: -1,
    used: 1791122595690,
    created: 1791122595690,
    remoteIdentityKey: <Buffer 05 3a 55 84 47 39 c0 38 94 bb eb ee 22 28 90 6f 28 2d a4 1e 12 1e c5 b8 4f f7 4e 8b 1f 71 5c cd 27>
  },
  pendingPreKey: {
    signedKeyId: 4106625,
    baseKey: <Buffer 05 89 8b d5 e5 8e 91 c8 48 0a 25 47 2c 07 53 47 2b ce be 03 1d c0 31 eb 65 ca c1 b1 7a fa 68 cf 12>,
    preKeyId: 10009643
  }
}
Closing session: SessionEntry {
  _chains: {
    BfqT9iV6RAij7IA3rOYe59cq61KZY9W4C3UUSWoru5k6: { chainKey: [Object], chainType: 1, messageKeys: {} }
  },
  registrationId: 696180770,
  currentRatchet: {
    ephemeralKeyPair: {
      pubKey: <Buffer 05 fa 93 f6 25 7a 44 08 a3 ec 80 37 ac e6 1e e7 d7 2a eb 52 99 63 d5 b8 0b 75 14 49 6a 2b bb 99 3a>,
      privKey: <Buffer 78 16 8f 9f a4 dd 70 4f 53 ea 33 59 76 5b 95 28 30 5e f3 76 15 c3 54 e9 59 99 cb de 78 1a 0e 4b>
    },
    lastRemoteEphemeralKey: <Buffer 05 97 52 90 47 b7 16 a2 db 3c 51 74 ff 67 32 0f c8 0e 7d b9 3c 55 aa 97 d6 d9 6a 08 2e c6 de a3 06>,
    previousCounter: 0,
    rootKey: <Buffer f5 38 3a 1e 4b 0b 9f a0 4d 99 91 89 65 da 08 e7 86 a3 f1 06 3c 83 fa ca f9 bf 00 8c bb 40 a7 38>
  },
  indexInfo: {
    baseKey: <Buffer 05 3d 79 81 af bb 38 4a 48 68 e2 d8 11 25 8b e0 7a 0e 89 0c 24 16 90 63 04 cd 8d b3 aa 64 79 af 27>,
    baseKeyType: 1,
    closed: -1,
    used: 1791122601023,
    created: 1791122601023,
    remoteIdentityKey: <Buffer 05 3a 55 84 47 39 c0 38 94 bb eb ee 22 28 90 6f 28 2d a4 1e 12 1e c5 b8 4f f7 4e 8b 1f 71 5c cd 27>
  },
  pendingPreKey: {
    signedKeyId: 4106625,
    baseKey: <Buffer 05 3d 79 81 af bb 38 4a 48 68 e2 d8 11 25 8b e0 7a 0e 89 0c 24 16 90 63 04 cd 8d b3 aa 64 79 af 27>,
    preKeyId: 10009744
  }
}
Removing old closed session: SessionEntry {
  _chains: {
    'BUepVpKV0nZelQFfP1RtzBQ/5kEOP21qv7rirCF5gkEs': { chainKey: [Object], chainType: 2, messageKeys: [Object] },
    'BUVG2hUaTOZeXprZSFg6ilxJOti2f/1cj4jyfAtzy8Uo': { chainKey: [Object], chainType: 1, messageKeys: {} }
  },
  registrationId: 696180770,
  currentRatchet: {
    ephemeralKeyPair: {
      pubKey: <Buffer 05 45 46 da 15 1a 4c e6 5e 5e 9a d9 48 58 3a 8a 5c 49 3a d8 b6 7f fd 5c 8f 88 f2 7c 0b 73 cb c5 28>,
      privKey: <Buffer 68 4e e9 fa 27 9c 5b 4e 0d aa e9 b7 30 26 df 7d f1 99 98 3a 44 b0 9d e7 96 3e e5 0a 0c 6c 7c 7b>
    },
    lastRemoteEphemeralKey: <Buffer 05 47 a9 56 92 95 d2 76 5e 95 01 5f 3f 54 6d cc 14 3f e6 41 0e 3f 6d 6a bf ba e2 ac 21 79 82 41 2c>,
    previousCounter: -1,
    rootKey: <Buffer a0 99 87 96 7b 0e b9 df 69 55 44 2a 9f 5d 36 b9 ff 34 a7 cf da 88 fe 19 37 6a 3b 38 b5 9d 92 3c>
  },
  indexInfo: {
    baseKey: <Buffer 05 36 30 55 f7 5d f9 5c b2 7d 0a 11 77 a8 c2 8e 61 21 87 94 b3 51 24 20 2c 33 d4 e7 09 04 51 b2 40>,
    baseKeyType: 1,
    closed: 1791101816446,
    used: 1791101810901,
    created: 1791101810901,
    remoteIdentityKey: <Buffer 05 3a 55 84 47 39 c0 38 94 bb eb ee 22 28 90 6f 28 2d a4 1e 12 1e c5 b8 4f f7 4e 8b 1f 71 5c cd 27>
  },
  pendingPreKey: {
    signedKeyId: 4106625,
    baseKey: <Buffer 05 36 30 55 f7 5d f9 5c b2 7d 0a 11 77 a8 c2 8e 61 21 87 94 b3 51 24 20 2c 33 d4 e7 09 04 51 b2 40>,
    preKeyId: 10009502
  }
}
Removing old closed session: SessionEntry {
  _chains: {
    'BUepVpKV0nZelQFfP1RtzBQ/5kEOP21qv7rirCF5gkEs': { chainKey: [Object], chainType: 2, messageKeys: [Object] },
    BXse0TJ2nyXEWEaaesqRP4dMbO5m5SirhBRajHJM3bdG: { chainKey: [Object], chainType: 1, messageKeys: {} }
  },
  registrationId: 696180770,
  currentRatchet: {
    ephemeralKeyPair: {
      pubKey: <Buffer 05 7b 1e d1 32 76 9f 25 c4 58 46 9a 7a ca 91 3f 87 4c 6c ee 66 e5 28 ab 84 14 5a 8c 72 4c dd b7 46>,
      privKey: <Buffer d0 63 6b ae 78 9d bb a6 ac d0 a3 94 fc 5b 42 bb 67 e3 05 89 f8 6b 44 5a df fb 2d 01 72 46 40 75>
    },
    lastRemoteEphemeralKey: <Buffer 05 47 a9 56 92 95 d2 76 5e 95 01 5f 3f 54 6d cc 14 3f e6 41 0e 3f 6d 6a bf ba e2 ac 21 79 82 41 2c>,
    previousCounter: -1,
    rootKey: <Buffer 09 b4 1b bd 5c a9 00 6c 1a d8 aa 8b 45 28 b9 c7 90 61 34 fc 89 75 4d bc 0f f8 59 b0 56 44 72 76>
  },
  indexInfo: {
    baseKey: <Buffer 05 89 0e 70 6e b4 43 9b 0e 79 c9 27 81 d3 7c 62 7f 35 9c d5 0b 07 a8 d9 2d 83 6c 81 d9 73 d7 f3 12>,
    baseKeyType: 1,
    closed: 1791102302158,
    used: 1791101816350,
    created: 1791101816350,
    remoteIdentityKey: <Buffer 05 3a 55 84 47 39 c0 38 94 bb eb ee 22 28 90 6f 28 2d a4 1e 12 1e c5 b8 4f f7 4e 8b 1f 71 5c cd 27>
  },
  pendingPreKey: {
    signedKeyId: 4106625,
    baseKey: <Buffer 05 89 0e 70 6e b4 43 9b 0e 79 c9 27 81 d3 7c 62 7f 35 9c d5 0b 07 a8 d9 2d 83 6c 81 d9 73 d7 f3 12>,
    preKeyId: 10009547
  }
}
Removing old closed session: SessionEntry {
  _chains: {
    'BUepVpKV0nZelQFfP1RtzBQ/5kEOP21qv7rirCF5gkEs': { chainKey: [Object], chainType: 2, messageKeys: [Object] },
    BUEDBGjzvQWeq77zjbhTyR9pDgtIFLBAXJXjVYiKTjpW: { chainKey: [Object], chainType: 1, messageKeys: {} }
  },
  registrationId: 696180770,
  currentRatchet: {
    ephemeralKeyPair: {
      pubKey: <Buffer 05 41 03 04 68 f3 bd 05 9e ab be f3 8d b8 53 c9 1f 69 0e 0b 48 14 b0 40 5c 95 e3 55 88 8a 4e 3a 56>,
      privKey: <Buffer 48 03 0b 32 5d 74 7e d3 da d7 09 87 a2 93 cb 44 ab 93 69 50 de db be 6a 6b e3 f8 59 ee fd 9e 4d>
    },
    lastRemoteEphemeralKey: <Buffer 05 47 a9 56 92 95 d2 76 5e 95 01 5f 3f 54 6d cc 14 3f e6 41 0e 3f 6d 6a bf ba e2 ac 21 79 82 41 2c>,
    previousCounter: -1,
    rootKey: <Buffer ef 6f 2e 27 0f 38 25 51 38 09 a1 50 a4 3d 15 80 7c d9 bc e2 21 5c 3e 84 ae d2 df 4f 31 79 63 41>
  },
  indexInfo: {
    baseKey: <Buffer 05 da c4 9f e7 3a bd c2 18 82 0e 97 09 65 f1 bc 5f 5d 65 5a 79 5b 76 fe 1e 64 0c e8 96 3d 02 da 79>,
    baseKeyType: 1,
    closed: 1791103726331,
    used: 1791102302141,
    created: 1791102302141,
    remoteIdentityKey: <Buffer 05 3a 55 84 47 39 c0 38 94 bb eb ee 22 28 90 6f 28 2d a4 1e 12 1e c5 b8 4f f7 4e 8b 1f 71 5c cd 27>
  },
  pendingPreKey: {
    signedKeyId: 4106625,
    baseKey: <Buffer 05 da c4 9f e7 3a bd c2 18 82 0e 97 09 65 f1 bc 5f 5d 65 5a 79 5b 76 fe 1e 64 0c e8 96 3d 02 da 79>,
    preKeyId: 10009489
  }
}
Removing old closed session: SessionEntry {
  _chains: {
    'BUepVpKV0nZelQFfP1RtzBQ/5kEOP21qv7rirCF5gkEs': { chainKey: [Object], chainType: 2, messageKeys: [Object] },
    'BRdgOlZnDy8sfBlGELEC/CuGuZKzEnxFh8s5wDnicDQi': { chainKey: [Object], chainType: 1, messageKeys: {} }
  },
  registrationId: 696180770,
  currentRatchet: {
    ephemeralKeyPair: {
      pubKey: <Buffer 05 17 60 3a 56 67 0f 2f 2c 7c 19 46 10 b1 02 fc 2b 86 b9 92 b3 12 7c 45 87 cb 39 c0 39 e2 70 34 22>,
      privKey: <Buffer 08 10 58 2b ae 0d 83 c7 1e 18 e8 64 87 35 39 fa e4 d2 0b 86 5f d0 e2 0a f8 6c bd 00 4f 82 89 40>
    },
    lastRemoteEphemeralKey: <Buffer 05 47 a9 56 92 95 d2 76 5e 95 01 5f 3f 54 6d cc 14 3f e6 41 0e 3f 6d 6a bf ba e2 ac 21 79 82 41 2c>,
    previousCounter: -1,
    rootKey: <Buffer 47 78 33 38 59 68 84 75 fd 28 7c bf 2b d9 fe 9f 03 5c 95 16 04 8e 62 82 5c e8 ab d3 5d 36 bd 24>
  },
  indexInfo: {
    baseKey: <Buffer 05 20 8d b5 58 02 11 3b 96 98 2e 45 12 e4 54 b8 31 7a 6e 13 2a bc 19 a8 57 ff 89 0a dc 90 c5 aa 2e>,
    baseKeyType: 1,
    closed: 1791103731293,
    used: 1791103726180,
    created: 1791103726180,
    remoteIdentityKey: <Buffer 05 3a 55 84 47 39 c0 38 94 bb eb ee 22 28 90 6f 28 2d a4 1e 12 1e c5 b8 4f f7 4e 8b 1f 71 5c cd 27>
  },
  pendingPreKey: {
    signedKeyId: 4106625,
    baseKey: <Buffer 05 20 8d b5 58 02 11 3b 96 98 2e 45 12 e4 54 b8 31 7a 6e 13 2a bc 19 a8 57 ff 89 0a dc 90 c5 aa 2e>,
    preKeyId: 10009791
  }
}
Closing session: SessionEntry {
  _chains: {
    'BZzFIIjpJr13oZ6+kpzvmRckqydr6ofrdep0OH4XTtpV': { chainKey: [Object], chainType: 2, messageKeys: [Object] },
    'BdS+9k1gUF3QQm+zyqKez9P3ZKsHTrOr1rISwPjgwLVP': { chainKey: [Object], chainType: 1, messageKeys: {} }
  },
  registrationId: 696180770,
  currentRatchet: {
    ephemeralKeyPair: {
      pubKey: <Buffer 05 d4 be f6 4d 60 50 5d d0 42 6f b3 ca a2 9e cf d3 f7 64 ab 07 4e b3 ab d6 b2 12 c0 f8 e0 c0 b5 4f>,
      privKey: <Buffer d0 61 a8 12 62 f1 5c d7 36 c7 d8 20 7b 56 32 cf bd 22 7b b2 b3 a4 dd a9 4c 01 d0 b8 62 65 ca 74>
    },
    lastRemoteEphemeralKey: <Buffer 05 9c c5 20 88 e9 26 bd 77 a1 9e be 92 9c ef 99 17 24 ab 27 6b ea 87 eb 75 ea 74 38 7e 17 4e da 55>,
    previousCounter: -1,
    rootKey: <Buffer e8 21 a8 cf 06 c2 d7 ac 1f a0 fc 16 ee 7e 73 14 3a c8 0f 9a b0 98 0d 5a bf 66 f1 c6 2a d0 71 cb>
  },
  indexInfo: {
    baseKey: <Buffer 05 9a c8 a6 2c d7 7d df ab 0f 95 8b 14 69 4b 4a db 8b 06 aa 43 46 2c 43 be 97 62 13 b1 90 2c 18 21>,
    baseKeyType: 1,
    closed: -1,
    used: 1791122606150,
    created: 1791122606150,
    remoteIdentityKey: <Buffer 05 3a 55 84 47 39 c0 38 94 bb eb ee 22 28 90 6f 28 2d a4 1e 12 1e c5 b8 4f f7 4e 8b 1f 71 5c cd 27>
  },
  pendingPreKey: {
    signedKeyId: 4106625,
    baseKey: <Buffer 05 9a c8 a6 2c d7 7d df ab 0f 95 8b 14 69 4b 4a db 8b 06 aa 43 46 2c 43 be 97 62 13 b1 90 2c 18 21>,
    preKeyId: 10009714
  }
}
Removing old closed session: SessionEntry {
  _chains: {
    'BUepVpKV0nZelQFfP1RtzBQ/5kEOP21qv7rirCF5gkEs': { chainKey: [Object], chainType: 2, messageKeys: [Object] },
    'BVsy4HjY3Bdd6oHbU1+55+9XEr1T/HoPthk+hQqfLO5b': { chainKey: [Object], chainType: 1, messageKeys: {} }
  },
  registrationId: 696180770,
  currentRatchet: {
    ephemeralKeyPair: {
      pubKey: <Buffer 05 5b 32 e0 78 d8 dc 17 5d ea 81 db 53 5f b9 e7 ef 57 12 bd 53 fc 7a 0f b6 19 3e 85 0a 9f 2c ee 5b>,
      privKey: <Buffer 10 36 8e 90 11 8c 50 d8 fe e0 db d9 09 3b 82 e6 38 6c ac 3f 17 cd 35 ac e4 27 08 1b 51 1e f1 43>
    },
    lastRemoteEphemeralKey: <Buffer 05 47 a9 56 92 95 d2 76 5e 95 01 5f 3f 54 6d cc 14 3f e6 41 0e 3f 6d 6a bf ba e2 ac 21 79 82 41 2c>,
    previousCounter: -1,
    rootKey: <Buffer eb 11 12 e7 bd 61 fd b3 0e e7 42 51 48 2c 91 42 12 4f 91 85 6d b2 78 47 ab c8 29 23 61 0d f5 f5>
  },
  indexInfo: {
    baseKey: <Buffer 05 52 a0 2c a0 ab f9 cf b6 c2 59 63 1f c7 04 ea c2 63 2d a2 5c d5 8c bc 22 a8 9e 1c d9 23 a8 f6 00>,
    baseKeyType: 1,
    closed: 1791103736754,
    used: 1791103731277,
    created: 1791103731277,
    remoteIdentityKey: <Buffer 05 3a 55 84 47 39 c0 38 94 bb eb ee 22 28 90 6f 28 2d a4 1e 12 1e c5 b8 4f f7 4e 8b 1f 71 5c cd 27>
  },
  pendingPreKey: {
    signedKeyId: 4106625,
    baseKey: <Buffer 05 52 a0 2c a0 ab f9 cf b6 c2 59 63 1f c7 04 ea c2 63 2d a2 5c d5 8c bc 22 a8 9e 1c d9 23 a8 f6 00>,
    preKeyId: 10009773
  }
}
📩 Pesan dari 276132691734678@lid: "https://vt.tiktok.com/zs9dy8gfwd3mn-xi77x/"
📩 Pesan dari 165107552252138@lid: "iyaa gapapaaa"
📩 Pesan dari status@broadcast: ""
📩 Pesan dari status@broadcast: ""

✅ BOT KENSHO MART BERHASIL TERHUBUNG SEPENUHNYA!

Closing session: SessionEntry {
  _chains: {
    'BZzFIIjpJr13oZ6+kpzvmRckqydr6ofrdep0OH4XTtpV': { chainKey: [Object], chainType: 2, messageKeys: [Object] },
    'Bd06KnXau90qG3gF+KWRuchwCxj0dWFygIsYnSmDk29L': { chainKey: [Object], chainType: 1, messageKeys: {} }
  },
  registrationId: 696180770,
  currentRatchet: {
    ephemeralKeyPair: {
      pubKey: <Buffer 05 dd 3a 2a 75 da bb dd 2a 1b 78 05 f8 a5 91 b9 c8 70 0b 18 f4 75 61 72 80 8b 18 9d 29 83 93 6f 4b>,
      privKey: <Buffer 18 84 48 7a 58 ef e1 94 3f 33 59 d9 60 f8 aa cb f9 d1 73 44 55 ba df 78 ae 4d 0a 73 9d eb 9c 5a>
    },
    lastRemoteEphemeralKey: <Buffer 05 9c c5 20 88 e9 26 bd 77 a1 9e be 92 9c ef 99 17 24 ab 27 6b ea 87 eb 75 ea 74 38 7e 17 4e da 55>,
    previousCounter: -1,
    rootKey: <Buffer 19 a5 65 6f 61 1f 03 bc 2b e1 b2 5b a2 d4 89 d4 1d d4 03 29 55 34 2a 95 3f ee ac 62 ad a5 05 be>
  },
  indexInfo: {
    baseKey: <Buffer 05 b4 9f 04 7a ad 86 44 1a 0c f1 d7 ea ee 19 23 0f ca 9c 4f 42 7e 95 71 d7 2f 5c 18 09 05 3e 2c 07>,
    baseKeyType: 1,
    closed: -1,
    used: 1791122611390,
    created: 1791122611390,
    remoteIdentityKey: <Buffer 05 3a 55 84 47 39 c0 38 94 bb eb ee 22 28 90 6f 28 2d a4 1e 12 1e c5 b8 4f f7 4e 8b 1f 71 5c cd 27>
  },
  pendingPreKey: {
    signedKeyId: 4106625,
    baseKey: <Buffer 05 b4 9f 04 7a ad 86 44 1a 0c f1 d7 ea ee 19 23 0f ca 9c 4f 42 7e 95 71 d7 2f 5c 18 09 05 3e 2c 07>,
    preKeyId: 10009621
  }
}
Closing session: SessionEntry {
  _chains: {
    'BbYK37a76ck3xm1Rmr/dG6/+wJFG+EqWF58oiW/fVgwQ': { chainKey: [Object], chainType: 1, messageKeys: {} }
  },
  registrationId: 696180770,
  currentRatchet: {
    ephemeralKeyPair: {
      pubKey: <Buffer 05 b6 0a df b6 bb e9 c9 37 c6 6d 51 9a bf dd 1b af fe c0 91 46 f8 4a 96 17 9f 28 89 6f df 56 0c 10>,
      privKey: <Buffer 48 cc 7e b5 e4 4d ba 09 85 2c 29 29 60 19 30 bb d8 ea 64 77 9d 01 f5 b1 4b 3b 57 46 5e fe 47 5f>
    },
    lastRemoteEphemeralKey: <Buffer 05 97 52 90 47 b7 16 a2 db 3c 51 74 ff 67 32 0f c8 0e 7d b9 3c 55 aa 97 d6 d9 6a 08 2e c6 de a3 06>,
    previousCounter: 0,
    rootKey: <Buffer f2 64 cb 13 e9 3e 89 7c 6c 1b b1 f2 7a 0c 73 e6 9e 76 19 c7 80 f6 7e 8c f6 58 62 76 ad 58 22 31>
  },
  indexInfo: {
    baseKey: <Buffer 05 ac ef 96 69 8f f5 c9 d1 7a 86 4c 32 70 df 09 06 93 3a aa e1 f1 98 d7 89 fb 95 d9 12 ec 1d f3 53>,
    baseKeyType: 1,
    closed: -1,
    used: 1791123059984,
    created: 1791123059984,
    remoteIdentityKey: <Buffer 05 3a 55 84 47 39 c0 38 94 bb eb ee 22 28 90 6f 28 2d a4 1e 12 1e c5 b8 4f f7 4e 8b 1f 71 5c cd 27>
  },
  pendingPreKey: {
    signedKeyId: 4106625,
    baseKey: <Buffer 05 ac ef 96 69 8f f5 c9 d1 7a 86 4c 32 70 df 09 06 93 3a aa e1 f1 98 d7 89 fb 95 d9 12 ec 1d f3 53>,
    preKeyId: 10009554
  }
}
Removing old closed session: SessionEntry {
  _chains: {
    'BUepVpKV0nZelQFfP1RtzBQ/5kEOP21qv7rirCF5gkEs': { chainKey: [Object], chainType: 2, messageKeys: [Object] },
    'BTBb0ddUxJuV/0/xz3GYhs9OMsZSt5S4z416JRPzqQUk': { chainKey: [Object], chainType: 1, messageKeys: {} }
  },
  registrationId: 696180770,
  currentRatchet: {
    ephemeralKeyPair: {
      pubKey: <Buffer 05 30 5b d1 d7 54 c4 9b 95 ff 4f f1 cf 71 98 86 cf 4e 32 c6 52 b7 94 b8 cf 8d 7a 25 13 f3 a9 05 24>,
      privKey: <Buffer 48 9c 7d 9d 6a 95 b9 22 f7 39 5d 1f 40 5e 66 f9 e9 23 60 6f ff 79 4b c6 ec 84 2c 92 0c 36 4a 67>
    },
    lastRemoteEphemeralKey: <Buffer 05 47 a9 56 92 95 d2 76 5e 95 01 5f 3f 54 6d cc 14 3f e6 41 0e 3f 6d 6a bf ba e2 ac 21 79 82 41 2c>,
    previousCounter: -1,
    rootKey: <Buffer 89 d5 cc d3 86 f9 08 06 f7 90 d0 a2 34 61 88 f7 7a 80 f2 44 fc 74 6d 5d 81 a8 da 2a b8 d3 b0 c8>
  },
  indexInfo: {
    baseKey: <Buffer 05 c4 f6 fe ab bc 57 76 85 37 fd e2 ec 85 88 50 d7 42 a2 a5 d7 b8 13 0a 2e cd 3a 4b 10 af f8 44 78>,
    baseKeyType: 1,
    closed: 1791103741897,
    used: 1791103736740,
    created: 1791103736740,
    remoteIdentityKey: <Buffer 05 3a 55 84 47 39 c0 38 94 bb eb ee 22 28 90 6f 28 2d a4 1e 12 1e c5 b8 4f f7 4e 8b 1f 71 5c cd 27>
  },
  pendingPreKey: {
    signedKeyId: 4106625,
    baseKey: <Buffer 05 c4 f6 fe ab bc 57 76 85 37 fd e2 ec 85 88 50 d7 42 a2 a5 d7 b8 13 0a 2e cd 3a 4b 10 af f8 44 78>,
    preKeyId: 10009817
  }
}
Removing old closed session: SessionEntry {
  _chains: {
    'BUepVpKV0nZelQFfP1RtzBQ/5kEOP21qv7rirCF5gkEs': { chainKey: [Object], chainType: 2, messageKeys: [Object] },
    BYdYrs4c6rNHJ9Gry3HnFQzRB5YOwpT6JkGPvLjMIMAP: { chainKey: [Object], chainType: 1, messageKeys: {} }
  },
  registrationId: 696180770,
  currentRatchet: {
    ephemeralKeyPair: {
      pubKey: <Buffer 05 87 58 ae ce 1c ea b3 47 27 d1 ab cb 71 e7 15 0c d1 07 96 0e c2 94 fa 26 41 8f bc b8 cc 20 c0 0f>,
      privKey: <Buffer a8 9f 4c d5 e1 03 49 34 39 16 bc fb 78 a3 50 a4 3f a6 57 2d 71 df 31 53 6e cd 56 25 18 6e 2b 52>
    },
    lastRemoteEphemeralKey: <Buffer 05 47 a9 56 92 95 d2 76 5e 95 01 5f 3f 54 6d cc 14 3f e6 41 0e 3f 6d 6a bf ba e2 ac 21 79 82 41 2c>,
    previousCounter: -1,
    rootKey: <Buffer 06 3b 46 6e 03 c2 c0 d7 06 91 fb 10 70 fe 49 d0 cf 1a 53 45 8f 4a 75 a1 61 4a 5c 28 7c 74 9f 6a>
  },
  indexInfo: {
    baseKey: <Buffer 05 57 3d 06 6f a7 1e 78 e3 af 59 39 93 97 23 9f 12 26 36 28 6d 04 8a 00 f0 b9 dc 4e fa 8f b1 38 4b>,
    baseKeyType: 1,
    closed: 1791103747144,
    used: 1791103741887,
    created: 1791103741887,
    remoteIdentityKey: <Buffer 05 3a 55 84 47 39 c0 38 94 bb eb ee 22 28 90 6f 28 2d a4 1e 12 1e c5 b8 4f f7 4e 8b 1f 71 5c cd 27>
  },
  pendingPreKey: {
    signedKeyId: 4106625,
    baseKey: <Buffer 05 57 3d 06 6f a7 1e 78 e3 af 59 39 93 97 23 9f 12 26 36 28 6d 04 8a 00 f0 b9 dc 4e fa 8f b1 38 4b>,
    preKeyId: 10009613
  }
}
Closing session: SessionEntry {
  _chains: {
    'BZzFIIjpJr13oZ6+kpzvmRckqydr6ofrdep0OH4XTtpV': { chainKey: [Object], chainType: 2, messageKeys: [Object] },
    BTGSt1azqDBotfqI3CxAbaRQqtZEYsz4lplaK9j8TDwS: { chainKey: [Object], chainType: 1, messageKeys: {} }
  },
  registrationId: 696180770,
  currentRatchet: {
    ephemeralKeyPair: {
      pubKey: <Buffer 05 31 92 b7 56 b3 a8 30 68 b5 fa 88 dc 2c 40 6d a4 50 aa d6 44 62 cc f8 96 99 5a 2b d8 fc 4c 3c 12>,
      privKey: <Buffer b8 32 cb 38 f5 78 08 e2 d0 72 eb df 22 1b a9 57 a0 96 22 b1 c4 0d 61 43 e3 58 40 17 64 40 a4 63>
    },
    lastRemoteEphemeralKey: <Buffer 05 9c c5 20 88 e9 26 bd 77 a1 9e be 92 9c ef 99 17 24 ab 27 6b ea 87 eb 75 ea 74 38 7e 17 4e da 55>,
    previousCounter: -1,
    rootKey: <Buffer 92 1d b6 84 e2 67 73 f6 f0 03 33 b5 df 8a cb 33 c1 a0 90 98 b4 71 7d 59 e7 49 fb 4d 7b 93 d5 fe>
  },
  indexInfo: {
    baseKey: <Buffer 05 a8 02 1a 4a 25 e4 58 ca 6c f6 97 ef b0 73 27 a8 15 40 67 46 c8 ba 51 98 d7 2e b1 dc 19 89 8c 20>,
    baseKeyType: 1,
    closed: -1,
    used: 1791123065226,
    created: 1791123065226,
    remoteIdentityKey: <Buffer 05 3a 55 84 47 39 c0 38 94 bb eb ee 22 28 90 6f 28 2d a4 1e 12 1e c5 b8 4f f7 4e 8b 1f 71 5c cd 27>
  },
  pendingPreKey: {
    signedKeyId: 4106625,
    baseKey: <Buffer 05 a8 02 1a 4a 25 e4 58 ca 6c f6 97 ef b0 73 27 a8 15 40 67 46 c8 ba 51 98 d7 2e b1 dc 19 89 8c 20>,
    preKeyId: 10009646
  }
}
Closing session: SessionEntry {
  _chains: {
    'BbFS5qbQDE5fQdaw3POErFHv4WdEUWgjdRbOP80T/kkd': { chainKey: [Object], chainType: 1, messageKeys: {} }
  },
  registrationId: 696180770,
  currentRatchet: {
    ephemeralKeyPair: {
      pubKey: <Buffer 05 b1 52 e6 a6 d0 0c 4e 5f 41 d6 b0 dc f3 84 ac 51 ef e1 67 44 51 68 23 75 16 ce 3f cd 13 fe 49 1d>,
      privKey: <Buffer b0 54 fa 39 4a 5a f8 cf f2 77 f5 e6 db 05 e9 d5 91 b1 2e e2 43 dc 4f 3a 9a fc 37 a3 be 9d 33 54>
    },
    lastRemoteEphemeralKey: <Buffer 05 97 52 90 47 b7 16 a2 db 3c 51 74 ff 67 32 0f c8 0e 7d b9 3c 55 aa 97 d6 d9 6a 08 2e c6 de a3 06>,
    previousCounter: 0,
    rootKey: <Buffer 44 75 26 ad 64 04 51 0e c2 65 ec 53 b4 7a 51 11 5f f5 cd 33 b6 6d cf f1 a8 42 98 c4 7f 45 9f 3a>
  },
  indexInfo: {
    baseKey: <Buffer 05 de d2 81 73 ab 3c 6c 8e ef 97 74 f2 27 23 45 a7 dc fc 14 f8 5e b0 16 5a e7 97 4c f8 28 4a 4b 2c>,
    baseKeyType: 1,
    closed: -1,
    used: 1791123070525,
    created: 1791123070525,
    remoteIdentityKey: <Buffer 05 3a 55 84 47 39 c0 38 94 bb eb ee 22 28 90 6f 28 2d a4 1e 12 1e c5 b8 4f f7 4e 8b 1f 71 5c cd 27>
  },
  pendingPreKey: {
    signedKeyId: 4106625,
    baseKey: <Buffer 05 de d2 81 73 ab 3c 6c 8e ef 97 74 f2 27 23 45 a7 dc fc 14 f8 5e b0 16 5a e7 97 4c f8 28 4a 4b 2c>,
    preKeyId: 10009717
  }
}
Closing session: SessionEntry {
  _chains: {
    'BeemXFbNyqb/fC98lU6yRV0k54sN1B9tP2XxgKWFIAFx': { chainKey: [Object], chainType: 1, messageKeys: {} }
  },
  registrationId: 696180770,
  currentRatchet: {
    ephemeralKeyPair: {
      pubKey: <Buffer 05 e7 a6 5c 56 cd ca a6 ff 7c 2f 7c 95 4e b2 45 5d 24 e7 8b 0d d4 1f 6d 3f 65 f1 80 a5 85 20 01 71>,
      privKey: <Buffer e8 6e 6f 16 89 b8 36 18 77 4b 29 bc 59 6d f4 99 62 e2 42 14 ce bd df 3e a4 ee 67 19 5d 73 86 77>
    },
    lastRemoteEphemeralKey: <Buffer 05 97 52 90 47 b7 16 a2 db 3c 51 74 ff 67 32 0f c8 0e 7d b9 3c 55 aa 97 d6 d9 6a 08 2e c6 de a3 06>,
    previousCounter: 0,
    rootKey: <Buffer e9 19 c2 d9 25 4a 65 cd f0 f3 25 31 a5 15 43 9b 2c b5 57 a8 9d 02 90 81 ad b3 e8 46 cb 6a bb 9a>
  },
  indexInfo: {
    baseKey: <Buffer 05 35 4f 0c ad 54 df 12 ea 43 16 23 5e a1 b5 8d 3c 48 10 27 f4 61 37 6e 81 a3 f4 6e aa 5e 66 d6 58>,
    baseKeyType: 1,
    closed: -1,
    used: 1791123075937,
    created: 1791123075937,
    remoteIdentityKey: <Buffer 05 3a 55 84 47 39 c0 38 94 bb eb ee 22 28 90 6f 28 2d a4 1e 12 1e c5 b8 4f f7 4e 8b 1f 71 5c cd 27>
  },
  pendingPreKey: {
    signedKeyId: 4106625,
    baseKey: <Buffer 05 35 4f 0c ad 54 df 12 ea 43 16 23 5e a1 b5 8d 3c 48 10 27 f4 61 37 6e 81 a3 f4 6e aa 5e 66 d6 58>,
    preKeyId: 10009841
  }
}
Removing old closed session: SessionEntry {
  _chains: {
    'BUepVpKV0nZelQFfP1RtzBQ/5kEOP21qv7rirCF5gkEs': { chainKey: [Object], chainType: 2, messageKeys: [Object] },
    BW3YvUkMU4yOG1EaXWJrUkYdDqG97osj5xI9UX9iLbIi: { chainKey: [Object], chainType: 1, messageKeys: {} }
  },
  registrationId: 696180770,
  currentRatchet: {
    ephemeralKeyPair: {
      pubKey: <Buffer 05 6d d8 bd 49 0c 53 8c 8e 1b 51 1a 5d 62 6b 52 46 1d 0e a1 bd ee 8b 23 e7 12 3d 51 7f 62 2d b2 22>,
      privKey: <Buffer d0 d6 19 11 29 76 b8 56 cd f6 cf 3d 8e 42 2c 1e 33 8b 9e 08 a6 3c eb 6b f1 14 35 84 cc 68 82 7e>
    },
    lastRemoteEphemeralKey: <Buffer 05 47 a9 56 92 95 d2 76 5e 95 01 5f 3f 54 6d cc 14 3f e6 41 0e 3f 6d 6a bf ba e2 ac 21 79 82 41 2c>,
    previousCounter: -1,
    rootKey: <Buffer 20 71 17 54 ec 0f be ce da 00 d6 28 19 f8 1c 55 c7 32 bb cd 8f f2 ce 1b b1 c6 f2 e9 e6 c5 20 ab>
  },
  indexInfo: {
    baseKey: <Buffer 05 34 30 66 aa 63 8c 4f e4 0c 24 ae 57 2c b7 e4 9c 3f b8 42 c7 d4 96 17 0b bc 2f b3 a5 b9 a0 96 6c>,
    baseKeyType: 1,
    closed: 1791103752270,
    used: 1791103747130,
    created: 1791103747130,
    remoteIdentityKey: <Buffer 05 3a 55 84 47 39 c0 38 94 bb eb ee 22 28 90 6f 28 2d a4 1e 12 1e c5 b8 4f f7 4e 8b 1f 71 5c cd 27>
  },
  pendingPreKey: {
    signedKeyId: 4106625,
    baseKey: <Buffer 05 34 30 66 aa 63 8c 4f e4 0c 24 ae 57 2c b7 e4 9c 3f b8 42 c7 d4 96 17 0b bc 2f b3 a5 b9 a0 96 6c>,
    preKeyId: 10009776
  }
}
Removing old closed session: SessionEntry {
  _chains: {
    'BUepVpKV0nZelQFfP1RtzBQ/5kEOP21qv7rirCF5gkEs': { chainKey: [Object], chainType: 2, messageKeys: [Object] },
    'BQh0lS0Ehktad1lTyx/69Ud7LvUgx/TyBhS0E/jMFqIx': { chainKey: [Object], chainType: 1, messageKeys: {} }
  },
  registrationId: 696180770,
  currentRatchet: {
    ephemeralKeyPair: {
      pubKey: <Buffer 05 08 74 95 2d 04 86 4b 5a 77 59 53 cb 1f fa f5 47 7b 2e f5 20 c7 f4 f2 06 14 b4 13 f8 cc 16 a2 31>,
      privKey: <Buffer 40 24 a8 8d d3 06 49 db f9 ca 31 54 cd b2 cb be fe b6 aa ba 9f fb 1c 51 80 27 d9 d9 99 f5 bd 77>
    },
    lastRemoteEphemeralKey: <Buffer 05 47 a9 56 92 95 d2 76 5e 95 01 5f 3f 54 6d cc 14 3f e6 41 0e 3f 6d 6a bf ba e2 ac 21 79 82 41 2c>,
    previousCounter: -1,
    rootKey: <Buffer 49 ad 87 47 59 56 2c ce bd 15 ac be 71 52 65 65 5a c3 8d bd 2a 9c ee 5f a9 20 5f 96 c2 c0 29 ae>
  },
  indexInfo: {
    baseKey: <Buffer 05 ef 24 bf 84 5d 05 07 20 d8 b3 d6 fb fb 93 1c da 24 db c3 34 db 79 2c c7 04 19 a7 e2 8d b4 cb 75>,
    baseKeyType: 1,
    closed: 1791103757558,
    used: 1791103752259,
    created: 1791103752259,
    remoteIdentityKey: <Buffer 05 3a 55 84 47 39 c0 38 94 bb eb ee 22 28 90 6f 28 2d a4 1e 12 1e c5 b8 4f f7 4e 8b 1f 71 5c cd 27>
  },
  pendingPreKey: {
    signedKeyId: 4106625,
    baseKey: <Buffer 05 ef 24 bf 84 5d 05 07 20 d8 b3 d6 fb fb 93 1c da 24 db c3 34 db 79 2c c7 04 19 a7 e2 8d b4 cb 75>,
    preKeyId: 10009530
  }
}
Removing old closed session: SessionEntry {
  _chains: {
    'BUepVpKV0nZelQFfP1RtzBQ/5kEOP21qv7rirCF5gkEs': { chainKey: [Object], chainType: 2, messageKeys: [Object] },
    'Bdfpo7vuDjYZEh+eNcAfRT7FdK8yzgqhLw4pYtTi1dQx': { chainKey: [Object], chainType: 1, messageKeys: {} }
  },
  registrationId: 696180770,
  currentRatchet: {
    ephemeralKeyPair: {
      pubKey: <Buffer 05 d7 e9 a3 bb ee 0e 36 19 12 1f 9e 35 c0 1f 45 3e c5 74 af 32 ce 0a a1 2f 0e 29 62 d4 e2 d5 d4 31>,
      privKey: <Buffer e8 f9 77 99 76 bd f4 57 e7 8a 5a 3e 81 58 bd 12 bf 59 9c ba 48 68 a7 c6 3e d1 c4 24 0e 42 12 6c>
    },
    lastRemoteEphemeralKey: <Buffer 05 47 a9 56 92 95 d2 76 5e 95 01 5f 3f 54 6d cc 14 3f e6 41 0e 3f 6d 6a bf ba e2 ac 21 79 82 41 2c>,
    previousCounter: -1,
    rootKey: <Buffer 49 2e 97 d6 b4 1d cb 48 27 c7 ee 15 29 97 9c 7f 02 be 33 8c b3 ed 9a fc a4 c6 1c ea d4 bf 06 cd>
  },
  indexInfo: {
    baseKey: <Buffer 05 fe 88 67 62 25 a4 0c 6a 8c 35 c5 f4 94 ab 19 65 13 78 31 0b 29 fa f5 67 bc ea cc 0b 79 13 5d 48>,
    baseKeyType: 1,
    closed: 1791103762936,
    used: 1791103757549,
    created: 1791103757549,
    remoteIdentityKey: <Buffer 05 3a 55 84 47 39 c0 38 94 bb eb ee 22 28 90 6f 28 2d a4 1e 12 1e c5 b8 4f f7 4e 8b 1f 71 5c cd 27>
  },
  pendingPreKey: {
    signedKeyId: 4106625,
    baseKey: <Buffer 05 fe 88 67 62 25 a4 0c 6a 8c 35 c5 f4 94 ab 19 65 13 78 31 0b 29 fa f5 67 bc ea cc 0b 79 13 5d 48>,
    preKeyId: 10009609
  }
}
Closing session: SessionEntry {
  _chains: {
    'BZzFIIjpJr13oZ6+kpzvmRckqydr6ofrdep0OH4XTtpV': { chainKey: [Object], chainType: 2, messageKeys: [Object] },
    'BTsxDFoGKVaKljS6DEY99b45LX7KKn19vkcjGtS/hwRA': { chainKey: [Object], chainType: 1, messageKeys: {} }
  },
  registrationId: 696180770,
  currentRatchet: {
    ephemeralKeyPair: {
      pubKey: <Buffer 05 3b 31 0c 5a 06 29 56 8a 96 34 ba 0c 46 3d f5 be 39 2d 7e ca 2a 7d 7d be 47 23 1a d4 bf 87 04 40>,
      privKey: <Buffer 00 8f d6 8a 13 f5 a4 1b 69 ac aa 6f ac b6 93 56 2b 22 b6 a5 b2 36 33 41 c9 b1 9e 22 f4 f2 0e 6e>
    },
    lastRemoteEphemeralKey: <Buffer 05 9c c5 20 88 e9 26 bd 77 a1 9e be 92 9c ef 99 17 24 ab 27 6b ea 87 eb 75 ea 74 38 7e 17 4e da 55>,
    previousCounter: -1,
    rootKey: <Buffer ec 0b 75 34 7f 62 f3 96 2f 13 0a 54 30 14 7b b5 44 27 43 2d 4c 1d 0e d3 c8 dd 5a d3 d6 7a 31 0c>
  },
  indexInfo: {
    baseKey: <Buffer 05 5e f7 ef dd d3 c6 c0 31 d3 c0 bf e1 ff 25 33 f2 5a 62 6f 25 19 83 0d e6 bc 26 32 04 f4 c7 68 05>,
    baseKeyType: 1,
    closed: -1,
    used: 1791123081157,
    created: 1791123081157,
    remoteIdentityKey: <Buffer 05 3a 55 84 47 39 c0 38 94 bb eb ee 22 28 90 6f 28 2d a4 1e 12 1e c5 b8 4f f7 4e 8b 1f 71 5c cd 27>
  },
  pendingPreKey: {
    signedKeyId: 4106625,
    baseKey: <Buffer 05 5e f7 ef dd d3 c6 c0 31 d3 c0 bf e1 ff 25 33 f2 5a 62 6f 25 19 83 0d e6 bc 26 32 04 f4 c7 68 05>,
    preKeyId: 10009591
  }
}
Removing old closed session: SessionEntry {
  _chains: {
    'BUepVpKV0nZelQFfP1RtzBQ/5kEOP21qv7rirCF5gkEs': { chainKey: [Object], chainType: 2, messageKeys: [Object] },
    'BRalF/j1V0d/PEQt2/tcCNb/Wq0fEVxDJBPuG7ZayUAu': { chainKey: [Object], chainType: 1, messageKeys: {} }
  },
  registrationId: 696180770,
  currentRatchet: {
    ephemeralKeyPair: {
      pubKey: <Buffer 05 16 a5 17 f8 f5 57 47 7f 3c 44 2d db fb 5c 08 d6 ff 5a ad 1f 11 5c 43 24 13 ee 1b b6 5a c9 40 2e>,
      privKey: <Buffer 30 64 80 13 41 78 77 df 4e a8 b7 53 42 0b bb 9c 1d be 7f f2 74 2a 88 9a a9 f2 cd fe 5a 57 eb 59>
    },
    lastRemoteEphemeralKey: <Buffer 05 47 a9 56 92 95 d2 76 5e 95 01 5f 3f 54 6d cc 14 3f e6 41 0e 3f 6d 6a bf ba e2 ac 21 79 82 41 2c>,
    previousCounter: -1,
    rootKey: <Buffer 0d 49 9f ed 95 c4 33 c0 9f 30 be d2 bb e5 dc 92 8f ed 14 44 30 77 97 a8 56 33 9c 32 64 f4 4d 2b>
  },
  indexInfo: {
    baseKey: <Buffer 05 11 94 70 f7 43 f5 db 90 ee c1 45 c3 23 b4 db 86 93 fd 64 03 57 57 78 db ac 4e 99 a6 6d b8 b5 7e>,
    baseKeyType: 1,
    closed: 1791103768241,
    used: 1791103762922,
    created: 1791103762922,
    remoteIdentityKey: <Buffer 05 3a 55 84 47 39 c0 38 94 bb eb ee 22 28 90 6f 28 2d a4 1e 12 1e c5 b8 4f f7 4e 8b 1f 71 5c cd 27>
  },
  pendingPreKey: {
    signedKeyId: 4106625,
    baseKey: <Buffer 05 11 94 70 f7 43 f5 db 90 ee c1 45 c3 23 b4 db 86 93 fd 64 03 57 57 78 db ac 4e 99 a6 6d b8 b5 7e>,
    preKeyId: 10009856
  }
}
Closing session: SessionEntry {
  _chains: {
    'BZzFIIjpJr13oZ6+kpzvmRckqydr6ofrdep0OH4XTtpV': { chainKey: [Object], chainType: 2, messageKeys: [Object] },
    'BWL5ActVQIYDAfsxFbOKrBILNyG/E+0vuu/TVATm8R4a': { chainKey: [Object], chainType: 1, messageKeys: {} }
  },
  registrationId: 696180770,
  currentRatchet: {
    ephemeralKeyPair: {
      pubKey: <Buffer 05 62 f9 01 cb 55 40 86 03 01 fb 31 15 b3 8a ac 12 0b 37 21 bf 13 ed 2f ba ef d3 54 04 e6 f1 1e 1a>,
      privKey: <Buffer 18 ed 88 db 5a f3 35 cf 71 d2 d8 f0 e0 8e 8e 45 9f 5b 39 93 6f 7e 72 16 36 ad 68 30 bb 3a 7e 63>
    },
    lastRemoteEphemeralKey: <Buffer 05 9c c5 20 88 e9 26 bd 77 a1 9e be 92 9c ef 99 17 24 ab 27 6b ea 87 eb 75 ea 74 38 7e 17 4e da 55>,
    previousCounter: -1,
    rootKey: <Buffer 34 34 3e 75 06 b9 02 28 9d 83 86 20 41 0e c3 09 ee 49 98 87 ff e6 f6 b5 85 4e d0 4d f3 7b 13 b2>
  },
  indexInfo: {
    baseKey: <Buffer 05 2a a6 6b de f5 9e cc cf 62 12 94 1c a1 ad 3d 27 c8 79 2e a1 89 76 00 f3 6f 1e e0 ba 8d 60 f3 37>,
    baseKeyType: 1,
    closed: -1,
    used: 1791123086457,
    created: 1791123086457,
    remoteIdentityKey: <Buffer 05 3a 55 84 47 39 c0 38 94 bb eb ee 22 28 90 6f 28 2d a4 1e 12 1e c5 b8 4f f7 4e 8b 1f 71 5c cd 27>
  },
  pendingPreKey: {
    signedKeyId: 4106625,
    baseKey: <Buffer 05 2a a6 6b de f5 9e cc cf 62 12 94 1c a1 ad 3d 27 c8 79 2e a1 89 76 00 f3 6f 1e e0 ba 8d 60 f3 37>,
    preKeyId: 10009561
  }
}
Removing old closed session: SessionEntry {
  _chains: {
    'BUepVpKV0nZelQFfP1RtzBQ/5kEOP21qv7rirCF5gkEs': { chainKey: [Object], chainType: 2, messageKeys: [Object] },
    'BX4tUAro51vEkxrTfmVJFzf+vE3nAtYMzzU52hAk9fFA': { chainKey: [Object], chainType: 1, messageKeys: {} }
  },
  registrationId: 696180770,
  currentRatchet: {
    ephemeralKeyPair: {
      pubKey: <Buffer 05 7e 2d 50 0a e8 e7 5b c4 93 1a d3 7e 65 49 17 37 fe bc 4d e7 02 d6 0c cf 35 39 da 10 24 f5 f1 40>,
      privKey: <Buffer c0 5c ad 43 94 06 cf dd 1a 12 60 12 76 5b ef d7 da 2e a2 a1 48 58 42 47 98 43 74 bc 4a 10 56 53>
    },
    lastRemoteEphemeralKey: <Buffer 05 47 a9 56 92 95 d2 76 5e 95 01 5f 3f 54 6d cc 14 3f e6 41 0e 3f 6d 6a bf ba e2 ac 21 79 82 41 2c>,
    previousCounter: -1,
    rootKey: <Buffer d9 15 74 18 93 ab 03 1d 08 fe 7e 43 6f f6 f6 cf f3 92 be 7e 45 4d 0d 6c 0f c7 a3 69 71 8a 74 b0>
  },
  indexInfo: {
    baseKey: <Buffer 05 59 58 09 f4 b1 b4 56 65 17 d6 5d 47 2b 94 31 24 94 f9 f0 f9 6e 15 1f 62 16 52 9c f7 ae a5 80 30>,
    baseKeyType: 1,
    closed: 1791103773458,
    used: 1791103768224,
    created: 1791103768224,
    remoteIdentityKey: <Buffer 05 3a 55 84 47 39 c0 38 94 bb eb ee 22 28 90 6f 28 2d a4 1e 12 1e c5 b8 4f f7 4e 8b 1f 71 5c cd 27>
  },
  pendingPreKey: {
    signedKeyId: 4106625,
    baseKey: <Buffer 05 59 58 09 f4 b1 b4 56 65 17 d6 5d 47 2b 94 31 24 94 f9 f0 f9 6e 15 1f 62 16 52 9c f7 ae a5 80 30>,
    preKeyId: 10009611
  }
}
Closing session: SessionEntry {
  _chains: {
    'BZzFIIjpJr13oZ6+kpzvmRckqydr6ofrdep0OH4XTtpV': { chainKey: [Object], chainType: 2, messageKeys: [Object] },
    'BSs4n5350dG+m7gRQhye8W+/WGghegIzkqLkDDZmF8tU': { chainKey: [Object], chainType: 1, messageKeys: {} }
  },
  registrationId: 696180770,
  currentRatchet: {
    ephemeralKeyPair: {
      pubKey: <Buffer 05 2b 38 9f 9d f9 d1 d1 be 9b b8 11 42 1c 9e f1 6f bf 58 68 21 7a 02 33 92 a2 e4 0c 36 66 17 cb 54>,
      privKey: <Buffer 78 e2 88 57 c7 bd ab 13 41 69 59 97 55 97 bb 1a 1f 8f 76 3e 1a 03 ec cb 56 87 5c b0 a3 31 ec 4c>
    },
    lastRemoteEphemeralKey: <Buffer 05 9c c5 20 88 e9 26 bd 77 a1 9e be 92 9c ef 99 17 24 ab 27 6b ea 87 eb 75 ea 74 38 7e 17 4e da 55>,
    previousCounter: -1,
    rootKey: <Buffer ea 91 cc f1 a0 cc 5d 0b a4 36 66 15 fa 1f 04 1d 8d 1f 00 5a 66 b4 74 48 45 7f 13 a6 ec 8f 94 a7>
  },
  indexInfo: {
    baseKey: <Buffer 05 fc c6 6a 37 3f 95 47 1a df 42 ee 33 d9 16 d8 30 21 ba c9 e3 2e db 0d 8b 55 c7 07 f5 9b a1 34 69>,
    baseKeyType: 1,
    closed: -1,
    used: 1791123091982,
    created: 1791123091982,
    remoteIdentityKey: <Buffer 05 3a 55 84 47 39 c0 38 94 bb eb ee 22 28 90 6f 28 2d a4 1e 12 1e c5 b8 4f f7 4e 8b 1f 71 5c cd 27>
  },
  pendingPreKey: {
    signedKeyId: 4106625,
    baseKey: <Buffer 05 fc c6 6a 37 3f 95 47 1a df 42 ee 33 d9 16 d8 30 21 ba c9 e3 2e db 0d 8b 55 c7 07 f5 9b a1 34 69>,
    preKeyId: 10009700
  }
}
Removing old closed session: SessionEntry {
  _chains: {
    'BUepVpKV0nZelQFfP1RtzBQ/5kEOP21qv7rirCF5gkEs': { chainKey: [Object], chainType: 2, messageKeys: [Object] },
    'Bd0wS/3RDQFBtqv04XoPeTOYj/sFmIUWhk9oIEhK1Vpn': { chainKey: [Object], chainType: 1, messageKeys: {} }
  },
  registrationId: 696180770,
  currentRatchet: {
    ephemeralKeyPair: {
      pubKey: <Buffer 05 dd 30 4b fd d1 0d 01 41 b6 ab f4 e1 7a 0f 79 33 98 8f fb 05 98 85 16 86 4f 68 20 48 4a d5 5a 67>,
      privKey: <Buffer 88 02 c3 5b 8d c3 98 b9 e3 ac a5 3f f1 92 aa 2a da 68 91 d2 ad 5f c2 33 28 87 a6 0b db ff 6a 42>
    },
    lastRemoteEphemeralKey: <Buffer 05 47 a9 56 92 95 d2 76 5e 95 01 5f 3f 54 6d cc 14 3f e6 41 0e 3f 6d 6a bf ba e2 ac 21 79 82 41 2c>,
    previousCounter: -1,
    rootKey: <Buffer f7 64 e4 04 5b d1 12 1c 90 41 73 e9 0f 8f e8 9a 5f f1 c4 22 1b 2d 28 60 35 d9 ce d3 f4 3e 31 df>
  },
  indexInfo: {
    baseKey: <Buffer 05 e8 77 9a 89 8b 14 1e 96 69 c6 d1 c6 c0 30 9a b5 82 78 3c 45 94 69 96 e7 db fa 86 69 67 45 08 66>,
    baseKeyType: 1,
    closed: 1791103778859,
    used: 1791103773446,
    created: 1791103773446,
    remoteIdentityKey: <Buffer 05 3a 55 84 47 39 c0 38 94 bb eb ee 22 28 90 6f 28 2d a4 1e 12 1e c5 b8 4f f7 4e 8b 1f 71 5c cd 27>
  },
  pendingPreKey: {
    signedKeyId: 4106625,
    baseKey: <Buffer 05 e8 77 9a 89 8b 14 1e 96 69 c6 d1 c6 c0 30 9a b5 82 78 3c 45 94 69 96 e7 db fa 86 69 67 45 08 66>,
    preKeyId: 10009731
  }
}
Closing session: SessionEntry {
  _chains: {
    'BZzFIIjpJr13oZ6+kpzvmRckqydr6ofrdep0OH4XTtpV': { chainKey: [Object], chainType: 2, messageKeys: [Object] },
    BSDzIPCYf7p1wxWx36YYKtQXLMbNjMrBCNQ5CVqlguwD: { chainKey: [Object], chainType: 1, messageKeys: {} }
  },
  registrationId: 696180770,
  currentRatchet: {
    ephemeralKeyPair: {
      pubKey: <Buffer 05 20 f3 20 f0 98 7f ba 75 c3 15 b1 df a6 18 2a d4 17 2c c6 cd 8c ca c1 08 d4 39 09 5a a5 82 ec 03>,
      privKey: <Buffer 38 ac e2 bf 96 c1 99 43 27 77 d5 13 0e b3 56 13 5d 14 19 72 3a b0 bb f2 50 0f 37 59 c6 14 cf 41>
    },
    lastRemoteEphemeralKey: <Buffer 05 9c c5 20 88 e9 26 bd 77 a1 9e be 92 9c ef 99 17 24 ab 27 6b ea 87 eb 75 ea 74 38 7e 17 4e da 55>,
    previousCounter: -1,
    rootKey: <Buffer 4a 61 8c 5c 46 b8 b3 a1 fb 9d 58 ca b7 17 97 46 83 37 ee cc 04 05 3a 12 7e 6a 86 7e df 23 df 3f>
  },
  indexInfo: {
    baseKey: <Buffer 05 60 eb 20 7c 7c 40 e3 ba ae 06 bd 97 b7 5d 1e fe 3e 75 5b 86 c2 1f f0 20 d3 78 5e 50 f0 6e 2b 0c>,
    baseKeyType: 1,
    closed: -1,
    used: 1791123097379,
    created: 1791123097379,
    remoteIdentityKey: <Buffer 05 3a 55 84 47 39 c0 38 94 bb eb ee 22 28 90 6f 28 2d a4 1e 12 1e c5 b8 4f f7 4e 8b 1f 71 5c cd 27>
  },
  pendingPreKey: {
    signedKeyId: 4106625,
    baseKey: <Buffer 05 60 eb 20 7c 7c 40 e3 ba ae 06 bd 97 b7 5d 1e fe 3e 75 5b 86 c2 1f f0 20 d3 78 5e 50 f0 6e 2b 0c>,
    preKeyId: 10009615
  }
}
Removing old closed session: SessionEntry {
  _chains: {
    'BUepVpKV0nZelQFfP1RtzBQ/5kEOP21qv7rirCF5gkEs': { chainKey: [Object], chainType: 2, messageKeys: [Object] },
    BQUKUEYYRJAhpvmPaSRkb1VScXMjkicxaixjQX84JRUQ: { chainKey: [Object], chainType: 1, messageKeys: {} }
  },
  registrationId: 696180770,
  currentRatchet: {
    ephemeralKeyPair: {
      pubKey: <Buffer 05 05 0a 50 46 18 44 90 21 a6 f9 8f 69 24 64 6f 55 52 71 73 23 92 27 31 6a 2c 63 41 7f 38 25 15 10>,
      privKey: <Buffer 30 d3 d8 84 3c 88 5e a3 6e 14 96 b2 36 4f 68 e3 4e 48 a1 25 38 b2 54 6d 12 bf 9d be e7 3b 88 58>
    },
    lastRemoteEphemeralKey: <Buffer 05 47 a9 56 92 95 d2 76 5e 95 01 5f 3f 54 6d cc 14 3f e6 41 0e 3f 6d 6a bf ba e2 ac 21 79 82 41 2c>,
    previousCounter: -1,
    rootKey: <Buffer 67 3c 95 74 f2 52 a4 74 72 b0 71 f0 e5 7e 3c 68 f1 2d 54 83 ab da ca d6 ff 3d b4 9f 56 1a 49 51>
  },
  indexInfo: {
    baseKey: <Buffer 05 42 e1 4e 21 c5 73 09 19 65 6b 1d 3b d7 b5 0a a3 00 ca a9 d5 fa 3a 20 7f 92 f6 a9 a4 8b 53 a3 2d>,
    baseKeyType: 1,
    closed: 1791103784004,
    used: 1791103778848,
    created: 1791103778848,
    remoteIdentityKey: <Buffer 05 3a 55 84 47 39 c0 38 94 bb eb ee 22 28 90 6f 28 2d a4 1e 12 1e c5 b8 4f f7 4e 8b 1f 71 5c cd 27>
  },
  pendingPreKey: {
    signedKeyId: 4106625,
    baseKey: <Buffer 05 42 e1 4e 21 c5 73 09 19 65 6b 1d 3b d7 b5 0a a3 00 ca a9 d5 fa 3a 20 7f 92 f6 a9 a4 8b 53 a3 2d>,
    preKeyId: 10009750
  }
}
Closing session: SessionEntry {
  _chains: {
    'BZzFIIjpJr13oZ6+kpzvmRckqydr6ofrdep0OH4XTtpV': { chainKey: [Object], chainType: 2, messageKeys: [Object] },
    'BcPrN72Iex8Tqw/GQz62w5vtNfWA/qzJ1kZAf3BA4QlG': { chainKey: [Object], chainType: 1, messageKeys: {} }
  },
  registrationId: 696180770,
  currentRatchet: {
    ephemeralKeyPair: {
      pubKey: <Buffer 05 c3 eb 37 bd 88 7b 1f 13 ab 0f c6 43 3e b6 c3 9b ed 35 f5 80 fe ac c9 d6 46 40 7f 70 40 e1 09 46>,
      privKey: <Buffer 28 4e 63 e7 0f f2 0b 6d 5e c7 c9 f8 d7 25 ed 9b 5d dc bf fd 03 e0 11 24 8a 60 8e b7 dc f0 08 57>
    },
    lastRemoteEphemeralKey: <Buffer 05 9c c5 20 88 e9 26 bd 77 a1 9e be 92 9c ef 99 17 24 ab 27 6b ea 87 eb 75 ea 74 38 7e 17 4e da 55>,
    previousCounter: -1,
    rootKey: <Buffer 6e d4 50 e1 50 45 cf dd 7c 7a ad d5 c0 a1 98 b7 e2 06 2d d3 4f 14 9d 82 fb 2b 05 95 45 c4 70 cd>
  },
  indexInfo: {
    baseKey: <Buffer 05 3e 39 22 a5 e5 ab 25 8a 7d c8 d6 09 7f 09 aa 2f 7b 7c 58 b7 aa 20 1c 02 0d a7 24 8a 6f 5d 89 0d>,
    baseKeyType: 1,
    closed: -1,
    used: 1791123102528,
    created: 1791123102528,
    remoteIdentityKey: <Buffer 05 3a 55 84 47 39 c0 38 94 bb eb ee 22 28 90 6f 28 2d a4 1e 12 1e c5 b8 4f f7 4e 8b 1f 71 5c cd 27>
  },
  pendingPreKey: {
    signedKeyId: 4106625,
    baseKey: <Buffer 05 3e 39 22 a5 e5 ab 25 8a 7d c8 d6 09 7f 09 aa 2f 7b 7c 58 b7 aa 20 1c 02 0d a7 24 8a 6f 5d 89 0d>,
    preKeyId: 10009765
  }
}
Removing old closed session: SessionEntry {
  _chains: {
    'BUepVpKV0nZelQFfP1RtzBQ/5kEOP21qv7rirCF5gkEs': { chainKey: [Object], chainType: 2, messageKeys: [Object] },
    'BRBuVJXO9XYQccNjsN2jcU3FsepZFZN/tnfqxMXdZiEJ': { chainKey: [Object], chainType: 1, messageKeys: {} }
  },
  registrationId: 696180770,
  currentRatchet: {
    ephemeralKeyPair: {
      pubKey: <Buffer 05 10 6e 54 95 ce f5 76 10 71 c3 63 b0 dd a3 71 4d c5 b1 ea 59 15 93 7f b6 77 ea c4 c5 dd 66 21 09>,
      privKey: <Buffer d8 79 04 99 f7 0e 83 d6 4e 3f 82 3f c2 b6 13 ea e7 61 1a 45 e3 32 66 03 6b 57 c0 60 e3 9e a5 7d>
    },
    lastRemoteEphemeralKey: <Buffer 05 47 a9 56 92 95 d2 76 5e 95 01 5f 3f 54 6d cc 14 3f e6 41 0e 3f 6d 6a bf ba e2 ac 21 79 82 41 2c>,
    previousCounter: -1,
    rootKey: <Buffer c0 24 6e 52 b0 a4 8a a0 e9 fc 17 88 ce 3d 5f b9 a9 ea 8d b0 58 58 a9 05 cf 68 4d e9 74 05 ef 71>
  },
  indexInfo: {
    baseKey: <Buffer 05 9f c1 f6 69 35 ec 89 23 21 61 77 ce 29 0e 47 0d 48 65 a2 e8 50 fd 6b d1 a3 f1 f9 d1 63 7d b9 55>,
    baseKeyType: 1,
    closed: 1791104982520,
    used: 1791103783990,
    created: 1791103783990,
    remoteIdentityKey: <Buffer 05 3a 55 84 47 39 c0 38 94 bb eb ee 22 28 90 6f 28 2d a4 1e 12 1e c5 b8 4f f7 4e 8b 1f 71 5c cd 27>
  },
  pendingPreKey: {
    signedKeyId: 4106625,
    baseKey: <Buffer 05 9f c1 f6 69 35 ec 89 23 21 61 77 ce 29 0e 47 0d 48 65 a2 e8 50 fd 6b d1 a3 f1 f9 d1 63 7d b9 55>,
    preKeyId: 10009497
  }
}
Closing session: SessionEntry {
  _chains: {
    'BZzFIIjpJr13oZ6+kpzvmRckqydr6ofrdep0OH4XTtpV': { chainKey: [Object], chainType: 2, messageKeys: [Object] },
    BYITCs8VhuqJ1fuuWAgy2tHfQ9p20cNQ0F6ytz1c0pkN: { chainKey: [Object], chainType: 1, messageKeys: {} }
  },
  registrationId: 696180770,
  currentRatchet: {
    ephemeralKeyPair: {
      pubKey: <Buffer 05 82 13 0a cf 15 86 ea 89 d5 fb ae 58 08 32 da d1 df 43 da 76 d1 c3 50 d0 5e b2 b7 3d 5c d2 99 0d>,
      privKey: <Buffer a8 b2 ca 32 12 49 4b 76 f2 be d7 62 e0 b5 ae f8 20 a7 89 2d b5 e3 d0 d7 c5 ef 45 c1 fb 68 8b 77>
    },
    lastRemoteEphemeralKey: <Buffer 05 9c c5 20 88 e9 26 bd 77 a1 9e be 92 9c ef 99 17 24 ab 27 6b ea 87 eb 75 ea 74 38 7e 17 4e da 55>,
    previousCounter: -1,
    rootKey: <Buffer 4b d0 85 5d b9 dd 41 13 5f bd 2e cb 8e 53 a3 91 ec c6 38 1b 57 f5 dc ba 5d b0 70 c1 54 df 5e cd>
  },
  indexInfo: {
    baseKey: <Buffer 05 0d b3 0d e0 99 c1 a5 e5 fc 41 3e 0b b2 00 81 51 7e 00 22 dd 77 6e 97 27 ea 9a fd cf cb 5b c9 4a>,
    baseKeyType: 1,
    closed: -1,
    used: 1791123107804,
    created: 1791123107804,
    remoteIdentityKey: <Buffer 05 3a 55 84 47 39 c0 38 94 bb eb ee 22 28 90 6f 28 2d a4 1e 12 1e c5 b8 4f f7 4e 8b 1f 71 5c cd 27>
  },
  pendingPreKey: {
    signedKeyId: 4106625,
    baseKey: <Buffer 05 0d b3 0d e0 99 c1 a5 e5 fc 41 3e 0b b2 00 81 51 7e 00 22 dd 77 6e 97 27 ea 9a fd cf cb 5b c9 4a>,
    preKeyId: 10009870
  }
}
Removing old closed session: SessionEntry {
  _chains: {
    'BUepVpKV0nZelQFfP1RtzBQ/5kEOP21qv7rirCF5gkEs': { chainKey: [Object], chainType: 2, messageKeys: [Object] },
    'Bc8Uugac77btWDfEHomRAExsDmapJGPKH/cq3kJQMi1F': { chainKey: [Object], chainType: 1, messageKeys: {} }
  },
  registrationId: 696180770,
  currentRatchet: {
    ephemeralKeyPair: {
      pubKey: <Buffer 05 cf 14 ba 06 9c ef b6 ed 58 37 c4 1e 89 91 00 4c 6c 0e 66 a9 24 63 ca 1f f7 2a de 42 50 32 2d 45>,
      privKey: <Buffer e0 af 21 ad a1 86 98 7e 61 67 bc ef 91 15 90 0f 3d 7b 53 23 da fb c8 a7 45 15 6d b3 8f 72 80 47>
    },
    lastRemoteEphemeralKey: <Buffer 05 47 a9 56 92 95 d2 76 5e 95 01 5f 3f 54 6d cc 14 3f e6 41 0e 3f 6d 6a bf ba e2 ac 21 79 82 41 2c>,
    previousCounter: -1,
    rootKey: <Buffer 55 8b ab 68 24 ac 47 ac 15 83 0e 17 2f 0d 23 e1 9b 1e ad 17 25 c0 37 bf 0d 6e 6a 53 4d e9 08 cc>
  },
  indexInfo: {
    baseKey: <Buffer 05 02 65 ba 5c 7d 55 86 f3 34 45 d3 ea 52 d6 9c b1 1e 2e 56 80 40 16 85 52 bd 1c 6a 9a 43 8e 09 09>,
    baseKeyType: 1,
    closed: 1791104987966,
    used: 1791104982509,
    created: 1791104982509,
    remoteIdentityKey: <Buffer 05 3a 55 84 47 39 c0 38 94 bb eb ee 22 28 90 6f 28 2d a4 1e 12 1e c5 b8 4f f7 4e 8b 1f 71 5c cd 27>
  },
  pendingPreKey: {
    signedKeyId: 4106625,
    baseKey: <Buffer 05 02 65 ba 5c 7d 55 86 f3 34 45 d3 ea 52 d6 9c b1 1e 2e 56 80 40 16 85 52 bd 1c 6a 9a 43 8e 09 09>,
    preKeyId: 10009631
  }
}
Closing session: SessionEntry {
  _chains: {
    'BZzFIIjpJr13oZ6+kpzvmRckqydr6ofrdep0OH4XTtpV': { chainKey: [Object], chainType: 2, messageKeys: [Object] },
    'BQBjm5EuL4t8hI8MjJpa+YbjBO3brmZgRfY5G/meR95a': { chainKey: [Object], chainType: 1, messageKeys: {} }
  },
  registrationId: 696180770,
  currentRatchet: {
    ephemeralKeyPair: {
      pubKey: <Buffer 05 00 63 9b 91 2e 2f 8b 7c 84 8f 0c 8c 9a 5a f9 86 e3 04 ed db ae 66 60 45 f6 39 1b f9 9e 47 de 5a>,
      privKey: <Buffer a8 1f 76 bc ef 3a 08 ae 1d ce 5b b1 64 e8 af 59 be 01 cd ac 83 8c 58 67 e5 e4 f5 ed a3 94 51 51>
    },
    lastRemoteEphemeralKey: <Buffer 05 9c c5 20 88 e9 26 bd 77 a1 9e be 92 9c ef 99 17 24 ab 27 6b ea 87 eb 75 ea 74 38 7e 17 4e da 55>,
    previousCounter: -1,
    rootKey: <Buffer 85 94 87 fc c4 24 ff 17 6f 26 3c 12 1c 67 56 26 2f 33 0d 2f 15 ff b6 09 3e de 58 a6 a7 de 06 81>
  },
  indexInfo: {
    baseKey: <Buffer 05 61 e7 e5 e0 58 b9 e1 07 70 a9 c9 66 13 e8 db 9a c6 87 a6 87 07 e6 5d c3 7f cb e6 dd ad 0c 6e 4d>,
    baseKeyType: 1,
    closed: -1,
    used: 1791123113114,
    created: 1791123113114,
    remoteIdentityKey: <Buffer 05 3a 55 84 47 39 c0 38 94 bb eb ee 22 28 90 6f 28 2d a4 1e 12 1e c5 b8 4f f7 4e 8b 1f 71 5c cd 27>
  },
  pendingPreKey: {
    signedKeyId: 4106625,
    baseKey: <Buffer 05 61 e7 e5 e0 58 b9 e1 07 70 a9 c9 66 13 e8 db 9a c6 87 a6 87 07 e6 5d c3 7f cb e6 dd ad 0c 6e 4d>,
    preKeyId: 10009619
  }
}
Removing old closed session: SessionEntry {
  _chains: {
    'BUepVpKV0nZelQFfP1RtzBQ/5kEOP21qv7rirCF5gkEs': { chainKey: [Object], chainType: 2, messageKeys: [Object] },
    'BdgvW3kFzj1M4GTK65TlXK5thUvqq/IR5Tp/cNauR5wp': { chainKey: [Object], chainType: 1, messageKeys: {} }
  },
  registrationId: 696180770,
  currentRatchet: {
    ephemeralKeyPair: {
      pubKey: <Buffer 05 d8 2f 5b 79 05 ce 3d 4c e0 64 ca eb 94 e5 5c ae 6d 85 4b ea ab f2 11 e5 3a 7f 70 d6 ae 47 9c 29>,
      privKey: <Buffer d0 f1 73 75 fc b7 f2 f9 34 86 7b be 2d 19 2a e9 82 e9 5a cd 1f ae 5e 2b ee 1d 6b 75 48 78 fa 45>
    },
    lastRemoteEphemeralKey: <Buffer 05 47 a9 56 92 95 d2 76 5e 95 01 5f 3f 54 6d cc 14 3f e6 41 0e 3f 6d 6a bf ba e2 ac 21 79 82 41 2c>,
    previousCounter: -1,
    rootKey: <Buffer 17 80 a8 f9 6d ed 60 86 79 e3 bf 15 9e 19 f2 55 e0 9a 1b a4 b1 00 81 dc 5d 37 2e f6 3d 2e 33 17>
  },
  indexInfo: {
    baseKey: <Buffer 05 c3 a2 99 e6 f9 d8 3f 4d f0 af 48 1e 8e dd 09 92 d0 90 51 62 e1 2e f8 7e 8c 93 7b 7d 13 4d 5b 20>,
    baseKeyType: 1,
    closed: 1791104988028,
    used: 1791104987954,
    created: 1791104987954,
    remoteIdentityKey: <Buffer 05 3a 55 84 47 39 c0 38 94 bb eb ee 22 28 90 6f 28 2d a4 1e 12 1e c5 b8 4f f7 4e 8b 1f 71 5c cd 27>
  },
  pendingPreKey: {
    signedKeyId: 4106625,
    baseKey: <Buffer 05 c3 a2 99 e6 f9 d8 3f 4d f0 af 48 1e 8e dd 09 92 d0 90 51 62 e1 2e f8 7e 8c 93 7b 7d 13 4d 5b 20>,
    preKeyId: 10009748
  }
}
Closing session: SessionEntry {
  _chains: {
    'BZzFIIjpJr13oZ6+kpzvmRckqydr6ofrdep0OH4XTtpV': { chainKey: [Object], chainType: 2, messageKeys: [Object] },
    'BT6NNNoWYJ+hoNZJWBY0ZbPShRaAWxQAkfUTwRxbbaZV': { chainKey: [Object], chainType: 1, messageKeys: {} }
  },
  registrationId: 696180770,
  currentRatchet: {
    ephemeralKeyPair: {
      pubKey: <Buffer 05 3e 8d 34 da 16 60 9f a1 a0 d6 49 58 16 34 65 b3 d2 85 16 80 5b 14 00 91 f5 13 c1 1c 5b 6d a6 55>,
      privKey: <Buffer e8 31 e1 da c0 c7 af 35 49 79 44 3f ee eb 93 25 6a 94 0e e8 df 6e 7a 33 bc 50 c2 c3 6b a9 17 4a>
    },
    lastRemoteEphemeralKey: <Buffer 05 9c c5 20 88 e9 26 bd 77 a1 9e be 92 9c ef 99 17 24 ab 27 6b ea 87 eb 75 ea 74 38 7e 17 4e da 55>,
    previousCounter: -1,
    rootKey: <Buffer 97 46 ee 5b 5f ba 4d 2b 03 b9 30 3c 5b 19 26 0b 8b e7 c1 83 fe 9e 73 e6 97 4a 26 ed 2f bb 24 19>
  },
  indexInfo: {
    baseKey: <Buffer 05 fc 80 4a 38 b6 8f a6 32 9a b9 cf c9 d7 1d 61 c2 72 c4 59 e8 39 fe 8f 1b 15 19 94 ea 79 73 4e 7a>,
    baseKeyType: 1,
    closed: -1,
    used: 1791123118376,
    created: 1791123118376,
    remoteIdentityKey: <Buffer 05 3a 55 84 47 39 c0 38 94 bb eb ee 22 28 90 6f 28 2d a4 1e 12 1e c5 b8 4f f7 4e 8b 1f 71 5c cd 27>
  },
  pendingPreKey: {
    signedKeyId: 4106625,
    baseKey: <Buffer 05 fc 80 4a 38 b6 8f a6 32 9a b9 cf c9 d7 1d 61 c2 72 c4 59 e8 39 fe 8f 1b 15 19 94 ea 79 73 4e 7a>,
    preKeyId: 10009796
  }
}
Removing old closed session: SessionEntry {
  _chains: {
    'BTY8XZxSCEr6PkKLr/7l7F5rPHIuy8We/kATg9+JGSQg': { chainKey: [Object], chainType: 2, messageKeys: {} },
    'BaxOvRkYbSokbfjR/ez1pKUswsywWBWsmFtanRo1w/k1': { chainKey: [Object], chainType: 1, messageKeys: {} }
  },
  registrationId: 696180770,
  currentRatchet: {
    ephemeralKeyPair: {
      pubKey: <Buffer 05 ac 4e bd 19 18 6d 2a 24 6d f8 d1 fd ec f5 a4 a5 2c c2 cc b0 58 15 ac 98 5b 5a 9d 1a 35 c3 f9 35>,
      privKey: <Buffer 98 a8 42 70 15 61 e4 52 31 58 ba 35 ff 35 b4 82 bb 0b 21 53 51 75 44 ab 51 f6 01 1f a2 93 03 73>
    },
    lastRemoteEphemeralKey: <Buffer 05 36 3c 5d 9c 52 08 4a fa 3e 42 8b af fe e5 ec 5e 6b 3c 72 2e cb c5 9e fe 40 13 83 df 89 19 24 20>,
    previousCounter: 0,
    rootKey: <Buffer e4 1b 02 98 18 94 04 91 68 91 0a ef f2 da b8 6a c4 36 89 ea 16 10 14 3e 29 94 9a ba 28 e3 e5 94>
  },
  indexInfo: {
    baseKey: <Buffer 05 84 1a ba 50 29 4d 69 cb 81 ba 1d 2f f2 b1 4e 57 0f b0 17 e9 7b 68 11 2a 25 5d 37 f0 c7 3a a5 1b>,
    baseKeyType: 2,
    closed: 1791104993462,
    used: 1791104988033,
    created: 1791104988033,
    remoteIdentityKey: <Buffer 05 3a 55 84 47 39 c0 38 94 bb eb ee 22 28 90 6f 28 2d a4 1e 12 1e c5 b8 4f f7 4e 8b 1f 71 5c cd 27>
  }
}
Closing session: SessionEntry {
  _chains: {
    'BZzFIIjpJr13oZ6+kpzvmRckqydr6ofrdep0OH4XTtpV': { chainKey: [Object], chainType: 2, messageKeys: [Object] },
    Bf4z8D1mIF44g3WGT49RfYDzNlZXZ52R7oh8tWcbgoZj: { chainKey: [Object], chainType: 1, messageKeys: {} }
  },
  registrationId: 696180770,
  currentRatchet: {
    ephemeralKeyPair: {
      pubKey: <Buffer 05 fe 33 f0 3d 66 20 5e 38 83 75 86 4f 8f 51 7d 80 f3 36 56 57 67 9d 91 ee 88 7c b5 67 1b 82 86 63>,
      privKey: <Buffer e0 56 cb 5d f8 c2 47 2d 85 51 9c 47 20 dc fb 4a a9 5c 03 84 4c f7 05 06 d2 67 e2 74 65 1b fa 79>
    },
    lastRemoteEphemeralKey: <Buffer 05 9c c5 20 88 e9 26 bd 77 a1 9e be 92 9c ef 99 17 24 ab 27 6b ea 87 eb 75 ea 74 38 7e 17 4e da 55>,
    previousCounter: -1,
    rootKey: <Buffer 7f d0 9b 28 95 a5 1b 16 52 b1 0c b3 dd 02 e3 33 b6 58 53 e5 b7 4b 56 80 c3 30 81 b5 b3 ef 2b 15>
  },
  indexInfo: {
    baseKey: <Buffer 05 87 b8 0f ef 48 0c da 0c 3a 3a e9 fb 0e 1f ba 1f a5 85 ca 00 03 4b 05 2b c7 c8 ac bc e2 07 36 12>,
    baseKeyType: 1,
    closed: -1,
    used: 1791123123652,
    created: 1791123123652,
    remoteIdentityKey: <Buffer 05 3a 55 84 47 39 c0 38 94 bb eb ee 22 28 90 6f 28 2d a4 1e 12 1e c5 b8 4f f7 4e 8b 1f 71 5c cd 27>
  },
  pendingPreKey: {
    signedKeyId: 4106625,
    baseKey: <Buffer 05 87 b8 0f ef 48 0c da 0c 3a 3a e9 fb 0e 1f ba 1f a5 85 ca 00 03 4b 05 2b c7 c8 ac bc e2 07 36 12>,
    preKeyId: 10009729
  }
}
Closing session: SessionEntry {
  _chains: {
    'BUYo3zdUv16xs641+xwR9IBuvaJnFIBKp9oA+w6plHJO': { chainKey: [Object], chainType: 1, messageKeys: {} }
  },
  registrationId: 696180770,
  currentRatchet: {
    ephemeralKeyPair: {
      pubKey: <Buffer 05 46 28 df 37 54 bf 5e b1 b3 ae 35 fb 1c 11 f4 80 6e bd a2 67 14 80 4a a7 da 00 fb 0e a9 94 72 4e>,
      privKey: <Buffer c8 15 a8 cb 21 8a 31 d1 5f 36 f4 e8 5c 3f b4 1a b8 29 34 8b fa de cc 85 c0 b3 fe 6a 89 e9 be 70>
    },
    lastRemoteEphemeralKey: <Buffer 05 97 52 90 47 b7 16 a2 db 3c 51 74 ff 67 32 0f c8 0e 7d b9 3c 55 aa 97 d6 d9 6a 08 2e c6 de a3 06>,
    previousCounter: 0,
    rootKey: <Buffer cd 23 a6 48 4a 4e f3 fe 03 6e c2 7a fd aa 7c 61 eb 39 84 aa dc fb e7 90 f6 08 91 b0 3e cb df 4c>
  },
  indexInfo: {
    baseKey: <Buffer 05 83 84 b8 5e ca bc aa f9 41 76 47 4d 15 96 f9 31 e7 5a ab f6 81 04 3f 9e 64 e9 52 2d a9 70 0a 67>,
    baseKeyType: 1,
    closed: -1,
    used: 1791123128942,
    created: 1791123128942,
    remoteIdentityKey: <Buffer 05 3a 55 84 47 39 c0 38 94 bb eb ee 22 28 90 6f 28 2d a4 1e 12 1e c5 b8 4f f7 4e 8b 1f 71 5c cd 27>
  },
  pendingPreKey: {
    signedKeyId: 4106625,
    baseKey: <Buffer 05 83 84 b8 5e ca bc aa f9 41 76 47 4d 15 96 f9 31 e7 5a ab f6 81 04 3f 9e 64 e9 52 2d a9 70 0a 67>,
    preKeyId: 10009799
  }
}
Removing old closed session: SessionEntry {
  _chains: {
    'BTI3R3CKHFUS9Zx2P2IYlASn6hnlgflMkpmy2bt/pbBh': { chainKey: [Object], chainType: 1, messageKeys: {} }
  },
  registrationId: 696180770,
  currentRatchet: {
    ephemeralKeyPair: {
      pubKey: <Buffer 05 32 37 47 70 8a 1c 55 12 f5 9c 76 3f 62 18 94 04 a7 ea 19 e5 81 f9 4c 92 99 b2 d9 bb 7f a5 b0 61>,
      privKey: <Buffer 58 e7 41 e5 ec 68 97 35 2f 51 f0 2d 18 a5 7d 0f c3 c2 05 d2 80 3b 40 d3 11 1d 70 2d 52 18 38 45>
    },
    lastRemoteEphemeralKey: <Buffer 05 97 52 90 47 b7 16 a2 db 3c 51 74 ff 67 32 0f c8 0e 7d b9 3c 55 aa 97 d6 d9 6a 08 2e c6 de a3 06>,
    previousCounter: 0,
    rootKey: <Buffer ba b0 d0 df 06 80 bf 65 18 f2 77 d8 de 01 d4 06 53 38 71 9f 84 a1 94 7b 88 d3 30 5c 30 2d 95 4f>
  },
  indexInfo: {
    baseKey: <Buffer 05 c8 aa 13 9a ad e2 13 b5 dd 2e 43 27 a1 e6 30 cb d1 ff c6 40 ff e9 59 0c af 6a 22 64 65 c3 88 4b>,
    baseKeyType: 1,
    closed: 1791104993499,
    used: 1791104993441,
    created: 1791104993441,
    remoteIdentityKey: <Buffer 05 3a 55 84 47 39 c0 38 94 bb eb ee 22 28 90 6f 28 2d a4 1e 12 1e c5 b8 4f f7 4e 8b 1f 71 5c cd 27>
  },
  pendingPreKey: {
    signedKeyId: 4106625,
    baseKey: <Buffer 05 c8 aa 13 9a ad e2 13 b5 dd 2e 43 27 a1 e6 30 cb d1 ff c6 40 ff e9 59 0c af 6a 22 64 65 c3 88 4b>,
    preKeyId: 10009575
  }
}
Removing old closed session: SessionEntry {
  _chains: {
    'BanDDXIWiygFcJ+ofTXIWPW3jcWGtys/tcTE7JupRfgA': { chainKey: [Object], chainType: 2, messageKeys: {} },
    'BeR8H4EnT/8j9BBgrcfGPuNupgyGa/I6sHRmGL/7gudP': { chainKey: [Object], chainType: 1, messageKeys: {} }
  },
  registrationId: 696180770,
  currentRatchet: {
    ephemeralKeyPair: {
      pubKey: <Buffer 05 e4 7c 1f 81 27 4f ff 23 f4 10 60 ad c7 c6 3e e3 6e a6 0c 86 6b f2 3a b0 74 66 18 bf fb 82 e7 4f>,
      privKey: <Buffer 38 d0 db 4f 0a 96 28 3e 9d bf 36 23 8e 52 ee 0f ff 4a 5f 63 28 56 04 28 51 20 5c 36 37 22 ed 7c>
    },
    lastRemoteEphemeralKey: <Buffer 05 a9 c3 0d 72 16 8b 28 05 70 9f a8 7d 35 c8 58 f5 b7 8d c5 86 b7 2b 3f b5 c4 c4 ec 9b a9 45 f8 00>,
    previousCounter: 0,
    rootKey: <Buffer 10 92 4d c6 f0 08 e3 1b 2e ab a1 a0 a2 37 b2 65 a1 c0 bf be f0 b4 fc aa e3 11 81 50 88 6a de 8b>
  },
  indexInfo: {
    baseKey: <Buffer 05 2c 78 41 38 c7 13 10 bc b5 aa 3e c6 18 00 73 0a 79 86 a4 bd 76 2f eb c9 db a6 26 f4 cc 46 a3 06>,
    baseKeyType: 2,
    closed: 1791104993629,
    used: 1791104993504,
    created: 1791104993504,
    remoteIdentityKey: <Buffer 05 3a 55 84 47 39 c0 38 94 bb eb ee 22 28 90 6f 28 2d a4 1e 12 1e c5 b8 4f f7 4e 8b 1f 71 5c cd 27>
  }
}
⚠️ Koneksi terputus. Menghubungkan kembali...

✅ BOT KENSHO MART BERHASIL TERHUBUNG SEPENUHNYA!

Closing session: SessionEntry {
  _chains: {
    'BZzFIIjpJr13oZ6+kpzvmRckqydr6ofrdep0OH4XTtpV': { chainKey: [Object], chainType: 2, messageKeys: [Object] },
    BeGfs4He2oI6O3jpc7xWQWoOvTF430RdScgD0u930hM5: { chainKey: [Object], chainType: 1, messageKeys: {} }
  },
  registrationId: 696180770,
  currentRatchet: {
    ephemeralKeyPair: {
      pubKey: <Buffer 05 e1 9f b3 81 de da 82 3a 3b 78 e9 73 bc 56 41 6a 0e bd 31 78 df 44 5d 49 c8 03 d2 ef 77 d2 13 39>,
      privKey: <Buffer 98 e8 ce ee 40 89 c5 63 88 11 bf 28 a0 f7 50 8f 4e 9b 2e d0 db 3c 9d da cb ea 64 0f c2 f7 02 6f>
    },
    lastRemoteEphemeralKey: <Buffer 05 9c c5 20 88 e9 26 bd 77 a1 9e be 92 9c ef 99 17 24 ab 27 6b ea 87 eb 75 ea 74 38 7e 17 4e da 55>,
    previousCounter: -1,
    rootKey: <Buffer c8 c5 5d 59 58 c0 c4 94 e0 7e 68 87 f2 38 c7 98 de cf 07 83 22 16 d9 00 84 85 ec 07 a5 bf 23 e5>
  },
  indexInfo: {
    baseKey: <Buffer 05 48 8a 74 e9 2b c5 e1 f8 11 0c ec 2b 8a 3c 3d 6e 3a d8 a0 90 6c bb cd 3d 8c 57 e6 23 b1 65 15 18>,
    baseKeyType: 1,
    closed: -1,
    used: 1791123134237,
    created: 1791123134237,
    remoteIdentityKey: <Buffer 05 3a 55 84 47 39 c0 38 94 bb eb ee 22 28 90 6f 28 2d a4 1e 12 1e c5 b8 4f f7 4e 8b 1f 71 5c cd 27>
  },
  pendingPreKey: {
    signedKeyId: 4106625,
    baseKey: <Buffer 05 48 8a 74 e9 2b c5 e1 f8 11 0c ec 2b 8a 3c 3d 6e 3a d8 a0 90 6c bb cd 3d 8c 57 e6 23 b1 65 15 18>,
    preKeyId: 10009634
  }
}
Removing old closed session: SessionEntry {
  _chains: {
    'BdbPG1NVzdCtV1RqFk9AuTSi00DVmAVI+eZ3wN7RNQ46': { chainKey: [Object], chainType: 2, messageKeys: {} },
    BeDhgBk13lba0vkwBB5xWTpgGJWNKrw8p5Pjro2IMTt4: { chainKey: [Object], chainType: 1, messageKeys: {} }
  },
  registrationId: 696180770,
  currentRatchet: {
    ephemeralKeyPair: {
      pubKey: <Buffer 05 e0 e1 80 19 35 de 56 da d2 f9 30 04 1e 71 59 3a 60 18 95 8d 2a bc 3c a7 93 e3 ae 8d 88 31 3b 78>,
      privKey: <Buffer 30 14 a4 16 50 31 ab 13 e1 18 2e df 6c c3 5f a3 2c f7 4a 2b 34 33 0e 84 7f 25 ff f5 f3 3f e7 56>
    },
    lastRemoteEphemeralKey: <Buffer 05 d6 cf 1b 53 55 cd d0 ad 57 54 6a 16 4f 40 b9 34 a2 d3 40 d5 98 05 48 f9 e6 77 c0 de d1 35 0e 3a>,
    previousCounter: 0,
    rootKey: <Buffer a2 e1 63 db 67 83 c6 94 6b 09 02 c0 2e bd 54 49 1d 42 4f 93 f6 ce 80 e8 a2 71 a2 5f 8a 21 47 53>
  },
  indexInfo: {
    baseKey: <Buffer 05 5e 21 4b c9 a4 ed b5 d2 eb 5c 12 eb 82 5a 2e 55 5e 53 69 06 83 33 e3 e5 a0 59 64 71 97 99 c8 5b>,
    baseKeyType: 2,
    closed: 1791104999236,
    used: 1791104993637,
    created: 1791104993637,
    remoteIdentityKey: <Buffer 05 3a 55 84 47 39 c0 38 94 bb eb ee 22 28 90 6f 28 2d a4 1e 12 1e c5 b8 4f f7 4e 8b 1f 71 5c cd 27>
  }
}
Closing session: SessionEntry {
  _chains: {
    'BZzFIIjpJr13oZ6+kpzvmRckqydr6ofrdep0OH4XTtpV': { chainKey: [Object], chainType: 2, messageKeys: [Object] },
    'BaJ28nK0JDXE/kR8hVQ3JA/PF4aodpTtBkq8W/vblRAD': { chainKey: [Object], chainType: 1, messageKeys: {} }
  },
  registrationId: 696180770,
  currentRatchet: {
    ephemeralKeyPair: {
      pubKey: <Buffer 05 a2 76 f2 72 b4 24 35 c4 fe 44 7c 85 54 37 24 0f cf 17 86 a8 76 94 ed 06 4a bc 5b fb db 95 10 03>,
      privKey: <Buffer 78 9b 02 b9 56 58 7b 6a 02 b2 a3 2e e7 da 9a 2b 73 02 2b 0f c2 6e 42 0c e3 7c ac b2 5e 3c d4 4d>
    },
    lastRemoteEphemeralKey: <Buffer 05 9c c5 20 88 e9 26 bd 77 a1 9e be 92 9c ef 99 17 24 ab 27 6b ea 87 eb 75 ea 74 38 7e 17 4e da 55>,
    previousCounter: -1,
    rootKey: <Buffer 87 1b ed 07 f3 e2 35 92 ad f7 13 3f 5d 4b ce af 87 7d d1 83 5c 44 22 b6 f0 51 2e 99 d0 2f 41 2e>
  },
  indexInfo: {
    baseKey: <Buffer 05 bb 7d e3 4f ab 77 6d 14 e6 bf 4e ab e1 6b 7f a6 ef 9b 73 83 7f 20 b1 4b 6f 60 7c 79 2e 70 73 2d>,
    baseKeyType: 1,
    closed: -1,
    used: 1791123270857,
    created: 1791123270857,
    remoteIdentityKey: <Buffer 05 3a 55 84 47 39 c0 38 94 bb eb ee 22 28 90 6f 28 2d a4 1e 12 1e c5 b8 4f f7 4e 8b 1f 71 5c cd 27>
  },
  pendingPreKey: {
    signedKeyId: 4106625,
    baseKey: <Buffer 05 bb 7d e3 4f ab 77 6d 14 e6 bf 4e ab e1 6b 7f a6 ef 9b 73 83 7f 20 b1 4b 6f 60 7c 79 2e 70 73 2d>,
    preKeyId: 10009662
  }
}
Closing session: SessionEntry {
  _chains: {
    'BZzn1J+oS1PCmffep1Cc/C2IWqDJA465PNS0XyjSHsUj': { chainKey: [Object], chainType: 1, messageKeys: {} }
  },
  registrationId: 696180770,
  currentRatchet: {
    ephemeralKeyPair: {
      pubKey: <Buffer 05 9c e7 d4 9f a8 4b 53 c2 99 f7 de a7 50 9c fc 2d 88 5a a0 c9 03 8e b9 3c d4 b4 5f 28 d2 1e c5 23>,
      privKey: <Buffer e0 c2 ef 4a 00 be b2 31 52 ca c1 e7 0b 83 69 b9 58 93 28 88 bd a6 46 ef 55 3f a4 d5 05 df 06 42>
    },
    lastRemoteEphemeralKey: <Buffer 05 97 52 90 47 b7 16 a2 db 3c 51 74 ff 67 32 0f c8 0e 7d b9 3c 55 aa 97 d6 d9 6a 08 2e c6 de a3 06>,
    previousCounter: 0,
    rootKey: <Buffer 0f a6 10 12 14 6a e8 51 03 42 35 6f 07 69 f6 14 eb 50 f9 43 d8 06 c3 92 02 fe 18 49 3d 12 81 7b>
  },
  indexInfo: {
    baseKey: <Buffer 05 99 ea e5 50 75 9d bf 73 e3 68 73 93 8e 1e fc 75 66 c7 88 79 e7 87 70 b8 2c 6e 19 83 a4 aa 16 4a>,
    baseKeyType: 1,
    closed: -1,
    used: 1791123276114,
    created: 1791123276114,
    remoteIdentityKey: <Buffer 05 3a 55 84 47 39 c0 38 94 bb eb ee 22 28 90 6f 28 2d a4 1e 12 1e c5 b8 4f f7 4e 8b 1f 71 5c cd 27>
  },
  pendingPreKey: {
    signedKeyId: 4106625,
    baseKey: <Buffer 05 99 ea e5 50 75 9d bf 73 e3 68 73 93 8e 1e fc 75 66 c7 88 79 e7 87 70 b8 2c 6e 19 83 a4 aa 16 4a>,
    preKeyId: 10009586
  }
}
Closing session: SessionEntry {
  _chains: {
    'BeS75RgzSaXLU+/3aq63wA17HIZbfN68XmyRem99hkt2': { chainKey: [Object], chainType: 1, messageKeys: {} }
  },
  registrationId: 696180770,
  currentRatchet: {
    ephemeralKeyPair: {
      pubKey: <Buffer 05 e4 bb e5 18 33 49 a5 cb 53 ef f7 6a ae b7 c0 0d 7b 1c 86 5b 7c de bc 5e 6c 91 7a 6f 7d 86 4b 76>,
      privKey: <Buffer e8 94 11 d2 21 b4 8c 69 8c 1d 81 03 44 28 7b 71 c1 6d 29 eb 4e 82 59 40 b5 d0 a6 1d 51 f3 fc 46>
    },
    lastRemoteEphemeralKey: <Buffer 05 97 52 90 47 b7 16 a2 db 3c 51 74 ff 67 32 0f c8 0e 7d b9 3c 55 aa 97 d6 d9 6a 08 2e c6 de a3 06>,
    previousCounter: 0,
    rootKey: <Buffer 9b 2a 41 c2 c3 e5 f0 54 38 70 9e 0b a5 ff 84 77 7e 21 ef 1f a7 62 e0 96 d2 8e 4d 6c 11 10 dc 16>
  },
  indexInfo: {
    baseKey: <Buffer 05 70 e1 9a c6 8f dd 0a 2a a3 d9 e3 ca f9 3f 3d f3 31 3a 78 ed 25 70 b3 d8 24 a1 99 1e 04 13 ed 45>,
    baseKeyType: 1,
    closed: -1,
    used: 1791123281362,
    created: 1791123281362,
    remoteIdentityKey: <Buffer 05 3a 55 84 47 39 c0 38 94 bb eb ee 22 28 90 6f 28 2d a4 1e 12 1e c5 b8 4f f7 4e 8b 1f 71 5c cd 27>
  },
  pendingPreKey: {
    signedKeyId: 4106625,
    baseKey: <Buffer 05 70 e1 9a c6 8f dd 0a 2a a3 d9 e3 ca f9 3f 3d f3 31 3a 78 ed 25 70 b3 d8 24 a1 99 1e 04 13 ed 45>,
    preKeyId: 10009583
  }
}
Closing session: SessionEntry {
  _chains: {
    BUUIqpqCSElzMLLjoRU7LYTmboy3uybosxSERxpVj0oH: { chainKey: [Object], chainType: 1, messageKeys: {} }
  },
  registrationId: 696180770,
  currentRatchet: {
    ephemeralKeyPair: {
      pubKey: <Buffer 05 45 08 aa 9a 82 48 49 73 30 b2 e3 a1 15 3b 2d 84 e6 6e 8c b7 bb 26 e8 b3 14 84 47 1a 55 8f 4a 07>,
      privKey: <Buffer 38 88 9b d2 af da 04 a4 f8 56 e2 72 c5 db 6a e2 c2 86 a9 e1 8c f7 01 f9 d2 aa 1c eb 89 39 53 4e>
    },
    lastRemoteEphemeralKey: <Buffer 05 97 52 90 47 b7 16 a2 db 3c 51 74 ff 67 32 0f c8 0e 7d b9 3c 55 aa 97 d6 d9 6a 08 2e c6 de a3 06>,
    previousCounter: 0,
    rootKey: <Buffer 15 59 92 ca c6 cd 83 6b 3b 66 71 bc 38 02 c3 78 2f 77 d8 56 ab 9f be 1d 30 2e 36 39 6b 7e 21 d3>
  },
  indexInfo: {
    baseKey: <Buffer 05 82 8e 7a 90 53 c4 e5 4f 84 40 e0 98 0f b3 50 26 2c 22 df fe 08 5c cd 56 a6 69 51 42 8c 17 98 10>,
    baseKeyType: 1,
    closed: -1,
    used: 1791123286719,
    created: 1791123286719,
    remoteIdentityKey: <Buffer 05 3a 55 84 47 39 c0 38 94 bb eb ee 22 28 90 6f 28 2d a4 1e 12 1e c5 b8 4f f7 4e 8b 1f 71 5c cd 27>
  },
  pendingPreKey: {
    signedKeyId: 4106625,
    baseKey: <Buffer 05 82 8e 7a 90 53 c4 e5 4f 84 40 e0 98 0f b3 50 26 2c 22 df fe 08 5c cd 56 a6 69 51 42 8c 17 98 10>,
    preKeyId: 10009668
  }
}
Removing old closed session: SessionEntry {
  _chains: {
    'BdldHdgD1OIifbDHnoQSx3Zm2A2/nhIEtBfqLvgDExFD': { chainKey: [Object], chainType: 1, messageKeys: {} }
  },
  registrationId: 696180770,
  currentRatchet: {
    ephemeralKeyPair: {
      pubKey: <Buffer 05 d9 5d 1d d8 03 d4 e2 22 7d b0 c7 9e 84 12 c7 76 66 d8 0d bf 9e 12 04 b4 17 ea 2e f8 03 13 11 43>,
      privKey: <Buffer 10 50 26 c4 63 9e b3 70 07 22 41 76 fe e1 46 a6 df 93 18 a0 8f 62 b6 80 fa d4 e1 4d 72 f1 2c 60>
    },
    lastRemoteEphemeralKey: <Buffer 05 97 52 90 47 b7 16 a2 db 3c 51 74 ff 67 32 0f c8 0e 7d b9 3c 55 aa 97 d6 d9 6a 08 2e c6 de a3 06>,
    previousCounter: 0,
    rootKey: <Buffer 7c 40 4e 79 87 ba 35 24 e9 88 7a c9 35 16 66 cb ba 6c 83 96 a8 fa 07 3c 2f 48 45 73 93 46 b6 7f>
  },
  indexInfo: {
    baseKey: <Buffer 05 6f fd 53 6e b7 e6 4a 7e 2d 7a 33 58 49 44 34 db d2 a5 38 73 29 43 63 0f 84 36 f5 d2 99 ca e1 03>,
    baseKeyType: 1,
    closed: 1791105004566,
    used: 1791104999216,
    created: 1791104999216,
    remoteIdentityKey: <Buffer 05 3a 55 84 47 39 c0 38 94 bb eb ee 22 28 90 6f 28 2d a4 1e 12 1e c5 b8 4f f7 4e 8b 1f 71 5c cd 27>
  },
  pendingPreKey: {
    signedKeyId: 4106625,
    baseKey: <Buffer 05 6f fd 53 6e b7 e6 4a 7e 2d 7a 33 58 49 44 34 db d2 a5 38 73 29 43 63 0f 84 36 f5 d2 99 ca e1 03>,
    preKeyId: 10009636
  }
}
Removing old closed session: SessionEntry {
  _chains: {
    BbW3ReyFbHJnC5DPDiqnRt6n5b1ntxaeiPINB4koQ8FF: { chainKey: [Object], chainType: 1, messageKeys: {} }
  },
  registrationId: 696180770,
  currentRatchet: {
    ephemeralKeyPair: {
      pubKey: <Buffer 05 b5 b7 45 ec 85 6c 72 67 0b 90 cf 0e 2a a7 46 de a7 e5 bd 67 b7 16 9e 88 f2 0d 07 89 28 43 c1 45>,
      privKey: <Buffer 00 2c ae d8 1c eb df 11 ff 11 63 5f a1 bf 85 ce fd 4a 4a c0 d6 a6 40 e8 30 fe 71 32 92 a8 c1 5f>
    },
    lastRemoteEphemeralKey: <Buffer 05 97 52 90 47 b7 16 a2 db 3c 51 74 ff 67 32 0f c8 0e 7d b9 3c 55 aa 97 d6 d9 6a 08 2e c6 de a3 06>,
    previousCounter: 0,
    rootKey: <Buffer 20 e3 e2 db 09 3b 76 91 00 b3 75 0a a7 3a 8c f3 c7 4e dd 42 c4 1f b4 e4 6d 4c 30 1f 5a 0d 52 81>
  },
  indexInfo: {
    baseKey: <Buffer 05 80 ed 9c 29 73 0e 50 6b 82 e9 67 82 81 76 a0 90 bc c5 e6 c5 d3 07 f1 2e 3f fd a6 0a 55 69 88 63>,
    baseKeyType: 1,
    closed: 1791105009871,
    used: 1791105004543,
    created: 1791105004543,
    remoteIdentityKey: <Buffer 05 3a 55 84 47 39 c0 38 94 bb eb ee 22 28 90 6f 28 2d a4 1e 12 1e c5 b8 4f f7 4e 8b 1f 71 5c cd 27>
  },
  pendingPreKey: {
    signedKeyId: 4106625,
    baseKey: <Buffer 05 80 ed 9c 29 73 0e 50 6b 82 e9 67 82 81 76 a0 90 bc c5 e6 c5 d3 07 f1 2e 3f fd a6 0a 55 69 88 63>,
    preKeyId: 10009511
  }
}
Removing old closed session: SessionEntry {
  _chains: {
    'BSXhD5nYc2JOd1bVnPAetq5T/QiyuO0NMI1LIeOEQq9s': { chainKey: [Object], chainType: 1, messageKeys: {} }
  },
  registrationId: 696180770,
  currentRatchet: {
    ephemeralKeyPair: {
      pubKey: <Buffer 05 25 e1 0f 99 d8 73 62 4e 77 56 d5 9c f0 1e b6 ae 53 fd 08 b2 b8 ed 0d 30 8d 4b 21 e3 84 42 af 6c>,
      privKey: <Buffer b0 92 0b a1 80 76 dc e5 e3 6d e7 c1 93 0d 0d 31 d1 0d cf 02 88 2e 33 ed bc b4 f7 e6 95 d8 3d 4f>
    },
    lastRemoteEphemeralKey: <Buffer 05 97 52 90 47 b7 16 a2 db 3c 51 74 ff 67 32 0f c8 0e 7d b9 3c 55 aa 97 d6 d9 6a 08 2e c6 de a3 06>,
    previousCounter: 0,
    rootKey: <Buffer 31 aa c2 ed 0f c1 54 5c ea 52 de b0 03 88 36 2b f4 a7 fd c6 0f 7e 15 e5 3d 3f 6c 65 f5 df a8 06>
  },
  indexInfo: {
    baseKey: <Buffer 05 6f 61 17 2c 82 62 f6 d7 b4 f6 5d 89 5d f3 fc 03 9b be 4b 3b 4c 9b 9e 7e cd cd 4c 77 ec 53 1c 36>,
    baseKeyType: 1,
    closed: 1791105015093,
    used: 1791105009848,
    created: 1791105009848,
    remoteIdentityKey: <Buffer 05 3a 55 84 47 39 c0 38 94 bb eb ee 22 28 90 6f 28 2d a4 1e 12 1e c5 b8 4f f7 4e 8b 1f 71 5c cd 27>
  },
  pendingPreKey: {
    signedKeyId: 4106625,
    baseKey: <Buffer 05 6f 61 17 2c 82 62 f6 d7 b4 f6 5d 89 5d f3 fc 03 9b be 4b 3b 4c 9b 9e 7e cd cd 4c 77 ec 53 1c 36>,
    preKeyId: 10009833
  }
}
Removing old closed session: SessionEntry {
  _chains: {
    'BW4yl44YYyMcwQfuwIp9JNZVNylWB3r+SDi/S/uW3V4F': { chainKey: [Object], chainType: 1, messageKeys: {} }
  },
  registrationId: 696180770,
  currentRatchet: {
    ephemeralKeyPair: {
      pubKey: <Buffer 05 6e 32 97 8e 18 63 23 1c c1 07 ee c0 8a 7d 24 d6 55 37 29 56 07 7a fe 48 38 bf 4b fb 96 dd 5e 05>,
      privKey: <Buffer e0 1a b8 81 f0 d9 3e f7 9b 29 74 8b f5 75 17 87 db 84 49 a8 07 11 b5 82 f0 82 16 fd da 26 fa 74>
    },
    lastRemoteEphemeralKey: <Buffer 05 97 52 90 47 b7 16 a2 db 3c 51 74 ff 67 32 0f c8 0e 7d b9 3c 55 aa 97 d6 d9 6a 08 2e c6 de a3 06>,
    previousCounter: 0,
    rootKey: <Buffer d7 c8 af 29 1a 63 4b 7a 67 de 77 17 d8 af e1 4a 5b 1e 37 e9 f3 6c dd 71 3a 90 2c a1 39 1f ce a1>
  },
  indexInfo: {
    baseKey: <Buffer 05 e3 7b 00 eb 40 7b 60 2e c5 ec b6 7c d1 8a 0b ba d9 02 ee 79 1a c2 57 be f1 20 ac 6a 06 78 51 6d>,
    baseKeyType: 1,
    closed: 1791105020350,
    used: 1791105015076,
    created: 1791105015076,
    remoteIdentityKey: <Buffer 05 3a 55 84 47 39 c0 38 94 bb eb ee 22 28 90 6f 28 2d a4 1e 12 1e c5 b8 4f f7 4e 8b 1f 71 5c cd 27>
  },
  pendingPreKey: {
    signedKeyId: 4106625,
    baseKey: <Buffer 05 e3 7b 00 eb 40 7b 60 2e c5 ec b6 7c d1 8a 0b ba d9 02 ee 79 1a c2 57 be f1 20 ac 6a 06 78 51 6d>,
    preKeyId: 10009605
  }
}
Closing session: SessionEntry {
  _chains: {
    'BZzFIIjpJr13oZ6+kpzvmRckqydr6ofrdep0OH4XTtpV': { chainKey: [Object], chainType: 2, messageKeys: [Object] },
    BZJSPQkhvMOslP6njcYdUXswJwAL0WZ4LOzY2ss4TXAb: { chainKey: [Object], chainType: 1, messageKeys: {} }
  },
  registrationId: 696180770,
  currentRatchet: {
    ephemeralKeyPair: {
      pubKey: <Buffer 05 92 52 3d 09 21 bc c3 ac 94 fe a7 8d c6 1d 51 7b 30 27 00 0b d1 66 78 2c ec d8 da cb 38 4d 70 1b>,
      privKey: <Buffer 90 9e 73 8f a1 7e 85 51 77 20 4f 3a b2 04 3b da 8d f3 40 04 ec 45 53 18 d2 fd 50 dc bb eb 98 6d>
    },
    lastRemoteEphemeralKey: <Buffer 05 9c c5 20 88 e9 26 bd 77 a1 9e be 92 9c ef 99 17 24 ab 27 6b ea 87 eb 75 ea 74 38 7e 17 4e da 55>,
    previousCounter: -1,
    rootKey: <Buffer 44 16 f4 5b 55 fd c4 9f 4d 16 57 78 4c 7c 5c 0c 98 82 8c fe ca 63 9c 32 00 6d 34 dd 69 2f 9d 98>
  },
  indexInfo: {
    baseKey: <Buffer 05 97 79 74 cd 6b b4 b5 9d ed 13 5f e4 7e ba b6 0c 19 b1 3c 63 90 31 89 fb 0a f3 6a 71 d9 6a 6c 62>,
    baseKeyType: 1,
    closed: -1,
    used: 1791123291914,
    created: 1791123291914,
    remoteIdentityKey: <Buffer 05 3a 55 84 47 39 c0 38 94 bb eb ee 22 28 90 6f 28 2d a4 1e 12 1e c5 b8 4f f7 4e 8b 1f 71 5c cd 27>
  },
  pendingPreKey: {
    signedKeyId: 4106625,
    baseKey: <Buffer 05 97 79 74 cd 6b b4 b5 9d ed 13 5f e4 7e ba b6 0c 19 b1 3c 63 90 31 89 fb 0a f3 6a 71 d9 6a 6c 62>,
    preKeyId: 10009491
  }
}
Removing old closed session: SessionEntry {
  _chains: {
    'BfwALZV1hhzhaPSAFhhlHVeTEZB/QOgLM1yRNnnm9qp+': { chainKey: [Object], chainType: 1, messageKeys: {} }
  },
  registrationId: 696180770,
  currentRatchet: {
    ephemeralKeyPair: {
      pubKey: <Buffer 05 fc 00 2d 95 75 86 1c e1 68 f4 80 16 18 65 1d 57 93 11 90 7f 40 e8 0b 33 5c 91 36 79 e6 f6 aa 7e>,
      privKey: <Buffer 70 27 74 4f 2c e6 47 69 7e 11 53 33 db e1 3a 47 7d cd ee 35 ad c9 ba 34 36 4d dc 8b 6f 08 54 50>
    },
    lastRemoteEphemeralKey: <Buffer 05 97 52 90 47 b7 16 a2 db 3c 51 74 ff 67 32 0f c8 0e 7d b9 3c 55 aa 97 d6 d9 6a 08 2e c6 de a3 06>,
    previousCounter: 0,
    rootKey: <Buffer 9e da 35 79 85 e3 40 a6 01 80 be 0a 7d 21 7c a8 00 8b e3 83 91 31 a4 69 19 43 35 7c 0d 7a 91 bd>
  },
  indexInfo: {
    baseKey: <Buffer 05 e9 57 64 85 bc 19 51 dd ef 46 bb 0c 37 7c 95 91 7b 35 57 f5 b8 aa 14 e0 73 8f e5 18 2a fd 54 2d>,
    baseKeyType: 1,
    closed: 1791105025576,
    used: 1791105020336,
    created: 1791105020336,
    remoteIdentityKey: <Buffer 05 3a 55 84 47 39 c0 38 94 bb eb ee 22 28 90 6f 28 2d a4 1e 12 1e c5 b8 4f f7 4e 8b 1f 71 5c cd 27>
  },
  pendingPreKey: {
    signedKeyId: 4106625,
    baseKey: <Buffer 05 e9 57 64 85 bc 19 51 dd ef 46 bb 0c 37 7c 95 91 7b 35 57 f5 b8 aa 14 e0 73 8f e5 18 2a fd 54 2d>,
    preKeyId: 10009566
  }
}
📩 Pesan dari 165107552252138@lid: "belumm"
Closing session: SessionEntry {
  _chains: {
    'BZzFIIjpJr13oZ6+kpzvmRckqydr6ofrdep0OH4XTtpV': { chainKey: [Object], chainType: 2, messageKeys: [Object] },
    BXJ9grQgX1u5L9S98yaotydUpNvidkHLIfBzUhv98Iwi: { chainKey: [Object], chainType: 1, messageKeys: {} }
  },
  registrationId: 696180770,
  currentRatchet: {
    ephemeralKeyPair: {
      pubKey: <Buffer 05 72 7d 82 b4 20 5f 5b b9 2f d4 bd f3 26 a8 b7 27 54 a4 db e2 76 41 cb 21 f0 73 52 1b fd f0 8c 22>,
      privKey: <Buffer 30 65 f9 50 43 c3 69 bd 03 91 51 34 eb 8e 51 3a 14 55 57 8d 8d a6 e3 9c b7 78 a3 4a f5 45 d6 5a>
    },
    lastRemoteEphemeralKey: <Buffer 05 9c c5 20 88 e9 26 bd 77 a1 9e be 92 9c ef 99 17 24 ab 27 6b ea 87 eb 75 ea 74 38 7e 17 4e da 55>,
    previousCounter: -1,
    rootKey: <Buffer 3a 19 7c ed 03 73 ed 24 98 1c 0b c2 5f fa f9 b6 4f ac 7a a2 9b 34 db 38 6a aa ce 1f 64 82 46 26>
  },
  indexInfo: {
    baseKey: <Buffer 05 e3 64 1b 20 ea 81 d3 dd 52 d9 97 7b ac ae 86 83 69 63 f3 95 84 9a 0f d6 93 9f bc 70 65 a7 76 70>,
    baseKeyType: 1,
    closed: -1,
    used: 1791123297352,
    created: 1791123297352,
    remoteIdentityKey: <Buffer 05 3a 55 84 47 39 c0 38 94 bb eb ee 22 28 90 6f 28 2d a4 1e 12 1e c5 b8 4f f7 4e 8b 1f 71 5c cd 27>
  },
  pendingPreKey: {
    signedKeyId: 4106625,
    baseKey: <Buffer 05 e3 64 1b 20 ea 81 d3 dd 52 d9 97 7b ac ae 86 83 69 63 f3 95 84 9a 0f d6 93 9f bc 70 65 a7 76 70>,
    preKeyId: 10009657
  }
}
Closing session: SessionEntry {
  _chains: {
    BRxhPnDUJ4Cw4jJdMIu808OtkQGynIy3RZEVAiLU1qUz: { chainKey: [Object], chainType: 1, messageKeys: {} }
  },
  registrationId: 696180770,
  currentRatchet: {
    ephemeralKeyPair: {
      pubKey: <Buffer 05 1c 61 3e 70 d4 27 80 b0 e2 32 5d 30 8b bc d3 c3 ad 91 01 b2 9c 8c b7 45 91 15 02 22 d4 d6 a5 33>,
      privKey: <Buffer 00 33 e5 31 7d 88 2c 08 e2 14 50 42 fc 7b c2 7c 7c b7 43 43 de dc 62 61 bd e6 f1 1f 8c 1a 27 52>
    },
    lastRemoteEphemeralKey: <Buffer 05 97 52 90 47 b7 16 a2 db 3c 51 74 ff 67 32 0f c8 0e 7d b9 3c 55 aa 97 d6 d9 6a 08 2e c6 de a3 06>,
    previousCounter: 0,
    rootKey: <Buffer ba c4 5a ae 3a 31 4d fd 18 40 bc 04 53 19 75 1e 48 48 77 d2 6d 30 47 26 62 39 6f 0a bd 0a 4c f2>
  },
  indexInfo: {
    baseKey: <Buffer 05 7a 01 c7 c3 b5 82 cc 8e 09 0d 81 31 d3 97 bf ac 3d 42 e7 3b 6b fe d0 47 10 bd 39 5e 70 97 e5 05>,
    baseKeyType: 1,
    closed: -1,
    used: 1791123300035,
    created: 1791123300035,
    remoteIdentityKey: <Buffer 05 3a 55 84 47 39 c0 38 94 bb eb ee 22 28 90 6f 28 2d a4 1e 12 1e c5 b8 4f f7 4e 8b 1f 71 5c cd 27>
  },
  pendingPreKey: {
    signedKeyId: 4106625,
    baseKey: <Buffer 05 7a 01 c7 c3 b5 82 cc 8e 09 0d 81 31 d3 97 bf ac 3d 42 e7 3b 6b fe d0 47 10 bd 39 5e 70 97 e5 05>,
    preKeyId: 10009733
  }
}
Removing old closed session: SessionEntry {
  _chains: {
    'BUlWVpVvBZBH4wNPvl4joG3g1JsJOgIh2ZAzl7DBU/An': { chainKey: [Object], chainType: 1, messageKeys: {} }
  },
  registrationId: 696180770,
  currentRatchet: {
    ephemeralKeyPair: {
      pubKey: <Buffer 05 49 56 56 95 6f 05 90 47 e3 03 4f be 5e 23 a0 6d e0 d4 9b 09 3a 02 21 d9 90 33 97 b0 c1 53 f0 27>,
      privKey: <Buffer 30 d1 1d 38 67 e1 09 73 7d 7b db af 6a d6 c3 27 89 29 4a a3 25 50 94 94 78 4f c0 34 cd e1 c9 70>
    },
    lastRemoteEphemeralKey: <Buffer 05 97 52 90 47 b7 16 a2 db 3c 51 74 ff 67 32 0f c8 0e 7d b9 3c 55 aa 97 d6 d9 6a 08 2e c6 de a3 06>,
    previousCounter: 0,
    rootKey: <Buffer 21 5d e4 42 c0 73 a3 c0 fa b0 5d 09 fe a8 d1 fd 19 06 81 79 e5 af 8f 1b 41 11 4e dc 33 0d 22 6d>
  },
  indexInfo: {
    baseKey: <Buffer 05 c5 8f 61 08 04 b8 54 de 48 aa df f3 b7 45 07 26 18 42 7c 68 e8 e3 3e 47 67 5c 92 6f e9 ed e9 0f>,
    baseKeyType: 1,
    closed: 1791105030949,
    used: 1791105025550,
    created: 1791105025550,
    remoteIdentityKey: <Buffer 05 3a 55 84 47 39 c0 38 94 bb eb ee 22 28 90 6f 28 2d a4 1e 12 1e c5 b8 4f f7 4e 8b 1f 71 5c cd 27>
  },
  pendingPreKey: {
    signedKeyId: 4106625,
    baseKey: <Buffer 05 c5 8f 61 08 04 b8 54 de 48 aa df f3 b7 45 07 26 18 42 7c 68 e8 e3 3e 47 67 5c 92 6f e9 ed e9 0f>,
    preKeyId: 10009584
  }
}
Removing old closed session: SessionEntry {
  _chains: {
    'BVkZDrwbwHJk+dRZYV59CE4xIL/Q+hnhpAiXsYa89jdm': { chainKey: [Object], chainType: 1, messageKeys: {} }
  },
  registrationId: 696180770,
  currentRatchet: {
    ephemeralKeyPair: {
      pubKey: <Buffer 05 59 19 0e bc 1b c0 72 64 f9 d4 59 61 5e 7d 08 4e 31 20 bf d0 fa 19 e1 a4 08 97 b1 86 bc f6 37 66>,
      privKey: <Buffer 80 2e 88 80 07 cd 12 aa 66 f0 41 80 9f 0d 98 fe 07 5f 6b a7 4b 6a c4 64 e7 17 ae f8 94 58 ae 74>
    },
    lastRemoteEphemeralKey: <Buffer 05 97 52 90 47 b7 16 a2 db 3c 51 74 ff 67 32 0f c8 0e 7d b9 3c 55 aa 97 d6 d9 6a 08 2e c6 de a3 06>,
    previousCounter: 0,
    rootKey: <Buffer 76 56 ac 09 d4 4c 04 a1 7b fd ad a0 29 d4 e6 1d 9c fa 62 a2 a0 33 08 b3 6d bc f3 c2 4c 4e 9b ce>
  },
  indexInfo: {
    baseKey: <Buffer 05 f5 6b f5 57 47 b6 0b 7b 88 b4 80 7b b7 af ec 29 cf 32 02 52 62 62 62 e1 4e dc d2 53 d6 7c 64 2f>,
    baseKeyType: 1,
    closed: 1791105036214,
    used: 1791105030933,
    created: 1791105030933,
    remoteIdentityKey: <Buffer 05 3a 55 84 47 39 c0 38 94 bb eb ee 22 28 90 6f 28 2d a4 1e 12 1e c5 b8 4f f7 4e 8b 1f 71 5c cd 27>
  },
  pendingPreKey: {
    signedKeyId: 4106625,
    baseKey: <Buffer 05 f5 6b f5 57 47 b6 0b 7b 88 b4 80 7b b7 af ec 29 cf 32 02 52 62 62 62 e1 4e dc d2 53 d6 7c 64 2f>,
    preKeyId: 10009739
  }
}
Closing session: SessionEntry {
  _chains: {
    'BZzFIIjpJr13oZ6+kpzvmRckqydr6ofrdep0OH4XTtpV': { chainKey: [Object], chainType: 2, messageKeys: [Object] },
    'BQZXE/VEsQtaNLrc6NAdRaFOZmGZE7dmKcznLAVqYGQn': { chainKey: [Object], chainType: 1, messageKeys: {} }
  },
  registrationId: 696180770,
  currentRatchet: {
    ephemeralKeyPair: {
      pubKey: <Buffer 05 06 57 13 f5 44 b1 0b 5a 34 ba dc e8 d0 1d 45 a1 4e 66 61 99 13 b7 66 29 cc e7 2c 05 6a 60 64 27>,
      privKey: <Buffer 38 c9 ce 87 f7 6a 09 ea 7c 39 38 bc 0f 5f b8 38 7c 52 23 d2 15 f0 e2 94 c2 3e ab b1 1a 4b a4 6e>
    },
    lastRemoteEphemeralKey: <Buffer 05 9c c5 20 88 e9 26 bd 77 a1 9e be 92 9c ef 99 17 24 ab 27 6b ea 87 eb 75 ea 74 38 7e 17 4e da 55>,
    previousCounter: -1,
    rootKey: <Buffer bf ea 42 23 88 f6 69 01 6b 9c 32 3b bc 6d 4a 1e 68 aa 5f fd 3d 61 c5 cf 17 6b 79 4e 7d 35 1d cc>
  },
  indexInfo: {
    baseKey: <Buffer 05 ca 55 77 af 92 32 17 aa f8 5e 5b 91 b9 a9 2f c9 7d af 72 a8 7b 36 85 c5 80 80 bb 70 ed be b2 65>,
    baseKeyType: 1,
    closed: -1,
    used: 1791123302448,
    created: 1791123302448,
    remoteIdentityKey: <Buffer 05 3a 55 84 47 39 c0 38 94 bb eb ee 22 28 90 6f 28 2d a4 1e 12 1e c5 b8 4f f7 4e 8b 1f 71 5c cd 27>
  },
  pendingPreKey: {
    signedKeyId: 4106625,
    baseKey: <Buffer 05 ca 55 77 af 92 32 17 aa f8 5e 5b 91 b9 a9 2f c9 7d af 72 a8 7b 36 85 c5 80 80 bb 70 ed be b2 65>,
    preKeyId: 10009716
  }
}
Removing old closed session: SessionEntry {
  _chains: {
    'Bff7fylKCaaCAazbBbs0yhv+KONpCSCCd32um4pDVLoc': { chainKey: [Object], chainType: 1, messageKeys: {} }
  },
  registrationId: 696180770,
  currentRatchet: {
    ephemeralKeyPair: {
      pubKey: <Buffer 05 f7 fb 7f 29 4a 09 a6 82 01 ac db 05 bb 34 ca 1b fe 28 e3 69 09 20 82 77 7d ae 9b 8a 43 54 ba 1c>,
      privKey: <Buffer e0 c4 1c 27 57 99 2a 9e 3e c6 13 92 ad 5f 52 3c 96 67 02 ba f3 15 bd 62 14 49 17 cd 6c fc 39 49>
    },
    lastRemoteEphemeralKey: <Buffer 05 97 52 90 47 b7 16 a2 db 3c 51 74 ff 67 32 0f c8 0e 7d b9 3c 55 aa 97 d6 d9 6a 08 2e c6 de a3 06>,
    previousCounter: 0,
    rootKey: <Buffer 28 ea d7 f9 ed 1e 63 1e 95 f9 a9 89 1f 51 cf 7e 66 c6 13 f7 4f 0d 18 bd 88 6c 67 09 00 08 55 72>
  },
  indexInfo: {
    baseKey: <Buffer 05 40 ea 71 4f b7 11 99 b0 f1 f7 03 e1 5c 8a bf 71 cd 9e 50 c6 e2 1c 8a cf 19 cb a6 f6 d7 2b 20 38>,
    baseKeyType: 1,
    closed: 1791105041479,
    used: 1791105036184,
    created: 1791105036184,
    remoteIdentityKey: <Buffer 05 3a 55 84 47 39 c0 38 94 bb eb ee 22 28 90 6f 28 2d a4 1e 12 1e c5 b8 4f f7 4e 8b 1f 71 5c cd 27>
  },
  pendingPreKey: {
    signedKeyId: 4106625,
    baseKey: <Buffer 05 40 ea 71 4f b7 11 99 b0 f1 f7 03 e1 5c 8a bf 71 cd 9e 50 c6 e2 1c 8a cf 19 cb a6 f6 d7 2b 20 38>,
    preKeyId: 10009822
  }
}
Closing session: SessionEntry {
  _chains: {
    'BZzFIIjpJr13oZ6+kpzvmRckqydr6ofrdep0OH4XTtpV': { chainKey: [Object], chainType: 2, messageKeys: [Object] },
    'BbwTiJUnEKSVakL76+UxY2kFpm9dX7oO3x1MayaFNzQ5': { chainKey: [Object], chainType: 1, messageKeys: {} }
  },
  registrationId: 696180770,
  currentRatchet: {
    ephemeralKeyPair: {
      pubKey: <Buffer 05 bc 13 88 95 27 10 a4 95 6a 42 fb eb e5 31 63 69 05 a6 6f 5d 5f ba 0e df 1d 4c 6b 26 85 37 34 39>,
      privKey: <Buffer e8 c8 63 aa e1 0c 09 0e 41 4d 44 7c 6f ce 5d ef d6 47 52 03 fa ef 6d 0a dd a1 e6 04 82 cb a4 54>
    },
    lastRemoteEphemeralKey: <Buffer 05 9c c5 20 88 e9 26 bd 77 a1 9e be 92 9c ef 99 17 24 ab 27 6b ea 87 eb 75 ea 74 38 7e 17 4e da 55>,
    previousCounter: -1,
    rootKey: <Buffer 8b 4a 7d 63 7a a6 54 f6 7c ec de b2 92 6b ac b2 e6 7f ad 74 5a 2a 6b 87 3f 1c 3b 7c fc 55 b1 87>
  },
  indexInfo: {
    baseKey: <Buffer 05 7c d8 bb 8a d1 82 bd af 9f 55 2c 59 4b e0 3a c4 de 65 1b f3 41 30 f5 aa df f2 7a cd 33 b2 c7 52>,
    baseKeyType: 1,
    closed: -1,
    used: 1791123307883,
    created: 1791123307883,
    remoteIdentityKey: <Buffer 05 3a 55 84 47 39 c0 38 94 bb eb ee 22 28 90 6f 28 2d a4 1e 12 1e c5 b8 4f f7 4e 8b 1f 71 5c cd 27>
  },
  pendingPreKey: {
    signedKeyId: 4106625,
    baseKey: <Buffer 05 7c d8 bb 8a d1 82 bd af 9f 55 2c 59 4b e0 3a c4 de 65 1b f3 41 30 f5 aa df f2 7a cd 33 b2 c7 52>,
    preKeyId: 10009539
  }
}
Removing old closed session: SessionEntry {
  _chains: {
    'BZzFIIjpJr13oZ6+kpzvmRckqydr6ofrdep0OH4XTtpV': { chainKey: [Object], chainType: 2, messageKeys: {} },
    'BUq27qQ8UMZMqXAtMkaQz8bLYvBqLdqsC/Zt5OVE4XQj': { chainKey: [Object], chainType: 1, messageKeys: {} }
  },
  registrationId: 696180770,
  currentRatchet: {
    ephemeralKeyPair: {
      pubKey: <Buffer 05 4a b6 ee a4 3c 50 c6 4c a9 70 2d 32 46 90 cf c6 cb 62 f0 6a 2d da ac 0b f6 6d e4 e5 44 e1 74 23>,
      privKey: <Buffer d8 09 55 d6 f8 68 5b db fe 6c 52 31 0d fd ab 80 ac fa 6d b7 e2 ed 51 f4 8e 8c 35 10 ba 5f 33 56>
    },
    lastRemoteEphemeralKey: <Buffer 05 9c c5 20 88 e9 26 bd 77 a1 9e be 92 9c ef 99 17 24 ab 27 6b ea 87 eb 75 ea 74 38 7e 17 4e da 55>,
    previousCounter: 0,
    rootKey: <Buffer 20 82 f9 01 fa 8a 4e 99 93 dd eb 82 89 63 c5 90 5c c3 1f cc d6 b8 e7 04 21 bd 88 5f a8 9d 6b ae>
  },
  indexInfo: {
    baseKey: <Buffer 05 fa 55 9e 90 56 47 15 75 25 d2 2a 19 04 f7 4d fa f1 87 b8 3f c6 31 ee 52 f8 b5 9d 36 29 6f 5c 03>,
    baseKeyType: 1,
    closed: 1791107365545,
    used: 1791123313348,
    created: 1791105041465,
    remoteIdentityKey: <Buffer 05 3a 55 84 47 39 c0 38 94 bb eb ee 22 28 90 6f 28 2d a4 1e 12 1e c5 b8 4f f7 4e 8b 1f 71 5c cd 27>
  }
}
Closing session: SessionEntry {
  _chains: {
    'BZzFIIjpJr13oZ6+kpzvmRckqydr6ofrdep0OH4XTtpV': { chainKey: [Object], chainType: 2, messageKeys: [Object] },
    'Bby/4OvaDm55c5a1SmIbi/6xqVg73+xYhgECJ7gF9jJd': { chainKey: [Object], chainType: 1, messageKeys: {} }
  },
  registrationId: 696180770,
  currentRatchet: {
    ephemeralKeyPair: {
      pubKey: <Buffer 05 bc bf e0 eb da 0e 6e 79 73 96 b5 4a 62 1b 8b fe b1 a9 58 3b df ec 58 86 01 02 27 b8 05 f6 32 5d>,
      privKey: <Buffer c0 13 cb d0 44 fb e6 de 16 65 f0 a1 a6 f4 51 c3 07 56 fb 85 b5 92 83 27 45 f5 a8 5d 01 c2 78 4f>
    },
    lastRemoteEphemeralKey: <Buffer 05 9c c5 20 88 e9 26 bd 77 a1 9e be 92 9c ef 99 17 24 ab 27 6b ea 87 eb 75 ea 74 38 7e 17 4e da 55>,
    previousCounter: -1,
    rootKey: <Buffer d7 f9 c6 72 83 bd 94 66 02 76 a0 81 2b 26 83 a9 19 29 e2 ab 4c 92 be 06 ca e0 36 36 af 22 90 18>
  },
  indexInfo: {
    baseKey: <Buffer 05 d4 d6 1c 2d 02 38 27 9d b0 25 53 ba 83 b6 ab f5 fd b5 7d a6 ed 0d 89 a2 4a 22 09 37 94 51 0e 12>,
    baseKeyType: 1,
    closed: -1,
    used: 1791123313272,
    created: 1791123313272,
    remoteIdentityKey: <Buffer 05 3a 55 84 47 39 c0 38 94 bb eb ee 22 28 90 6f 28 2d a4 1e 12 1e c5 b8 4f f7 4e 8b 1f 71 5c cd 27>
  },
  pendingPreKey: {
    signedKeyId: 4106625,
    baseKey: <Buffer 05 d4 d6 1c 2d 02 38 27 9d b0 25 53 ba 83 b6 ab f5 fd b5 7d a6 ed 0d 89 a2 4a 22 09 37 94 51 0e 12>,
    preKeyId: 10009536
  }
}
Closing session: SessionEntry {
  _chains: {
    'BeNBGBG1qY5awlLZTQ7Hs/YlIECykWlfpwnBlQYATj4B': { chainKey: [Object], chainType: 1, messageKeys: {} }
  },
  registrationId: 696180770,
  currentRatchet: {
    ephemeralKeyPair: {
      pubKey: <Buffer 05 e3 41 18 11 b5 a9 8e 5a c2 52 d9 4d 0e c7 b3 f6 25 20 40 b2 91 69 5f a7 09 c1 95 06 00 4e 3e 01>,
      privKey: <Buffer 00 2d 57 a2 66 ef 5d cf 36 5a 14 48 b5 54 3f 67 7d d4 04 1c 3e 9c 08 d1 2a fc 81 58 9e 54 87 42>
    },
    lastRemoteEphemeralKey: <Buffer 05 97 52 90 47 b7 16 a2 db 3c 51 74 ff 67 32 0f c8 0e 7d b9 3c 55 aa 97 d6 d9 6a 08 2e c6 de a3 06>,
    previousCounter: 0,
    rootKey: <Buffer ec 60 d4 c3 6e 59 49 99 d2 41 d5 72 e9 30 12 2a b2 82 02 88 23 84 1b 0a 34 c0 da ae 02 d1 12 56>
  },
  indexInfo: {
    baseKey: <Buffer 05 6b 79 f2 bd 0a 9a 37 c4 bd d4 d5 a6 54 ee d5 dd a3 e6 ea b6 b6 bc 58 47 13 27 02 3c 06 ab 55 15>,
    baseKeyType: 1,
    closed: -1,
    used: 1791123318463,
    created: 1791123318463,
    remoteIdentityKey: <Buffer 05 3a 55 84 47 39 c0 38 94 bb eb ee 22 28 90 6f 28 2d a4 1e 12 1e c5 b8 4f f7 4e 8b 1f 71 5c cd 27>
  },
  pendingPreKey: {
    signedKeyId: 4106625,
    baseKey: <Buffer 05 6b 79 f2 bd 0a 9a 37 c4 bd d4 d5 a6 54 ee d5 dd a3 e6 ea b6 b6 bc 58 47 13 27 02 3c 06 ab 55 15>,
    preKeyId: 10009699
  }
}
Closing session: SessionEntry {
  _chains: {
    'BWHvWR3oWN60ALNvDJK5abp6seJqXOSIn/FjxqoA+ExS': { chainKey: [Object], chainType: 1, messageKeys: {} }
  },
  registrationId: 696180770,
  currentRatchet: {
    ephemeralKeyPair: {
      pubKey: <Buffer 05 61 ef 59 1d e8 58 de b4 00 b3 6f 0c 92 b9 69 ba 7a b1 e2 6a 5c e4 88 9f f1 63 c6 aa 00 f8 4c 52>,
      privKey: <Buffer 58 de af 99 e3 bf 31 3c de bd 5b f2 86 3a 5b 28 d2 63 41 0b 61 f4 bd c8 52 76 a5 6f 8f a5 0c 73>
    },
    lastRemoteEphemeralKey: <Buffer 05 97 52 90 47 b7 16 a2 db 3c 51 74 ff 67 32 0f c8 0e 7d b9 3c 55 aa 97 d6 d9 6a 08 2e c6 de a3 06>,
    previousCounter: 0,
    rootKey: <Buffer 8e 95 bc d5 4f 4e c2 32 5f 0f 8a dd 1d 4c 29 89 99 78 4e fe 1e a0 e2 1b 6f fb d3 fa 4a 9f cb ca>
  },
  indexInfo: {
    baseKey: <Buffer 05 f1 f6 50 b6 50 67 4b ca 50 73 c6 71 ff 3a 5d 34 1d 15 a7 94 d9 82 d7 76 42 26 3f c7 4f ea 02 30>,
    baseKeyType: 1,
    closed: -1,
    used: 1791123323667,
    created: 1791123323667,
    remoteIdentityKey: <Buffer 05 3a 55 84 47 39 c0 38 94 bb eb ee 22 28 90 6f 28 2d a4 1e 12 1e c5 b8 4f f7 4e 8b 1f 71 5c cd 27>
  },
  pendingPreKey: {
    signedKeyId: 4106625,
    baseKey: <Buffer 05 f1 f6 50 b6 50 67 4b ca 50 73 c6 71 ff 3a 5d 34 1d 15 a7 94 d9 82 d7 76 42 26 3f c7 4f ea 02 30>,
    preKeyId: 10009740
  }
}
📩 Pesan dari 165107552252138@lid: "akuu mauu boboo"
📩 Pesan dari 165107552252138@lid: "besokk liburr"
📩 Pesan dari 165107552252138@lid: "jangann boboo pagii"
Closing session: SessionEntry {
  _chains: {
    'Bam8ymkM4ocuWcBzQeAXfeI5ztGdA+wXi7Lx4iJw4dY1': { chainKey: [Object], chainType: 1, messageKeys: {} }
  },
  registrationId: 696180770,
  currentRatchet: {
    ephemeralKeyPair: {
      pubKey: <Buffer 05 a9 bc ca 69 0c e2 87 2e 59 c0 73 41 e0 17 7d e2 39 ce d1 9d 03 ec 17 8b b2 f1 e2 22 70 e1 d6 35>,
      privKey: <Buffer 98 9f 13 14 22 21 19 de ed 81 65 1e e0 a1 fb 01 f8 92 78 14 62 16 bd cc ad 93 d3 c4 d8 4a 32 55>
    },
    lastRemoteEphemeralKey: <Buffer 05 97 52 90 47 b7 16 a2 db 3c 51 74 ff 67 32 0f c8 0e 7d b9 3c 55 aa 97 d6 d9 6a 08 2e c6 de a3 06>,
    previousCounter: 0,
    rootKey: <Buffer 1e d1 ab 2f 5d 29 38 d8 dd 51 db 54 b4 84 d2 66 07 a8 88 4e 1d 92 d2 7b 8b 62 d0 9a f4 c9 c4 a7>
  },
  indexInfo: {
    baseKey: <Buffer 05 f6 7b 8d f1 a7 03 e1 0a f2 2e e7 52 16 91 e2 ff b6 30 f3 fb 04 d8 92 90 ad 73 f9 15 0c ea 4a 77>,
    baseKeyType: 1,
    closed: -1,
    used: 1791123365393,
    created: 1791123365393,
    remoteIdentityKey: <Buffer 05 3a 55 84 47 39 c0 38 94 bb eb ee 22 28 90 6f 28 2d a4 1e 12 1e c5 b8 4f f7 4e 8b 1f 71 5c cd 27>
  },
  pendingPreKey: {
    signedKeyId: 4106625,
    baseKey: <Buffer 05 f6 7b 8d f1 a7 03 e1 0a f2 2e e7 52 16 91 e2 ff b6 30 f3 fb 04 d8 92 90 ad 73 f9 15 0c ea 4a 77>,
    preKeyId: 10009715
  }
}
📩 Pesan dari 165107552252138@lid: "lovee youuu"
📩 Pesan dari 165107552252138@lid: "babaii sayangg"
Closing session: SessionEntry {
  _chains: {
    'BRME0ehf5PsnKeiZu3lHhmM8q9HmYkx6HH/TlrTqqxo2': { chainKey: [Object], chainType: 1, messageKeys: {} }
  },
  registrationId: 696180770,
  currentRatchet: {
    ephemeralKeyPair: {
      pubKey: <Buffer 05 13 04 d1 e8 5f e4 fb 27 29 e8 99 bb 79 47 86 63 3c ab d1 e6 62 4c 7a 1c 7f d3 96 b4 ea ab 1a 36>,
      privKey: <Buffer 38 42 06 12 a5 55 0a 72 97 1c 08 b5 ae 5c 8c e5 12 f2 b6 f6 64 42 34 a1 ea e2 7d d5 90 05 7e 57>
    },
    lastRemoteEphemeralKey: <Buffer 05 97 52 90 47 b7 16 a2 db 3c 51 74 ff 67 32 0f c8 0e 7d b9 3c 55 aa 97 d6 d9 6a 08 2e c6 de a3 06>,
    previousCounter: 0,
    rootKey: <Buffer 24 bb 5a b6 a3 d1 e4 8b 41 5c 47 01 40 1e f8 a2 c7 d2 67 cf 2b 9e 26 c0 1b 7b 38 43 6b 54 f1 f5>
  },
  indexInfo: {
    baseKey: <Buffer 05 f2 fd 3e 12 93 fb 2c ab 8b 0c 6c 07 f1 85 53 66 d9 43 82 75 0b eb 31 c3 c4 aa 83 dc ff 54 15 1f>,
    baseKeyType: 1,
    closed: -1,
    used: 1791123385499,
    created: 1791123385499,
    remoteIdentityKey: <Buffer 05 3a 55 84 47 39 c0 38 94 bb eb ee 22 28 90 6f 28 2d a4 1e 12 1e c5 b8 4f f7 4e 8b 1f 71 5c cd 27>
  },
  pendingPreKey: {
    signedKeyId: 4106625,
    baseKey: <Buffer 05 f2 fd 3e 12 93 fb 2c ab 8b 0c 6c 07 f1 85 53 66 d9 43 82 75 0b eb 31 c3 c4 aa 83 dc ff 54 15 1f>,
    preKeyId: 10009859
  }
}
Closing session: SessionEntry {
  _chains: {
    'BZFLBaA/LqTjToEPdOIgw7f+HVgbihMR3Mo/GJnkdVdF': { chainKey: [Object], chainType: 1, messageKeys: {} }
  },
  registrationId: 696180770,
  currentRatchet: {
    ephemeralKeyPair: {
      pubKey: <Buffer 05 91 4b 05 a0 3f 2e a4 e3 4e 81 0f 74 e2 20 c3 b7 fe 1d 58 1b 8a 13 11 dc ca 3f 18 99 e4 75 57 45>,
      privKey: <Buffer 68 19 54 29 62 f4 80 2f 21 ab fb 10 5c 3f f5 cd 02 8f 36 c7 5e 89 8c b3 94 42 7e aa 9b 14 df 73>
    },
    lastRemoteEphemeralKey: <Buffer 05 97 52 90 47 b7 16 a2 db 3c 51 74 ff 67 32 0f c8 0e 7d b9 3c 55 aa 97 d6 d9 6a 08 2e c6 de a3 06>,
    previousCounter: 0,
    rootKey: <Buffer ef cf c9 40 c8 6c a9 03 c9 7b b0 29 3b 6a 91 49 f2 06 eb b5 cc b6 2b 5b 62 5e e4 6b 29 9f ad 47>
  },
  indexInfo: {
    baseKey: <Buffer 05 65 0b 58 a8 7f 81 00 76 72 8b 38 8a 9c 25 ed f5 11 b8 cb 67 b4 bd 7a 15 3b 61 e5 8c 2e 86 ba 15>,
    baseKeyType: 1,
    closed: -1,
    used: 1791123396338,
    created: 1791123396338,
    remoteIdentityKey: <Buffer 05 3a 55 84 47 39 c0 38 94 bb eb ee 22 28 90 6f 28 2d a4 1e 12 1e c5 b8 4f f7 4e 8b 1f 71 5c cd 27>
  },
  pendingPreKey: {
    signedKeyId: 4106625,
    baseKey: <Buffer 05 65 0b 58 a8 7f 81 00 76 72 8b 38 8a 9c 25 ed f5 11 b8 cb 67 b4 bd 7a 15 3b 61 e5 8c 2e 86 ba 15>,
    preKeyId: 10009673
  }
}
Removing old closed session: SessionEntry {
  _chains: {
    'BZzFIIjpJr13oZ6+kpzvmRckqydr6ofrdep0OH4XTtpV': { chainKey: [Object], chainType: 2, messageKeys: {} },
    'BTQMnV/b639Y4mfwHvf/shhW+IZ3EfbrzCqrmIbrAhZz': { chainKey: [Object], chainType: 1, messageKeys: {} }
  },
  registrationId: 696180770,
  currentRatchet: {
    ephemeralKeyPair: {
      pubKey: <Buffer 05 34 0c 9d 5f db eb 7f 58 e2 67 f0 1e f7 ff b2 18 56 f8 86 77 11 f6 eb cc 2a ab 98 86 eb 02 16 73>,
      privKey: <Buffer e8 61 23 1a b7 95 7b 07 96 04 1e c7 eb 97 a4 e5 7e 58 53 78 e7 7b 58 22 92 90 54 9e c6 cc 61 74>
    },
    lastRemoteEphemeralKey: <Buffer 05 9c c5 20 88 e9 26 bd 77 a1 9e be 92 9c ef 99 17 24 ab 27 6b ea 87 eb 75 ea 74 38 7e 17 4e da 55>,
    previousCounter: -1,
    rootKey: <Buffer 76 92 cd 28 fe 89 a2 ee 89 4d 16 80 ec 1c 61 6e 52 d8 55 bd 9c a7 9a d8 67 9f d9 ee 0a 40 5e be>
  },
  indexInfo: {
    baseKey: <Buffer 05 96 f3 8d f9 5f 6d 15 ce 01 23 a3 0b e7 ca 9f 1c f0 56 c5 2b 04 25 e6 6e 23 e5 4d 7a b8 6f a3 2b>,
    baseKeyType: 1,
    closed: 1791122543060,
    used: 1791107365523,
    created: 1791107365523,
    remoteIdentityKey: <Buffer 05 3a 55 84 47 39 c0 38 94 bb eb ee 22 28 90 6f 28 2d a4 1e 12 1e c5 b8 4f f7 4e 8b 1f 71 5c cd 27>
  },
  pendingPreKey: {
    signedKeyId: 4106625,
    baseKey: <Buffer 05 96 f3 8d f9 5f 6d 15 ce 01 23 a3 0b e7 ca 9f 1c f0 56 c5 2b 04 25 e6 6e 23 e5 4d 7a b8 6f a3 2b>,
    preKeyId: 10009726
  }
}
Removing old closed session: SessionEntry {
  _chains: {
    'BZzFIIjpJr13oZ6+kpzvmRckqydr6ofrdep0OH4XTtpV': { chainKey: [Object], chainType: 2, messageKeys: {} },
    'BT6Ds8jngyAnlIn+pU/qT4W9iDvmT8/BjhICdeiBc/0q': { chainKey: [Object], chainType: 1, messageKeys: {} }
  },
  registrationId: 696180770,
  currentRatchet: {
    ephemeralKeyPair: {
      pubKey: <Buffer 05 3e 83 b3 c8 e7 83 20 27 94 89 fe a5 4f ea 4f 85 bd 88 3b e6 4f cf c1 8e 12 02 75 e8 81 73 fd 2a>,
      privKey: <Buffer 18 25 e9 8e 52 35 4d 0d 55 f8 14 ac c7 c1 55 28 2b aa 61 bb 38 a3 52 ef 39 51 f2 a7 a5 c5 6f 50>
    },
    lastRemoteEphemeralKey: <Buffer 05 9c c5 20 88 e9 26 bd 77 a1 9e be 92 9c ef 99 17 24 ab 27 6b ea 87 eb 75 ea 74 38 7e 17 4e da 55>,
    previousCounter: -1,
    rootKey: <Buffer f1 de 2d 22 2c 50 55 4b 08 61 df fc 43 9d 67 19 5e 41 bb ef 23 98 4a 60 3a 34 ad fb b0 1d d1 14>
  },
  indexInfo: {
    baseKey: <Buffer 05 39 81 0b a8 14 37 a0 78 28 85 0f 3c 90 32 8d 89 43 db 44 4a 19 30 5c 98 ea 9a 9f 5d d5 5c d0 17>,
    baseKeyType: 1,
    closed: 1791122547937,
    used: 1791122543038,
    created: 1791122543038,
    remoteIdentityKey: <Buffer 05 3a 55 84 47 39 c0 38 94 bb eb ee 22 28 90 6f 28 2d a4 1e 12 1e c5 b8 4f f7 4e 8b 1f 71 5c cd 27>
  },
  pendingPreKey: {
    signedKeyId: 4106625,
    baseKey: <Buffer 05 39 81 0b a8 14 37 a0 78 28 85 0f 3c 90 32 8d 89 43 db 44 4a 19 30 5c 98 ea 9a 9f 5d d5 5c d0 17>,
    preKeyId: 10009803
  }
}
Removing old closed session: SessionEntry {
  _chains: {
    'BZzFIIjpJr13oZ6+kpzvmRckqydr6ofrdep0OH4XTtpV': { chainKey: [Object], chainType: 2, messageKeys: [Object] },
    'BT4t1HexhI80hRyl6uOBOEpbdxhv9j/UtZqSAd/p5Tgr': { chainKey: [Object], chainType: 1, messageKeys: {} }
  },
  registrationId: 696180770,
  currentRatchet: {
    ephemeralKeyPair: {
      pubKey: <Buffer 05 3e 2d d4 77 b1 84 8f 34 85 1c a5 ea e3 81 38 4a 5b 77 18 6f f6 3f d4 b5 9a 92 01 df e9 e5 38 2b>,
      privKey: <Buffer c0 0e 57 45 4b 56 53 b7 1d e2 b6 04 14 16 55 94 75 67 f8 b2 8b 7e 56 18 45 f7 42 0c e3 c6 f3 78>
    },
    lastRemoteEphemeralKey: <Buffer 05 9c c5 20 88 e9 26 bd 77 a1 9e be 92 9c ef 99 17 24 ab 27 6b ea 87 eb 75 ea 74 38 7e 17 4e da 55>,
    previousCounter: -1,
    rootKey: <Buffer 3e 29 96 34 b9 49 d1 21 f3 cb 44 36 a7 14 34 9a 08 68 ed c9 35 3c 0a 83 20 ce bc 13 fa fd 7d 5d>
  },
  indexInfo: {
    baseKey: <Buffer 05 45 ca 14 98 96 4d a7 fa 0c 66 78 66 d2 15 3b 13 7d fc 29 57 0c f9 1d 86 dd 59 64 bc 5b 75 6c 55>,
    baseKeyType: 1,
    closed: 1791122553619,
    used: 1791122547875,
    created: 1791122547875,
    remoteIdentityKey: <Buffer 05 3a 55 84 47 39 c0 38 94 bb eb ee 22 28 90 6f 28 2d a4 1e 12 1e c5 b8 4f f7 4e 8b 1f 71 5c cd 27>
  },
  pendingPreKey: {
    signedKeyId: 4106625,
    baseKey: <Buffer 05 45 ca 14 98 96 4d a7 fa 0c 66 78 66 d2 15 3b 13 7d fc 29 57 0c f9 1d 86 dd 59 64 bc 5b 75 6c 55>,
    preKeyId: 10009635
  }
}
Removing old closed session: SessionEntry {
  _chains: {
    'BZzFIIjpJr13oZ6+kpzvmRckqydr6ofrdep0OH4XTtpV': { chainKey: [Object], chainType: 2, messageKeys: [Object] },
    'BcnbsP4NIr+UMuAck66usfmlFj8RCgQYCjZJTDV6UURH': { chainKey: [Object], chainType: 1, messageKeys: {} }
  },
  registrationId: 696180770,
  currentRatchet: {
    ephemeralKeyPair: {
      pubKey: <Buffer 05 c9 db b0 fe 0d 22 bf 94 32 e0 1c 93 ae ae b1 f9 a5 16 3f 11 0a 04 18 0a 36 49 4c 35 7a 51 44 47>,
      privKey: <Buffer 40 f2 60 5d 12 af a7 23 73 cd 9f 2c 5c 94 61 6d b1 70 80 e4 ba 06 48 36 0f 08 8c c2 58 ac c5 47>
    },
    lastRemoteEphemeralKey: <Buffer 05 9c c5 20 88 e9 26 bd 77 a1 9e be 92 9c ef 99 17 24 ab 27 6b ea 87 eb 75 ea 74 38 7e 17 4e da 55>,
    previousCounter: -1,
    rootKey: <Buffer cb aa f7 b1 87 e3 4c c7 91 0f 14 53 14 a4 58 e4 df 90 50 06 b5 37 db 5e 3e 8f 1a 07 b8 4d a6 23>
  },
  indexInfo: {
    baseKey: <Buffer 05 ca 36 18 31 9c 29 09 26 e3 e3 c8 13 10 fd c0 a2 e9 dd 62 a8 29 db fd 5b 7e 04 bd db d5 d4 9b 11>,
    baseKeyType: 1,
    closed: 1791122558674,
    used: 1791122553591,
    created: 1791122553591,
    remoteIdentityKey: <Buffer 05 3a 55 84 47 39 c0 38 94 bb eb ee 22 28 90 6f 28 2d a4 1e 12 1e c5 b8 4f f7 4e 8b 1f 71 5c cd 27>
  },
  pendingPreKey: {
    signedKeyId: 4106625,
    baseKey: <Buffer 05 ca 36 18 31 9c 29 09 26 e3 e3 c8 13 10 fd c0 a2 e9 dd 62 a8 29 db fd 5b 7e 04 bd db d5 d4 9b 11>,
    preKeyId: 10009730
  }
}
Removing old closed session: SessionEntry {
  _chains: {
    'BZzFIIjpJr13oZ6+kpzvmRckqydr6ofrdep0OH4XTtpV': { chainKey: [Object], chainType: 2, messageKeys: [Object] },
    'BSTundnP1xgofH/HB9fxcg3D0CVSwY2GmaXSDBiDf0Yh': { chainKey: [Object], chainType: 1, messageKeys: {} }
  },
  registrationId: 696180770,
  currentRatchet: {
    ephemeralKeyPair: {
      pubKey: <Buffer 05 24 ee 9d d9 cf d7 18 28 7c 7f c7 07 d7 f1 72 0d c3 d0 25 52 c1 8d 86 99 a5 d2 0c 18 83 7f 46 21>,
      privKey: <Buffer 30 59 81 e4 ad c6 13 fa de 1d ad be c4 04 f6 38 96 34 f8 ae 8a 28 49 f3 34 f5 e4 61 07 50 60 60>
    },
    lastRemoteEphemeralKey: <Buffer 05 9c c5 20 88 e9 26 bd 77 a1 9e be 92 9c ef 99 17 24 ab 27 6b ea 87 eb 75 ea 74 38 7e 17 4e da 55>,
    previousCounter: -1,
    rootKey: <Buffer 98 9d 28 bb 9e ef 89 dc 8d 01 9c fc 8e b2 b5 35 fa 8a 94 1e 5d 1b 15 a9 1f 88 04 d1 4a ee 77 f3>
  },
  indexInfo: {
    baseKey: <Buffer 05 56 d7 15 70 ae 3e de b8 6f b0 d3 f8 54 99 fc 5e f9 89 27 0e d1 bf a4 b7 c7 13 b8 df 28 ac 7f 55>,
    baseKeyType: 1,
    closed: 1791122564274,
    used: 1791122558659,
    created: 1791122558659,
    remoteIdentityKey: <Buffer 05 3a 55 84 47 39 c0 38 94 bb eb ee 22 28 90 6f 28 2d a4 1e 12 1e c5 b8 4f f7 4e 8b 1f 71 5c cd 27>
  },
  pendingPreKey: {
    signedKeyId: 4106625,
    baseKey: <Buffer 05 56 d7 15 70 ae 3e de b8 6f b0 d3 f8 54 99 fc 5e f9 89 27 0e d1 bf a4 b7 c7 13 b8 df 28 ac 7f 55>,
    preKeyId: 10009551
  }
}
Removing old closed session: SessionEntry {
  _chains: {
    'BZzFIIjpJr13oZ6+kpzvmRckqydr6ofrdep0OH4XTtpV': { chainKey: [Object], chainType: 2, messageKeys: [Object] },
    'BUVmfam1zS/SHm94Gl2GdeQw/XAw9c96sB3IY1CWpqx0': { chainKey: [Object], chainType: 1, messageKeys: {} }
  },
  registrationId: 696180770,
  currentRatchet: {
    ephemeralKeyPair: {
      pubKey: <Buffer 05 45 66 7d a9 b5 cd 2f d2 1e 6f 78 1a 5d 86 75 e4 30 fd 70 30 f5 cf 7a b0 1d c8 63 50 96 a6 ac 74>,
      privKey: <Buffer b0 e8 80 c1 fc b5 29 53 e4 3d 88 9d 98 9e f3 9c 85 a9 94 c1 66 72 8c ab a3 e9 31 e1 42 5a 3b 5c>
    },
    lastRemoteEphemeralKey: <Buffer 05 9c c5 20 88 e9 26 bd 77 a1 9e be 92 9c ef 99 17 24 ab 27 6b ea 87 eb 75 ea 74 38 7e 17 4e da 55>,
    previousCounter: -1,
    rootKey: <Buffer 57 81 9f 85 b5 13 32 76 6f ff c2 c8 7d 25 3b 53 28 29 ac 37 db eb 98 6f 21 d8 e4 87 dd ce e1 25>
  },
  indexInfo: {
    baseKey: <Buffer 05 f9 34 3d cb 19 68 12 f1 a5 d6 1b 85 01 9e 4b ce 94 b3 3a 0f 7d e4 42 5e 8e 70 ce e5 4d 0a f4 25>,
    baseKeyType: 1,
    closed: 1791122569311,
    used: 1791122564259,
    created: 1791122564259,
    remoteIdentityKey: <Buffer 05 3a 55 84 47 39 c0 38 94 bb eb ee 22 28 90 6f 28 2d a4 1e 12 1e c5 b8 4f f7 4e 8b 1f 71 5c cd 27>
  },
  pendingPreKey: {
    signedKeyId: 4106625,
    baseKey: <Buffer 05 f9 34 3d cb 19 68 12 f1 a5 d6 1b 85 01 9e 4b ce 94 b3 3a 0f 7d e4 42 5e 8e 70 ce e5 4d 0a f4 25>,
    preKeyId: 10009814
  }
}
⚠️ Koneksi terputus. Menghubungkan kembali...

✅ BOT KENSHO MART BERHASIL TERHUBUNG SEPENUHNYA!

Closing session: SessionEntry {
  _chains: {
    'Bf7lkIQwxxtpRI50xU8DBBN4FvREWYb+BpbRZcc61kRO': { chainKey: [Object], chainType: 2, messageKeys: {} },
    'BWLwUPy1EledXNVyuzG0kvjyV/IhXclOC5lRkhKnRVV4': { chainKey: [Object], chainType: 1, messageKeys: {} }
  },
  registrationId: 696180770,
  currentRatchet: {
    ephemeralKeyPair: {
      pubKey: <Buffer 05 62 f0 50 fc b5 12 57 9d 5c d5 72 bb 31 b4 92 f8 f2 57 f2 21 5d c9 4e 0b 99 51 92 12 a7 45 55 78>,
      privKey: <Buffer b8 38 05 01 d5 d3 e7 82 92 d7 82 3c ea 21 09 09 92 2a bf a1 f0 57 53 67 fc 0a b1 88 48 40 6e 50>
    },
    lastRemoteEphemeralKey: <Buffer 05 fe e5 90 84 30 c7 1b 69 44 8e 74 c5 4f 03 04 13 78 16 f4 44 59 86 fe 06 96 d1 65 c7 3a d6 44 4e>,
    previousCounter: 0,
    rootKey: <Buffer 0f b5 6a 2a a2 11 7c 28 c8 21 c0 6d 9b c7 a1 b2 84 ff 97 23 d3 a6 5a 0b 82 98 de 0e 76 b0 45 8a>
  },
  indexInfo: {
    baseKey: <Buffer 05 10 f3 27 73 08 72 36 9d 68 43 31 ff f1 cb 01 50 83 ef 9a b9 7e 11 b7 f9 5b 45 98 60 b9 64 79 40>,
    baseKeyType: 2,
    closed: -1,
    used: 1791123397062,
    created: 1791123397062,
    remoteIdentityKey: <Buffer 05 3a 55 84 47 39 c0 38 94 bb eb ee 22 28 90 6f 28 2d a4 1e 12 1e c5 b8 4f f7 4e 8b 1f 71 5c cd 27>
  }
}
Closing session: SessionEntry {
  _chains: {
    'BSZY6nVrJpwk+up3OM6wCwCndrV7vtItTvUrXCb1tSYT': { chainKey: [Object], chainType: 1, messageKeys: {} }
  },
  registrationId: 696180770,
  currentRatchet: {
    ephemeralKeyPair: {
      pubKey: <Buffer 05 26 58 ea 75 6b 26 9c 24 fa ea 77 38 ce b0 0b 00 a7 76 b5 7b be d2 2d 4e f5 2b 5c 26 f5 b5 26 13>,
      privKey: <Buffer a8 7c be 13 4d 02 22 d6 80 7f f7 46 6e 45 70 16 d0 46 ba 56 92 29 a5 ba 21 98 66 2b ca 21 33 61>
    },
    lastRemoteEphemeralKey: <Buffer 05 97 52 90 47 b7 16 a2 db 3c 51 74 ff 67 32 0f c8 0e 7d b9 3c 55 aa 97 d6 d9 6a 08 2e c6 de a3 06>,
    previousCounter: 0,
    rootKey: <Buffer 1c a2 e8 a5 28 46 9b 62 58 c7 4b a5 bc 35 9d fe c3 9a 72 a8 95 c3 33 06 a7 6b 41 dd b3 84 27 c2>
  },
  indexInfo: {
    baseKey: <Buffer 05 42 ca bc fc 12 bc 36 88 84 51 3d 6c 53 98 38 fa 05 bd d8 6c 7c 11 a0 26 96 b7 2f ad 8e 6a fc 0c>,
    baseKeyType: 1,
    closed: -1,
    used: 1791123424378,
    created: 1791123424378,
    remoteIdentityKey: <Buffer 05 3a 55 84 47 39 c0 38 94 bb eb ee 22 28 90 6f 28 2d a4 1e 12 1e c5 b8 4f f7 4e 8b 1f 71 5c cd 27>
  },
  pendingPreKey: {
    signedKeyId: 4106625,
    baseKey: <Buffer 05 42 ca bc fc 12 bc 36 88 84 51 3d 6c 53 98 38 fa 05 bd d8 6c 7c 11 a0 26 96 b7 2f ad 8e 6a fc 0c>,
    preKeyId: 10009772
  }
}
Closing session: SessionEntry {
  _chains: {
    'BYASsD0dVytTNN9Ba8Gh42V8+/wfTTaO8+kWCZB4r9A8': { chainKey: [Object], chainType: 1, messageKeys: {} }
  },
  registrationId: 696180770,
  currentRatchet: {
    ephemeralKeyPair: {
      pubKey: <Buffer 05 80 12 b0 3d 1d 57 2b 53 34 df 41 6b c1 a1 e3 65 7c fb fc 1f 4d 36 8e f3 e9 16 09 90 78 af d0 3c>,
      privKey: <Buffer f0 dd aa d5 6c 44 5f ba b6 77 71 ee a1 b9 e9 44 a4 24 f8 5c cc 39 52 49 36 fa 7e a8 06 b4 dd 49>
    },
    lastRemoteEphemeralKey: <Buffer 05 97 52 90 47 b7 16 a2 db 3c 51 74 ff 67 32 0f c8 0e 7d b9 3c 55 aa 97 d6 d9 6a 08 2e c6 de a3 06>,
    previousCounter: 0,
    rootKey: <Buffer 4a bb 09 4b 83 91 7b 56 fb d0 bc 82 2a 20 09 df 9a b9 7f e1 bc 9d 52 d4 f4 0d 3f 17 57 d1 b8 3a>
  },
  indexInfo: {
    baseKey: <Buffer 05 62 a2 2e 9f 82 69 0c 3f 70 99 31 86 9c 1b 79 50 35 eb f1 f4 b5 27 9c fb bf cf 17 03 a4 c4 ab 53>,
    baseKeyType: 1,
    closed: -1,
    used: 1791123429719,
    created: 1791123429719,
    remoteIdentityKey: <Buffer 05 3a 55 84 47 39 c0 38 94 bb eb ee 22 28 90 6f 28 2d a4 1e 12 1e c5 b8 4f f7 4e 8b 1f 71 5c cd 27>
  },
  pendingPreKey: {
    signedKeyId: 4106625,
    baseKey: <Buffer 05 62 a2 2e 9f 82 69 0c 3f 70 99 31 86 9c 1b 79 50 35 eb f1 f4 b5 27 9c fb bf cf 17 03 a4 c4 ab 53>,
    preKeyId: 10009590
  }
}
Removing old closed session: SessionEntry {
  _chains: {
    'BZzFIIjpJr13oZ6+kpzvmRckqydr6ofrdep0OH4XTtpV': { chainKey: [Object], chainType: 2, messageKeys: [Object] },
    BYJdf7S5q5OvVxz8u5cha7L3GwdWCgZb7CkhUgq9PUNi: { chainKey: [Object], chainType: 1, messageKeys: {} }
  },
  registrationId: 696180770,
  currentRatchet: {
    ephemeralKeyPair: {
      pubKey: <Buffer 05 82 5d 7f b4 b9 ab 93 af 57 1c fc bb 97 21 6b b2 f7 1b 07 56 0a 06 5b ec 29 21 52 0a bd 3d 43 62>,
      privKey: <Buffer 38 ca e9 2c 66 8f bf 20 75 a5 61 01 f9 95 1a e1 7c d9 5e 25 36 32 86 87 6a f9 d8 98 0b ca d6 40>
    },
    lastRemoteEphemeralKey: <Buffer 05 9c c5 20 88 e9 26 bd 77 a1 9e be 92 9c ef 99 17 24 ab 27 6b ea 87 eb 75 ea 74 38 7e 17 4e da 55>,
    previousCounter: -1,
    rootKey: <Buffer 36 96 9d 48 b6 b8 00 1c 5a 7f bc bc ec 64 a1 3a e8 2f 18 84 77 b2 63 11 c0 6a 88 74 bb 26 2b 30>
  },
  indexInfo: {
    baseKey: <Buffer 05 c5 ae af e1 42 2d 74 25 49 ba e5 de 88 79 24 ed 5b fd 8e 0f 7c 77 8a ba fe 5b 95 f3 7f ac 92 7d>,
    baseKeyType: 1,
    closed: 1791122574533,
    used: 1791122569289,
    created: 1791122569289,
    remoteIdentityKey: <Buffer 05 3a 55 84 47 39 c0 38 94 bb eb ee 22 28 90 6f 28 2d a4 1e 12 1e c5 b8 4f f7 4e 8b 1f 71 5c cd 27>
  },
  pendingPreKey: {
    signedKeyId: 4106625,
    baseKey: <Buffer 05 c5 ae af e1 42 2d 74 25 49 ba e5 de 88 79 24 ed 5b fd 8e 0f 7c 77 8a ba fe 5b 95 f3 7f ac 92 7d>,
    preKeyId: 10009708
  }
}
Removing old closed session: SessionEntry {
  _chains: {
    'BZzFIIjpJr13oZ6+kpzvmRckqydr6ofrdep0OH4XTtpV': { chainKey: [Object], chainType: 2, messageKeys: [Object] },
    BeVUscuHtmZrOWVwcsTMinbglNRUtymDCxMesqyr2f5b: { chainKey: [Object], chainType: 1, messageKeys: {} }
  },
  registrationId: 696180770,
  currentRatchet: {
    ephemeralKeyPair: {
      pubKey: <Buffer 05 e5 54 b1 cb 87 b6 66 6b 39 65 70 72 c4 cc 8a 76 e0 94 d4 54 b7 29 83 0b 13 1e b2 ac ab d9 fe 5b>,
      privKey: <Buffer 38 21 db 19 85 f0 70 e9 18 20 77 38 0c e2 26 b1 6a a2 65 30 f5 5e d5 b6 b9 e5 62 aa 7d 80 f3 41>
    },
    lastRemoteEphemeralKey: <Buffer 05 9c c5 20 88 e9 26 bd 77 a1 9e be 92 9c ef 99 17 24 ab 27 6b ea 87 eb 75 ea 74 38 7e 17 4e da 55>,
    previousCounter: -1,
    rootKey: <Buffer d8 e0 90 73 44 1e fd 8d 45 34 c8 74 f9 a4 9a 4c 18 8e 50 f3 ba 0c c4 d5 99 a2 b9 a6 2e 31 fa b1>
  },
  indexInfo: {
    baseKey: <Buffer 05 d0 76 f9 89 b2 01 6e 26 3e 8f 5e 5e 8c 34 1a 8b 97 b0 11 b1 0f 75 1c 17 cc 61 dd ca 98 31 6a 53>,
    baseKeyType: 1,
    closed: 1791122580003,
    used: 1791122574509,
    created: 1791122574509,
    remoteIdentityKey: <Buffer 05 3a 55 84 47 39 c0 38 94 bb eb ee 22 28 90 6f 28 2d a4 1e 12 1e c5 b8 4f f7 4e 8b 1f 71 5c cd 27>
  },
  pendingPreKey: {
    signedKeyId: 4106625,
    baseKey: <Buffer 05 d0 76 f9 89 b2 01 6e 26 3e 8f 5e 5e 8c 34 1a 8b 97 b0 11 b1 0f 75 1c 17 cc 61 dd ca 98 31 6a 53>,
    preKeyId: 10009862
  }
}
Removing old closed session: SessionEntry {
  _chains: {
    'BZzFIIjpJr13oZ6+kpzvmRckqydr6ofrdep0OH4XTtpV': { chainKey: [Object], chainType: 2, messageKeys: [Object] },
    Ba6m1ANmsLDMsDaZ9SaWmeLngLdwyPfP9E9FH38PZ3hF: { chainKey: [Object], chainType: 1, messageKeys: {} }
  },
  registrationId: 696180770,
  currentRatchet: {
    ephemeralKeyPair: {
      pubKey: <Buffer 05 ae a6 d4 03 66 b0 b0 cc b0 36 99 f5 26 96 99 e2 e7 80 b7 70 c8 f7 cf f4 4f 45 1f 7f 0f 67 78 45>,
      privKey: <Buffer 38 33 63 a2 dc e9 52 e4 e7 3b f6 d5 34 09 03 e1 8d bc af 6c d3 ef 25 b4 09 36 16 0c a6 2e 5b 6f>
    },
    lastRemoteEphemeralKey: <Buffer 05 9c c5 20 88 e9 26 bd 77 a1 9e be 92 9c ef 99 17 24 ab 27 6b ea 87 eb 75 ea 74 38 7e 17 4e da 55>,
    previousCounter: -1,
    rootKey: <Buffer df d2 7b b8 4c 3e 3b ab ef ac 18 ad 85 be 86 e7 8d 18 01 c1 f5 ff e5 88 49 28 78 c3 50 39 6c 8e>
  },
  indexInfo: {
    baseKey: <Buffer 05 76 c0 1b d0 08 1c bd d4 2f fa dc 9c 73 76 8d eb 60 56 87 7d 42 5a 70 cc 22 28 23 e0 48 7e 89 0c>,
    baseKeyType: 1,
    closed: 1791122585205,
    used: 1791122579989,
    created: 1791122579989,
    remoteIdentityKey: <Buffer 05 3a 55 84 47 39 c0 38 94 bb eb ee 22 28 90 6f 28 2d a4 1e 12 1e c5 b8 4f f7 4e 8b 1f 71 5c cd 27>
  },
  pendingPreKey: {
    signedKeyId: 4106625,
    baseKey: <Buffer 05 76 c0 1b d0 08 1c bd d4 2f fa dc 9c 73 76 8d eb 60 56 87 7d 42 5a 70 cc 22 28 23 e0 48 7e 89 0c>,
    preKeyId: 10009623
  }
}
Closing session: SessionEntry {
  _chains: {
    'BaZUBwK8R8zGlVmXfFvkcRE5rSsWEb96KdnxZaPTC1w/': { chainKey: [Object], chainType: 1, messageKeys: {} }
  },
  registrationId: 696180770,
  currentRatchet: {
    ephemeralKeyPair: {
      pubKey: <Buffer 05 a6 54 07 02 bc 47 cc c6 95 59 97 7c 5b e4 71 11 39 ad 2b 16 11 bf 7a 29 d9 f1 65 a3 d3 0b 5c 3f>,
      privKey: <Buffer f8 5c 20 76 22 83 06 ff 64 79 01 b6 62 d7 61 bf 2c d9 79 d9 05 e4 fe 16 98 2d 75 ca fe 33 f0 7f>
    },
    lastRemoteEphemeralKey: <Buffer 05 97 52 90 47 b7 16 a2 db 3c 51 74 ff 67 32 0f c8 0e 7d b9 3c 55 aa 97 d6 d9 6a 08 2e c6 de a3 06>,
    previousCounter: 0,
    rootKey: <Buffer 34 81 33 fa fa 88 8c d5 81 37 35 d0 28 7f 7e 9a b3 5b 2c 09 ec 4b 86 c2 b5 23 49 c7 ef 7b 89 24>
  },
  indexInfo: {
    baseKey: <Buffer 05 de 10 aa 38 dd 2f 18 ee b6 e5 37 76 da 3f 47 92 77 0c 02 05 01 22 1a 69 ff 93 98 7a 5a 0a 2d 02>,
    baseKeyType: 1,
    closed: -1,
    used: 1791123434924,
    created: 1791123434924,
    remoteIdentityKey: <Buffer 05 3a 55 84 47 39 c0 38 94 bb eb ee 22 28 90 6f 28 2d a4 1e 12 1e c5 b8 4f f7 4e 8b 1f 71 5c cd 27>
  },
  pendingPreKey: {
    signedKeyId: 4106625,
    baseKey: <Buffer 05 de 10 aa 38 dd 2f 18 ee b6 e5 37 76 da 3f 47 92 77 0c 02 05 01 22 1a 69 ff 93 98 7a 5a 0a 2d 02>,
    preKeyId: 10009617
  }
}
Closing session: SessionEntry {
  _chains: {
    'BXwktYAd0dBiEycoh2f315Tdx1jEoBnFN0+5+Edy+HML': { chainKey: [Object], chainType: 1, messageKeys: {} }
  },
  registrationId: 696180770,
  currentRatchet: {
    ephemeralKeyPair: {
      pubKey: <Buffer 05 7c 24 b5 80 1d d1 d0 62 13 27 28 87 67 f7 d7 94 dd c7 58 c4 a0 19 c5 37 4f b9 f8 47 72 f8 73 0b>,
      privKey: <Buffer 50 0d 34 ad 6d 69 d9 e9 86 e1 ff 50 0b e9 72 15 e8 aa b1 33 e5 29 6a 01 ee 12 22 ca 11 f5 5d 65>
    },
    lastRemoteEphemeralKey: <Buffer 05 97 52 90 47 b7 16 a2 db 3c 51 74 ff 67 32 0f c8 0e 7d b9 3c 55 aa 97 d6 d9 6a 08 2e c6 de a3 06>,
    previousCounter: 0,
    rootKey: <Buffer a0 bc ef 5a 1a 0c cf e1 3b af 4c 6c bf ce af a7 c0 71 ab 6d 13 aa 12 8d e6 d9 a5 1c 08 24 99 ea>
  },
  indexInfo: {
    baseKey: <Buffer 05 6d 41 95 52 24 39 bb 8a fc 83 37 a3 66 0b 9c 99 28 22 b8 53 96 6f 4e c1 b6 8e 75 35 98 7d 01 27>,
    baseKeyType: 1,
    closed: -1,
    used: 1791123440309,
    created: 1791123440309,
    remoteIdentityKey: <Buffer 05 3a 55 84 47 39 c0 38 94 bb eb ee 22 28 90 6f 28 2d a4 1e 12 1e c5 b8 4f f7 4e 8b 1f 71 5c cd 27>
  },
  pendingPreKey: {
    signedKeyId: 4106625,
    baseKey: <Buffer 05 6d 41 95 52 24 39 bb 8a fc 83 37 a3 66 0b 9c 99 28 22 b8 53 96 6f 4e c1 b6 8e 75 35 98 7d 01 27>,
    preKeyId: 10009529
  }
}
Removing old closed session: SessionEntry {
  _chains: {
    'BZzFIIjpJr13oZ6+kpzvmRckqydr6ofrdep0OH4XTtpV': { chainKey: [Object], chainType: 2, messageKeys: [Object] },
    BbLgQVSUkLTvXIinZvhXrYCaQos8wjnQiwQQU91ucFVt: { chainKey: [Object], chainType: 1, messageKeys: {} }
  },
  registrationId: 696180770,
  currentRatchet: {
    ephemeralKeyPair: {
      pubKey: <Buffer 05 b2 e0 41 54 94 90 b4 ef 5c 88 a7 66 f8 57 ad 80 9a 42 8b 3c c2 39 d0 8b 04 10 53 dd 6e 70 55 6d>,
      privKey: <Buffer 70 04 14 30 4a 44 bc ae 7e 70 00 49 55 30 08 42 bf dd e5 e5 36 31 73 47 2e df eb f0 20 9e 12 5e>
    },
    lastRemoteEphemeralKey: <Buffer 05 9c c5 20 88 e9 26 bd 77 a1 9e be 92 9c ef 99 17 24 ab 27 6b ea 87 eb 75 ea 74 38 7e 17 4e da 55>,
    previousCounter: -1,
    rootKey: <Buffer 8c 08 e1 73 64 ac 70 95 8f d9 49 eb aa 90 d4 6d fa 5e cf 2b ed 97 d4 61 72 cb d9 81 81 65 7c e9>
  },
  indexInfo: {
    baseKey: <Buffer 05 df 9f 99 8c 7d 4d f4 91 a5 48 cb 17 3b aa 34 f5 c3 6d de bc ca 76 7b d3 47 43 3b d9 8d b9 0d 1e>,
    baseKeyType: 1,
    closed: 1791122590460,
    used: 1791122585178,
    created: 1791122585178,
    remoteIdentityKey: <Buffer 05 3a 55 84 47 39 c0 38 94 bb eb ee 22 28 90 6f 28 2d a4 1e 12 1e c5 b8 4f f7 4e 8b 1f 71 5c cd 27>
  },
  pendingPreKey: {
    signedKeyId: 4106625,
    baseKey: <Buffer 05 df 9f 99 8c 7d 4d f4 91 a5 48 cb 17 3b aa 34 f5 c3 6d de bc ca 76 7b d3 47 43 3b d9 8d b9 0d 1e>,
    preKeyId: 10009823
  }
}
Removing old closed session: SessionEntry {
  _chains: {
    'BZzFIIjpJr13oZ6+kpzvmRckqydr6ofrdep0OH4XTtpV': { chainKey: [Object], chainType: 2, messageKeys: [Object] },
    'BVGhPHnsyE8l8kSfSW7L5Pkqg3fnkaqj1nq0oBtA/yVi': { chainKey: [Object], chainType: 1, messageKeys: {} }
  },
  registrationId: 696180770,
  currentRatchet: {
    ephemeralKeyPair: {
      pubKey: <Buffer 05 51 a1 3c 79 ec c8 4f 25 f2 44 9f 49 6e cb e4 f9 2a 83 77 e7 91 aa a3 d6 7a b4 a0 1b 40 ff 25 62>,
      privKey: <Buffer 88 d0 40 8a 46 59 14 2b 11 dc 3e 97 cc c1 1a 02 b6 f8 6a 5d de d2 93 25 f3 ac c0 8a cf b9 f7 6d>
    },
    lastRemoteEphemeralKey: <Buffer 05 9c c5 20 88 e9 26 bd 77 a1 9e be 92 9c ef 99 17 24 ab 27 6b ea 87 eb 75 ea 74 38 7e 17 4e da 55>,
    previousCounter: -1,
    rootKey: <Buffer 21 79 c6 e9 ed 4e 48 db a7 77 d0 83 4d 2d 38 4e cc 87 2e 8a cb ba 30 4c 24 84 7f 5e 77 17 21 95>
  },
  indexInfo: {
    baseKey: <Buffer 05 52 fc 45 96 1d 70 70 91 66 26 8e c3 89 00 0b 86 9b 2e 6d ac d1 57 30 0e ed f0 5a 50 ca 82 f4 04>,
    baseKeyType: 1,
    closed: 1791122595716,
    used: 1791122590437,
    created: 1791122590437,
    remoteIdentityKey: <Buffer 05 3a 55 84 47 39 c0 38 94 bb eb ee 22 28 90 6f 28 2d a4 1e 12 1e c5 b8 4f f7 4e 8b 1f 71 5c cd 27>
  },
  pendingPreKey: {
    signedKeyId: 4106625,
    baseKey: <Buffer 05 52 fc 45 96 1d 70 70 91 66 26 8e c3 89 00 0b 86 9b 2e 6d ac d1 57 30 0e ed f0 5a 50 ca 82 f4 04>,
    preKeyId: 10009806
  }
}
Closing session: SessionEntry {
  _chains: {
    BRO5d4l5IzdMln1XdOke4xjA81XportS58vVa8wyFfNm: { chainKey: [Object], chainType: 1, messageKeys: {} }
  },
  registrationId: 696180770,
  currentRatchet: {
    ephemeralKeyPair: {
      pubKey: <Buffer 05 13 b9 77 89 79 23 37 4c 96 7d 57 74 e9 1e e3 18 c0 f3 55 e9 a2 bb 52 e7 cb d5 6b cc 32 15 f3 66>,
      privKey: <Buffer 58 a8 82 26 d3 31 9f 19 68 e9 dc 3f af bc 2a f8 ca 80 63 53 69 f6 b2 8c 03 39 ba b5 8a 89 81 57>
    },
    lastRemoteEphemeralKey: <Buffer 05 97 52 90 47 b7 16 a2 db 3c 51 74 ff 67 32 0f c8 0e 7d b9 3c 55 aa 97 d6 d9 6a 08 2e c6 de a3 06>,
    previousCounter: 0,
    rootKey: <Buffer e5 9b af 55 04 fd ee 74 99 d6 05 5a 6b e9 17 f8 0e a3 d2 9a f3 f6 a4 b9 2e ef 70 32 ab f4 da ed>
  },
  indexInfo: {
    baseKey: <Buffer 05 f9 f9 3b 06 00 63 00 3e 9f 62 33 c7 67 50 47 1e 7c 12 e1 ea db d4 0d 77 e4 b6 71 1e e8 04 17 73>,
    baseKeyType: 1,
    closed: -1,
    used: 1791123445561,
    created: 1791123445561,
    remoteIdentityKey: <Buffer 05 3a 55 84 47 39 c0 38 94 bb eb ee 22 28 90 6f 28 2d a4 1e 12 1e c5 b8 4f f7 4e 8b 1f 71 5c cd 27>
  },
  pendingPreKey: {
    signedKeyId: 4106625,
    baseKey: <Buffer 05 f9 f9 3b 06 00 63 00 3e 9f 62 33 c7 67 50 47 1e 7c 12 e1 ea db d4 0d 77 e4 b6 71 1e e8 04 17 73>,
    preKeyId: 10009736
  }
}
Removing old closed session: SessionEntry {
  _chains: {
    'BZzFIIjpJr13oZ6+kpzvmRckqydr6ofrdep0OH4XTtpV': { chainKey: [Object], chainType: 2, messageKeys: [Object] },
    'BXHSKflbXTojWdrM+doX930nEYAuyi3bzga0k4Io1yYP': { chainKey: [Object], chainType: 1, messageKeys: {} }
  },
  registrationId: 696180770,
  currentRatchet: {
    ephemeralKeyPair: {
      pubKey: <Buffer 05 71 d2 29 f9 5b 5d 3a 23 59 da cc f9 da 17 f7 7d 27 11 80 2e ca 2d db ce 06 b4 93 82 28 d7 26 0f>,
      privKey: <Buffer e8 2b 6a f3 0c 50 4f 5c 7e d9 44 5e bd d0 8e 26 c7 b9 de 16 ae 7a e4 1c 97 9a f4 b7 24 67 34 44>
    },
    lastRemoteEphemeralKey: <Buffer 05 9c c5 20 88 e9 26 bd 77 a1 9e be 92 9c ef 99 17 24 ab 27 6b ea 87 eb 75 ea 74 38 7e 17 4e da 55>,
    previousCounter: -1,
    rootKey: <Buffer ea 1c 35 de 0f 85 88 a0 b0 ec 56 73 7c 55 0b 6f f7 6a ae 96 66 58 7a f6 7b 8c 75 d1 e9 ce 62 f9>
  },
  indexInfo: {
    baseKey: <Buffer 05 89 8b d5 e5 8e 91 c8 48 0a 25 47 2c 07 53 47 2b ce be 03 1d c0 31 eb 65 ca c1 b1 7a fa 68 cf 12>,
    baseKeyType: 1,
    closed: 1791122601104,
    used: 1791122595690,
    created: 1791122595690,
    remoteIdentityKey: <Buffer 05 3a 55 84 47 39 c0 38 94 bb eb ee 22 28 90 6f 28 2d a4 1e 12 1e c5 b8 4f f7 4e 8b 1f 71 5c cd 27>
  },
  pendingPreKey: {
    signedKeyId: 4106625,
    baseKey: <Buffer 05 89 8b d5 e5 8e 91 c8 48 0a 25 47 2c 07 53 47 2b ce be 03 1d c0 31 eb 65 ca c1 b1 7a fa 68 cf 12>,
    preKeyId: 10009643
  }
}
Closing session: SessionEntry {
  _chains: {
    BZ8lA0n2OmGd4M3zxUVyqumx3MBH6Scce1PbIl3T1kkn: { chainKey: [Object], chainType: 1, messageKeys: {} }
  },
  registrationId: 696180770,
  currentRatchet: {
    ephemeralKeyPair: {
      pubKey: <Buffer 05 9f 25 03 49 f6 3a 61 9d e0 cd f3 c5 45 72 aa e9 b1 dc c0 47 e9 27 1c 7b 53 db 22 5d d3 d6 49 27>,
      privKey: <Buffer a0 00 e5 f3 6e ed a2 00 a6 d6 69 52 5d 0b d0 94 b7 27 2b d9 7d c4 44 ec 4c f8 5a f6 fb 49 43 70>
    },
    lastRemoteEphemeralKey: <Buffer 05 97 52 90 47 b7 16 a2 db 3c 51 74 ff 67 32 0f c8 0e 7d b9 3c 55 aa 97 d6 d9 6a 08 2e c6 de a3 06>,
    previousCounter: 0,
    rootKey: <Buffer 36 9e 22 f2 5e 60 ab e7 d0 76 d4 76 f1 f8 44 f0 b8 95 12 cc d3 fa 6a d0 3d 36 65 13 bd 40 98 e7>
  },
  indexInfo: {
    baseKey: <Buffer 05 0b 28 4d 49 b0 77 0d ee c8 ce 9a f6 44 4b a2 01 db 6c db 63 ad 61 2e 4a bc c8 6e a8 35 f1 b4 5a>,
    baseKeyType: 1,
    closed: -1,
    used: 1791123450968,
    created: 1791123450968,
    remoteIdentityKey: <Buffer 05 3a 55 84 47 39 c0 38 94 bb eb ee 22 28 90 6f 28 2d a4 1e 12 1e c5 b8 4f f7 4e 8b 1f 71 5c cd 27>
  },
  pendingPreKey: {
    signedKeyId: 4106625,
    baseKey: <Buffer 05 0b 28 4d 49 b0 77 0d ee c8 ce 9a f6 44 4b a2 01 db 6c db 63 ad 61 2e 4a bc c8 6e a8 35 f1 b4 5a>,
    preKeyId: 10009656
  }
}
Removing old closed session: SessionEntry {
  _chains: {
    'BZzFIIjpJr13oZ6+kpzvmRckqydr6ofrdep0OH4XTtpV': { chainKey: [Object], chainType: 2, messageKeys: [Object] },
    'BVSWkMxqeeaFJ/ctcqigKV5ZhA5JrRL0Pbv8tZ+iArZq': { chainKey: [Object], chainType: 1, messageKeys: {} }
  },
  registrationId: 696180770,
  currentRatchet: {
    ephemeralKeyPair: {
      pubKey: <Buffer 05 54 96 90 cc 6a 79 e6 85 27 f7 2d 72 a8 a0 29 5e 59 84 0e 49 ad 12 f4 3d bb fc b5 9f a2 02 b6 6a>,
      privKey: <Buffer e0 21 a3 63 dc 76 92 2a 3c 1c 99 23 a1 f7 99 cf a0 98 bc e8 71 1e 6e 91 a6 42 b2 d5 44 b6 05 46>
    },
    lastRemoteEphemeralKey: <Buffer 05 9c c5 20 88 e9 26 bd 77 a1 9e be 92 9c ef 99 17 24 ab 27 6b ea 87 eb 75 ea 74 38 7e 17 4e da 55>,
    previousCounter: -1,
    rootKey: <Buffer 08 f8 a1 1e d7 30 8b a7 dc c9 ce 09 3c 90 e9 d3 6d 9f 36 48 4f 13 60 96 a6 52 54 b9 f5 ae 8c a8>
  },
  indexInfo: {
    baseKey: <Buffer 05 3d 79 81 af bb 38 4a 48 68 e2 d8 11 25 8b e0 7a 0e 89 0c 24 16 90 63 04 cd 8d b3 aa 64 79 af 27>,
    baseKeyType: 1,
    closed: 1791122606220,
    used: 1791122601023,
    created: 1791122601023,
    remoteIdentityKey: <Buffer 05 3a 55 84 47 39 c0 38 94 bb eb ee 22 28 90 6f 28 2d a4 1e 12 1e c5 b8 4f f7 4e 8b 1f 71 5c cd 27>
  },
  pendingPreKey: {
    signedKeyId: 4106625,
    baseKey: <Buffer 05 3d 79 81 af bb 38 4a 48 68 e2 d8 11 25 8b e0 7a 0e 89 0c 24 16 90 63 04 cd 8d b3 aa 64 79 af 27>,
    preKeyId: 10009744
  }
}
Closing session: SessionEntry {
  _chains: {
    'BTYPlXtpF/tHMINkceOEqKOHDax/c6Gj2VuLpj8IBfli': { chainKey: [Object], chainType: 1, messageKeys: {} }
  },
  registrationId: 696180770,
  currentRatchet: {
    ephemeralKeyPair: {
      pubKey: <Buffer 05 36 0f 95 7b 69 17 fb 47 30 83 64 71 e3 84 a8 a3 87 0d ac 7f 73 a1 a3 d9 5b 8b a6 3f 08 05 f9 62>,
      privKey: <Buffer b8 1c 32 7a 8c 39 34 a0 dd fd 02 1c f1 33 6c 46 f7 9c 9a 43 ed 11 a7 60 1a e3 24 44 ce 4b c4 4f>
    },
    lastRemoteEphemeralKey: <Buffer 05 97 52 90 47 b7 16 a2 db 3c 51 74 ff 67 32 0f c8 0e 7d b9 3c 55 aa 97 d6 d9 6a 08 2e c6 de a3 06>,
    previousCounter: 0,
    rootKey: <Buffer 06 fe ba d1 8a 09 4d 45 68 01 16 dd 5e 41 4f ea 75 d2 fe 4e a5 16 d1 7e 6d 61 90 ec 4c 48 ad 8e>
  },
  indexInfo: {
    baseKey: <Buffer 05 72 e9 65 04 da 0a 95 d1 e2 97 c6 ee 72 30 95 db df 5c dd 95 de 86 12 c3 c5 bd 40 83 40 79 60 74>,
    baseKeyType: 1,
    closed: -1,
    used: 1791123456129,
    created: 1791123456129,
    remoteIdentityKey: <Buffer 05 3a 55 84 47 39 c0 38 94 bb eb ee 22 28 90 6f 28 2d a4 1e 12 1e c5 b8 4f f7 4e 8b 1f 71 5c cd 27>
  },
  pendingPreKey: {
    signedKeyId: 4106625,
    baseKey: <Buffer 05 72 e9 65 04 da 0a 95 d1 e2 97 c6 ee 72 30 95 db df 5c dd 95 de 86 12 c3 c5 bd 40 83 40 79 60 74>,
    preKeyId: 10009677
  }
}
Removing old closed session: SessionEntry {
  _chains: {
    'BZzFIIjpJr13oZ6+kpzvmRckqydr6ofrdep0OH4XTtpV': { chainKey: [Object], chainType: 2, messageKeys: [Object] },
    'BdS+9k1gUF3QQm+zyqKez9P3ZKsHTrOr1rISwPjgwLVP': { chainKey: [Object], chainType: 1, messageKeys: {} }
  },
  registrationId: 696180770,
  currentRatchet: {
    ephemeralKeyPair: {
      pubKey: <Buffer 05 d4 be f6 4d 60 50 5d d0 42 6f b3 ca a2 9e cf d3 f7 64 ab 07 4e b3 ab d6 b2 12 c0 f8 e0 c0 b5 4f>,
      privKey: <Buffer d0 61 a8 12 62 f1 5c d7 36 c7 d8 20 7b 56 32 cf bd 22 7b b2 b3 a4 dd a9 4c 01 d0 b8 62 65 ca 74>
    },
    lastRemoteEphemeralKey: <Buffer 05 9c c5 20 88 e9 26 bd 77 a1 9e be 92 9c ef 99 17 24 ab 27 6b ea 87 eb 75 ea 74 38 7e 17 4e da 55>,
    previousCounter: -1,
    rootKey: <Buffer e8 21 a8 cf 06 c2 d7 ac 1f a0 fc 16 ee 7e 73 14 3a c8 0f 9a b0 98 0d 5a bf 66 f1 c6 2a d0 71 cb>
  },
  indexInfo: {
    baseKey: <Buffer 05 9a c8 a6 2c d7 7d df ab 0f 95 8b 14 69 4b 4a db 8b 06 aa 43 46 2c 43 be 97 62 13 b1 90 2c 18 21>,
    baseKeyType: 1,
    closed: 1791122611419,
    used: 1791122606150,
    created: 1791122606150,
    remoteIdentityKey: <Buffer 05 3a 55 84 47 39 c0 38 94 bb eb ee 22 28 90 6f 28 2d a4 1e 12 1e c5 b8 4f f7 4e 8b 1f 71 5c cd 27>
  },
  pendingPreKey: {
    signedKeyId: 4106625,
    baseKey: <Buffer 05 9a c8 a6 2c d7 7d df ab 0f 95 8b 14 69 4b 4a db 8b 06 aa 43 46 2c 43 be 97 62 13 b1 90 2c 18 21>,
    preKeyId: 10009714
  }
}
Closing session: SessionEntry {
  _chains: {
    'BUhSqSJHqrgBs8306liyJ/TBSBc2m9fzZHfUfF7qEb9e': { chainKey: [Object], chainType: 1, messageKeys: {} }
  },
  registrationId: 696180770,
  currentRatchet: {
    ephemeralKeyPair: {
      pubKey: <Buffer 05 48 52 a9 22 47 aa b8 01 b3 cd f4 ea 58 b2 27 f4 c1 48 17 36 9b d7 f3 64 77 d4 7c 5e ea 11 bf 5e>,
      privKey: <Buffer 10 41 f2 75 86 97 aa 6f e5 39 89 2a f6 9f 20 5b 9d 90 a8 d6 94 f7 69 f6 3e f3 23 9f fd 95 53 77>
    },
    lastRemoteEphemeralKey: <Buffer 05 97 52 90 47 b7 16 a2 db 3c 51 74 ff 67 32 0f c8 0e 7d b9 3c 55 aa 97 d6 d9 6a 08 2e c6 de a3 06>,
    previousCounter: 0,
    rootKey: <Buffer 70 5c c7 b5 e1 4b 77 d0 d1 88 6e 97 24 33 4d fc 72 7d 57 32 9c fa d0 98 6d 33 53 47 3a 50 c1 ec>
  },
  indexInfo: {
    baseKey: <Buffer 05 b7 2b b6 7f 9f a3 28 cc 12 e0 8d b6 4c e5 a6 c5 8b e5 d5 3b 15 fd 4e bc 0d da 71 07 b8 c8 0a 1f>,
    baseKeyType: 1,
    closed: -1,
    used: 1791123461366,
    created: 1791123461366,
    remoteIdentityKey: <Buffer 05 3a 55 84 47 39 c0 38 94 bb eb ee 22 28 90 6f 28 2d a4 1e 12 1e c5 b8 4f f7 4e 8b 1f 71 5c cd 27>
  },
  pendingPreKey: {
    signedKeyId: 4106625,
    baseKey: <Buffer 05 b7 2b b6 7f 9f a3 28 cc 12 e0 8d b6 4c e5 a6 c5 8b e5 d5 3b 15 fd 4e bc 0d da 71 07 b8 c8 0a 1f>,
    preKeyId: 10009789
  }
}
Removing old closed session: SessionEntry {
  _chains: {
    'BZzFIIjpJr13oZ6+kpzvmRckqydr6ofrdep0OH4XTtpV': { chainKey: [Object], chainType: 2, messageKeys: [Object] },
    'Bd06KnXau90qG3gF+KWRuchwCxj0dWFygIsYnSmDk29L': { chainKey: [Object], chainType: 1, messageKeys: {} }
  },
  registrationId: 696180770,
  currentRatchet: {
    ephemeralKeyPair: {
      pubKey: <Buffer 05 dd 3a 2a 75 da bb dd 2a 1b 78 05 f8 a5 91 b9 c8 70 0b 18 f4 75 61 72 80 8b 18 9d 29 83 93 6f 4b>,
      privKey: <Buffer 18 84 48 7a 58 ef e1 94 3f 33 59 d9 60 f8 aa cb f9 d1 73 44 55 ba df 78 ae 4d 0a 73 9d eb 9c 5a>
    },
    lastRemoteEphemeralKey: <Buffer 05 9c c5 20 88 e9 26 bd 77 a1 9e be 92 9c ef 99 17 24 ab 27 6b ea 87 eb 75 ea 74 38 7e 17 4e da 55>,
    previousCounter: -1,
    rootKey: <Buffer 19 a5 65 6f 61 1f 03 bc 2b e1 b2 5b a2 d4 89 d4 1d d4 03 29 55 34 2a 95 3f ee ac 62 ad a5 05 be>
  },
  indexInfo: {
    baseKey: <Buffer 05 b4 9f 04 7a ad 86 44 1a 0c f1 d7 ea ee 19 23 0f ca 9c 4f 42 7e 95 71 d7 2f 5c 18 09 05 3e 2c 07>,
    baseKeyType: 1,
    closed: 1791123060036,
    used: 1791122611390,
    created: 1791122611390,
    remoteIdentityKey: <Buffer 05 3a 55 84 47 39 c0 38 94 bb eb ee 22 28 90 6f 28 2d a4 1e 12 1e c5 b8 4f f7 4e 8b 1f 71 5c cd 27>
  },
  pendingPreKey: {
    signedKeyId: 4106625,
    baseKey: <Buffer 05 b4 9f 04 7a ad 86 44 1a 0c f1 d7 ea ee 19 23 0f ca 9c 4f 42 7e 95 71 d7 2f 5c 18 09 05 3e 2c 07>,
    preKeyId: 10009621
  }
}
Closing session: SessionEntry {
  _chains: {
    BcsmdWDpR5rs4qlBh3DE8K0Ly8aQwg8WlHIVgWpDybkA: { chainKey: [Object], chainType: 1, messageKeys: {} }
  },
  registrationId: 696180770,
  currentRatchet: {
    ephemeralKeyPair: {
      pubKey: <Buffer 05 cb 26 75 60 e9 47 9a ec e2 a9 41 87 70 c4 f0 ad 0b cb c6 90 c2 0f 16 94 72 15 81 6a 43 c9 b9 00>,
      privKey: <Buffer c8 48 e0 ae 28 92 c3 c3 66 96 bd 7b ad 76 bc 56 70 12 b2 f4 ac 82 37 4c 51 66 36 df 28 65 a9 47>
    },
    lastRemoteEphemeralKey: <Buffer 05 97 52 90 47 b7 16 a2 db 3c 51 74 ff 67 32 0f c8 0e 7d b9 3c 55 aa 97 d6 d9 6a 08 2e c6 de a3 06>,
    previousCounter: 0,
    rootKey: <Buffer 88 9e 02 75 d2 93 8f f8 0e 03 d3 f3 05 72 05 3d 20 fa fc a5 a7 d0 2d 23 13 33 df 9d 88 df 53 09>
  },
  indexInfo: {
    baseKey: <Buffer 05 0f 26 63 49 df 40 75 9c 6c b4 a3 72 07 02 22 66 55 7f 39 47 93 61 9e 3f 6b 3f 08 3b 88 1c 3b 0a>,
    baseKeyType: 1,
    closed: -1,
    used: 1791123466717,
    created: 1791123466717,
    remoteIdentityKey: <Buffer 05 3a 55 84 47 39 c0 38 94 bb eb ee 22 28 90 6f 28 2d a4 1e 12 1e c5 b8 4f f7 4e 8b 1f 71 5c cd 27>
  },
  pendingPreKey: {
    signedKeyId: 4106625,
    baseKey: <Buffer 05 0f 26 63 49 df 40 75 9c 6c b4 a3 72 07 02 22 66 55 7f 39 47 93 61 9e 3f 6b 3f 08 3b 88 1c 3b 0a>,
    preKeyId: 10009626
  }
}
Removing old closed session: SessionEntry {
  _chains: {
    'BZzFIIjpJr13oZ6+kpzvmRckqydr6ofrdep0OH4XTtpV': { chainKey: [Object], chainType: 2, messageKeys: [Object] },
    BcEqSthWJjTfDG1yHm3cUcFIc0DWTWmKTlewgwJ8dX0b: { chainKey: [Object], chainType: 1, messageKeys: {} }
  },
  registrationId: 696180770,
  currentRatchet: {
    ephemeralKeyPair: {
      pubKey: <Buffer 05 c1 2a 4a d8 56 26 34 df 0c 6d 72 1e 6d dc 51 c1 48 73 40 d6 4d 69 8a 4e 57 b0 83 02 7c 75 7d 1b>,
      privKey: <Buffer 78 fe 54 6e 17 e5 da b7 82 62 76 91 36 29 7f 5e d3 a8 ae 07 42 73 64 2b 41 fe fd 54 85 ab 07 4d>
    },
    lastRemoteEphemeralKey: <Buffer 05 9c c5 20 88 e9 26 bd 77 a1 9e be 92 9c ef 99 17 24 ab 27 6b ea 87 eb 75 ea 74 38 7e 17 4e da 55>,
    previousCounter: -1,
    rootKey: <Buffer e1 68 5a 6f 00 70 96 30 87 0e 57 b0 5a 96 58 78 46 97 0b e3 da 29 e1 fb db 6e bd 17 8f 83 04 d5>
  },
  indexInfo: {
    baseKey: <Buffer 05 ac ef 96 69 8f f5 c9 d1 7a 86 4c 32 70 df 09 06 93 3a aa e1 f1 98 d7 89 fb 95 d9 12 ec 1d f3 53>,
    baseKeyType: 1,
    closed: 1791123065258,
    used: 1791123059984,
    created: 1791123059984,
    remoteIdentityKey: <Buffer 05 3a 55 84 47 39 c0 38 94 bb eb ee 22 28 90 6f 28 2d a4 1e 12 1e c5 b8 4f f7 4e 8b 1f 71 5c cd 27>
  },
  pendingPreKey: {
    signedKeyId: 4106625,
    baseKey: <Buffer 05 ac ef 96 69 8f f5 c9 d1 7a 86 4c 32 70 df 09 06 93 3a aa e1 f1 98 d7 89 fb 95 d9 12 ec 1d f3 53>,
    preKeyId: 10009554
  }
}
Closing session: SessionEntry {
  _chains: {
    BeQhmiFVGThsWZnVgARrRTJ0BMpE8pK4AyhuysYeXz5h: { chainKey: [Object], chainType: 1, messageKeys: {} }
  },
  registrationId: 696180770,
  currentRatchet: {
    ephemeralKeyPair: {
      pubKey: <Buffer 05 e4 21 9a 21 55 19 38 6c 59 99 d5 80 04 6b 45 32 74 04 ca 44 f2 92 b8 03 28 6e ca c6 1e 5f 3e 61>,
      privKey: <Buffer e0 a2 fd 83 f0 7b fe f6 17 1a 25 31 1a dd b1 36 a5 5e f8 c0 e3 d8 5e 49 66 92 b7 a0 3b 2d 0e 44>
    },
    lastRemoteEphemeralKey: <Buffer 05 97 52 90 47 b7 16 a2 db 3c 51 74 ff 67 32 0f c8 0e 7d b9 3c 55 aa 97 d6 d9 6a 08 2e c6 de a3 06>,
    previousCounter: 0,
    rootKey: <Buffer 07 52 3b 72 34 5e 22 03 b6 61 52 07 78 45 e7 2b 52 da e1 10 e0 4d 34 0a f3 7d b1 6d e9 d8 f0 12>
  },
  indexInfo: {
    baseKey: <Buffer 05 bd 3e b8 46 58 13 52 4b 51 4c 19 9c da 30 8e e0 3e 16 07 25 33 e4 8b cf 99 86 92 e4 47 37 02 0b>,
    baseKeyType: 1,
    closed: -1,
    used: 1791123471911,
    created: 1791123471911,
    remoteIdentityKey: <Buffer 05 3a 55 84 47 39 c0 38 94 bb eb ee 22 28 90 6f 28 2d a4 1e 12 1e c5 b8 4f f7 4e 8b 1f 71 5c cd 27>
  },
  pendingPreKey: {
    signedKeyId: 4106625,
    baseKey: <Buffer 05 bd 3e b8 46 58 13 52 4b 51 4c 19 9c da 30 8e e0 3e 16 07 25 33 e4 8b cf 99 86 92 e4 47 37 02 0b>,
    preKeyId: 10009746
  }
}
Removing old closed session: SessionEntry {
  _chains: {
    'BZzFIIjpJr13oZ6+kpzvmRckqydr6ofrdep0OH4XTtpV': { chainKey: [Object], chainType: 2, messageKeys: [Object] },
    BTGSt1azqDBotfqI3CxAbaRQqtZEYsz4lplaK9j8TDwS: { chainKey: [Object], chainType: 1, messageKeys: {} }
  },
  registrationId: 696180770,
  currentRatchet: {
    ephemeralKeyPair: {
      pubKey: <Buffer 05 31 92 b7 56 b3 a8 30 68 b5 fa 88 dc 2c 40 6d a4 50 aa d6 44 62 cc f8 96 99 5a 2b d8 fc 4c 3c 12>,
      privKey: <Buffer b8 32 cb 38 f5 78 08 e2 d0 72 eb df 22 1b a9 57 a0 96 22 b1 c4 0d 61 43 e3 58 40 17 64 40 a4 63>
    },
    lastRemoteEphemeralKey: <Buffer 05 9c c5 20 88 e9 26 bd 77 a1 9e be 92 9c ef 99 17 24 ab 27 6b ea 87 eb 75 ea 74 38 7e 17 4e da 55>,
    previousCounter: -1,
    rootKey: <Buffer 92 1d b6 84 e2 67 73 f6 f0 03 33 b5 df 8a cb 33 c1 a0 90 98 b4 71 7d 59 e7 49 fb 4d 7b 93 d5 fe>
  },
  indexInfo: {
    baseKey: <Buffer 05 a8 02 1a 4a 25 e4 58 ca 6c f6 97 ef b0 73 27 a8 15 40 67 46 c8 ba 51 98 d7 2e b1 dc 19 89 8c 20>,
    baseKeyType: 1,
    closed: 1791123070563,
    used: 1791123065226,
    created: 1791123065226,
    remoteIdentityKey: <Buffer 05 3a 55 84 47 39 c0 38 94 bb eb ee 22 28 90 6f 28 2d a4 1e 12 1e c5 b8 4f f7 4e 8b 1f 71 5c cd 27>
  },
  pendingPreKey: {
    signedKeyId: 4106625,
    baseKey: <Buffer 05 a8 02 1a 4a 25 e4 58 ca 6c f6 97 ef b0 73 27 a8 15 40 67 46 c8 ba 51 98 d7 2e b1 dc 19 89 8c 20>,
    preKeyId: 10009646
  }
}
Closing session: SessionEntry {
  _chains: {
    BRDy4cALng99y59cBVoYgCiSVT9kKoafVLrsmLPkhHQC: { chainKey: [Object], chainType: 1, messageKeys: {} }
  },
  registrationId: 696180770,
  currentRatchet: {
    ephemeralKeyPair: {
      pubKey: <Buffer 05 10 f2 e1 c0 0b 9e 0f 7d cb 9f 5c 05 5a 18 80 28 92 55 3f 64 2a 86 9f 54 ba ec 98 b3 e4 84 74 02>,
      privKey: <Buffer e0 7f 2c 27 1c 73 53 6a 85 2f 60 e9 33 4e 39 32 b6 95 77 c3 01 4e 9c 98 72 dd fc 1f ec d6 cb 58>
    },
    lastRemoteEphemeralKey: <Buffer 05 97 52 90 47 b7 16 a2 db 3c 51 74 ff 67 32 0f c8 0e 7d b9 3c 55 aa 97 d6 d9 6a 08 2e c6 de a3 06>,
    previousCounter: 0,
    rootKey: <Buffer 48 29 d4 9f ef d2 2d ee 65 68 4f 1f 69 ee cc f8 d3 50 c8 93 7d ad ce 8b 22 23 1b 47 8b 4b c5 43>
  },
  indexInfo: {
    baseKey: <Buffer 05 47 e5 4e 82 29 19 25 e2 c0 b4 71 27 98 c4 fa fc 18 4c 07 97 07 b0 8f 74 ea 8b 3a 58 fc 4c 92 21>,
    baseKeyType: 1,
    closed: -1,
    used: 1791123477221,
    created: 1791123477221,
    remoteIdentityKey: <Buffer 05 3a 55 84 47 39 c0 38 94 bb eb ee 22 28 90 6f 28 2d a4 1e 12 1e c5 b8 4f f7 4e 8b 1f 71 5c cd 27>
  },
  pendingPreKey: {
    signedKeyId: 4106625,
    baseKey: <Buffer 05 47 e5 4e 82 29 19 25 e2 c0 b4 71 27 98 c4 fa fc 18 4c 07 97 07 b0 8f 74 ea 8b 3a 58 fc 4c 92 21>,
    preKeyId: 10009545
  }
}
Removing old closed session: SessionEntry {
  _chains: {
    'BZzFIIjpJr13oZ6+kpzvmRckqydr6ofrdep0OH4XTtpV': { chainKey: [Object], chainType: 2, messageKeys: [Object] },
    'BRBNm+X2Iby3tvfZXR4/kq4Veayj1iyc7TBFrP1ddRIB': { chainKey: [Object], chainType: 1, messageKeys: {} }
  },
  registrationId: 696180770,
  currentRatchet: {
    ephemeralKeyPair: {
      pubKey: <Buffer 05 10 4d 9b e5 f6 21 bc b7 b6 f7 d9 5d 1e 3f 92 ae 15 79 ac a3 d6 2c 9c ed 30 45 ac fd 5d 75 12 01>,
      privKey: <Buffer d0 57 bd 85 7b 18 87 71 80 ed a3 1c 7b bc d8 1e 11 86 16 2d dc c2 ab dc da 61 22 80 38 40 0a 60>
    },
    lastRemoteEphemeralKey: <Buffer 05 9c c5 20 88 e9 26 bd 77 a1 9e be 92 9c ef 99 17 24 ab 27 6b ea 87 eb 75 ea 74 38 7e 17 4e da 55>,
    previousCounter: -1,
    rootKey: <Buffer 55 77 f0 65 14 fe 1e 67 06 2f 9e 5a 3f 9c 53 24 2b d7 0d 20 62 66 9d 04 17 12 bd e4 a3 da a4 14>
  },
  indexInfo: {
    baseKey: <Buffer 05 de d2 81 73 ab 3c 6c 8e ef 97 74 f2 27 23 45 a7 dc fc 14 f8 5e b0 16 5a e7 97 4c f8 28 4a 4b 2c>,
    baseKeyType: 1,
    closed: 1791123075954,
    used: 1791123070525,
    created: 1791123070525,
    remoteIdentityKey: <Buffer 05 3a 55 84 47 39 c0 38 94 bb eb ee 22 28 90 6f 28 2d a4 1e 12 1e c5 b8 4f f7 4e 8b 1f 71 5c cd 27>
  },
  pendingPreKey: {
    signedKeyId: 4106625,
    baseKey: <Buffer 05 de d2 81 73 ab 3c 6c 8e ef 97 74 f2 27 23 45 a7 dc fc 14 f8 5e b0 16 5a e7 97 4c f8 28 4a 4b 2c>,
    preKeyId: 10009717
  }
}
Closing session: SessionEntry {
  _chains: {
    'Bbhu36ecgs3DLYf3keZ2fp1Qpc9iAVjefYeGYE+OWMM5': { chainKey: [Object], chainType: 1, messageKeys: {} }
  },
  registrationId: 696180770,
  currentRatchet: {
    ephemeralKeyPair: {
      pubKey: <Buffer 05 b8 6e df a7 9c 82 cd c3 2d 87 f7 91 e6 76 7e 9d 50 a5 cf 62 01 58 de 7d 87 86 60 4f 8e 58 c3 39>,
      privKey: <Buffer c0 d2 e4 48 d2 b0 10 3a 28 bd 96 cc 26 69 51 09 bc f8 90 48 d4 6d 1f 8d 06 8d 37 2b b9 f1 41 7a>
    },
    lastRemoteEphemeralKey: <Buffer 05 97 52 90 47 b7 16 a2 db 3c 51 74 ff 67 32 0f c8 0e 7d b9 3c 55 aa 97 d6 d9 6a 08 2e c6 de a3 06>,
    previousCounter: 0,
    rootKey: <Buffer 3b f2 18 1d e3 3c 54 83 0a 80 60 1b 5a ee 94 3e 95 2e 56 01 85 eb 87 6e 8e 52 8c dc db 94 5d 46>
  },
  indexInfo: {
    baseKey: <Buffer 05 28 36 d8 7b 40 7c 16 b3 26 8a db ed 1a df bb 8d da 6e 9b 03 90 d1 00 f0 8e 14 8e e4 af 17 1c 5e>,
    baseKeyType: 1,
    closed: -1,
    used: 1791123482447,
    created: 1791123482447,
    remoteIdentityKey: <Buffer 05 3a 55 84 47 39 c0 38 94 bb eb ee 22 28 90 6f 28 2d a4 1e 12 1e c5 b8 4f f7 4e 8b 1f 71 5c cd 27>
  },
  pendingPreKey: {
    signedKeyId: 4106625,
    baseKey: <Buffer 05 28 36 d8 7b 40 7c 16 b3 26 8a db ed 1a df bb 8d da 6e 9b 03 90 d1 00 f0 8e 14 8e e4 af 17 1c 5e>,
    preKeyId: 10009645
  }
}
Removing old closed session: SessionEntry {
  _chains: {
    'BZzFIIjpJr13oZ6+kpzvmRckqydr6ofrdep0OH4XTtpV': { chainKey: [Object], chainType: 2, messageKeys: [Object] },
    'BbNUGsxMF3s8+g0coJtZ+mWKytvFLatiV1zaQoBPAF1P': { chainKey: [Object], chainType: 1, messageKeys: {} }
  },
  registrationId: 696180770,
  currentRatchet: {
    ephemeralKeyPair: {
      pubKey: <Buffer 05 b3 54 1a cc 4c 17 7b 3c fa 0d 1c a0 9b 59 fa 65 8a ca db c5 2d ab 62 57 5c da 42 80 4f 00 5d 4f>,
      privKey: <Buffer 90 02 db 0f c1 7d cd 1e 56 11 ab 6c 9a fc ea 35 16 f0 54 2e bd 2a 7c 57 a2 eb a1 e6 93 eb 7b 55>
    },
    lastRemoteEphemeralKey: <Buffer 05 9c c5 20 88 e9 26 bd 77 a1 9e be 92 9c ef 99 17 24 ab 27 6b ea 87 eb 75 ea 74 38 7e 17 4e da 55>,
    previousCounter: -1,
    rootKey: <Buffer 82 de 55 80 33 20 1a d7 00 e2 ec bf 07 07 7c 2f 78 bd b5 aa d3 f3 62 7a 8a ca 6f 61 a8 ff 55 d3>
  },
  indexInfo: {
    baseKey: <Buffer 05 35 4f 0c ad 54 df 12 ea 43 16 23 5e a1 b5 8d 3c 48 10 27 f4 61 37 6e 81 a3 f4 6e aa 5e 66 d6 58>,
    baseKeyType: 1,
    closed: 1791123081193,
    used: 1791123075937,
    created: 1791123075937,
    remoteIdentityKey: <Buffer 05 3a 55 84 47 39 c0 38 94 bb eb ee 22 28 90 6f 28 2d a4 1e 12 1e c5 b8 4f f7 4e 8b 1f 71 5c cd 27>
  },
  pendingPreKey: {
    signedKeyId: 4106625,
    baseKey: <Buffer 05 35 4f 0c ad 54 df 12 ea 43 16 23 5e a1 b5 8d 3c 48 10 27 f4 61 37 6e 81 a3 f4 6e aa 5e 66 d6 58>,
    preKeyId: 10009841
  }
}
Closing session: SessionEntry {
  _chains: {
    'Ba/ejqaXQMcSNQ7RgGdk707Unvti22/NvGVgjZKDv9BY': { chainKey: [Object], chainType: 2, messageKeys: {} },
    'Ba0795FciSrMn1JRXO4ptJvYXk2pEgnFprGJ3QRku+Il': { chainKey: [Object], chainType: 1, messageKeys: {} }
  },
  registrationId: 696180770,
  currentRatchet: {
    ephemeralKeyPair: {
      pubKey: <Buffer 05 ad 3b f7 91 5c 89 2a cc 9f 52 51 5c ee 29 b4 9b d8 5e 4d a9 12 09 c5 a6 b1 89 dd 04 64 bb e2 25>,
      privKey: <Buffer c0 38 d3 ce a6 70 d3 47 f9 9a 1e ca 62 c0 dc 5a 76 b5 3e 2c fe 6c 59 77 05 99 e9 5c bb 31 d4 55>
    },
    lastRemoteEphemeralKey: <Buffer 05 af de 8e a6 97 40 c7 12 35 0e d1 80 67 64 ef 4e d4 9e fb 62 db 6f cd bc 65 60 8d 92 83 bf d0 58>,
    previousCounter: 0,
    rootKey: <Buffer 97 29 df ac 96 86 bf f8 59 9c 9c fc e3 04 75 d5 b5 04 77 49 4b 71 28 c9 98 91 47 ee e9 ed 7a 22>
  },
  indexInfo: {
    baseKey: <Buffer 05 54 c6 38 76 e3 a8 2a 7d 51 f8 44 8c e2 00 2e 29 26 66 62 02 51 6a 38 ad fc 0b 9b d9 35 8b 28 03>,
    baseKeyType: 2,
    closed: -1,
    used: 1791123482510,
    created: 1791123482510,
    remoteIdentityKey: <Buffer 05 3a 55 84 47 39 c0 38 94 bb eb ee 22 28 90 6f 28 2d a4 1e 12 1e c5 b8 4f f7 4e 8b 1f 71 5c cd 27>
  }
}
Removing old closed session: SessionEntry {
  _chains: {
    'BZzFIIjpJr13oZ6+kpzvmRckqydr6ofrdep0OH4XTtpV': { chainKey: [Object], chainType: 2, messageKeys: [Object] },
    'BTsxDFoGKVaKljS6DEY99b45LX7KKn19vkcjGtS/hwRA': { chainKey: [Object], chainType: 1, messageKeys: {} }
  },
  registrationId: 696180770,
  currentRatchet: {
    ephemeralKeyPair: {
      pubKey: <Buffer 05 3b 31 0c 5a 06 29 56 8a 96 34 ba 0c 46 3d f5 be 39 2d 7e ca 2a 7d 7d be 47 23 1a d4 bf 87 04 40>,
      privKey: <Buffer 00 8f d6 8a 13 f5 a4 1b 69 ac aa 6f ac b6 93 56 2b 22 b6 a5 b2 36 33 41 c9 b1 9e 22 f4 f2 0e 6e>
    },
    lastRemoteEphemeralKey: <Buffer 05 9c c5 20 88 e9 26 bd 77 a1 9e be 92 9c ef 99 17 24 ab 27 6b ea 87 eb 75 ea 74 38 7e 17 4e da 55>,
    previousCounter: -1,
    rootKey: <Buffer ec 0b 75 34 7f 62 f3 96 2f 13 0a 54 30 14 7b b5 44 27 43 2d 4c 1d 0e d3 c8 dd 5a d3 d6 7a 31 0c>
  },
  indexInfo: {
    baseKey: <Buffer 05 5e f7 ef dd d3 c6 c0 31 d3 c0 bf e1 ff 25 33 f2 5a 62 6f 25 19 83 0d e6 bc 26 32 04 f4 c7 68 05>,
    baseKeyType: 1,
    closed: 1791123086477,
    used: 1791123081157,
    created: 1791123081157,
    remoteIdentityKey: <Buffer 05 3a 55 84 47 39 c0 38 94 bb eb ee 22 28 90 6f 28 2d a4 1e 12 1e c5 b8 4f f7 4e 8b 1f 71 5c cd 27>
  },
  pendingPreKey: {
    signedKeyId: 4106625,
    baseKey: <Buffer 05 5e f7 ef dd d3 c6 c0 31 d3 c0 bf e1 ff 25 33 f2 5a 62 6f 25 19 83 0d e6 bc 26 32 04 f4 c7 68 05>,
    preKeyId: 10009591
  }
}
Closing session: SessionEntry {
  _chains: {
    BeSFspPDwcfQksJKfJEXc1eJQVlXV91rbxuHsRSaW4Mh: { chainKey: [Object], chainType: 2, messageKeys: {} },
    BSTwR7FiO04tGvXjjDngrqaF2ZQ9lT5vHYQHZZoBdMVm: { chainKey: [Object], chainType: 1, messageKeys: {} }
  },
  registrationId: 696180770,
  currentRatchet: {
    ephemeralKeyPair: {
      pubKey: <Buffer 05 24 f0 47 b1 62 3b 4e 2d 1a f5 e3 8c 39 e0 ae a6 85 d9 94 3d 95 3e 6f 1d 84 07 65 9a 01 74 c5 66>,
      privKey: <Buffer 10 83 0a d2 7e a5 e9 d4 ac 8e dd 7a 35 36 d4 08 d5 42 76 05 b5 3c f7 37 4a 81 60 97 76 65 5a 57>
    },
    lastRemoteEphemeralKey: <Buffer 05 e4 85 b2 93 c3 c1 c7 d0 92 c2 4a 7c 91 17 73 57 89 41 59 57 57 dd 6b 6f 1b 87 b1 14 9a 5b 83 21>,
    previousCounter: 0,
    rootKey: <Buffer 4a 09 e3 5e 25 18 4e e0 48 43 f5 3e bc c4 77 5d d0 3e 44 b6 96 91 22 8f e1 17 74 72 3a 9b 31 7c>
  },
  indexInfo: {
    baseKey: <Buffer 05 cb f1 59 2c 7a 7e 7c 6b 77 18 20 37 46 3e 62 3d fe 3a 7e 32 82 fa a5 cd a4 66 24 a5 1f 9a 93 67>,
    baseKeyType: 2,
    closed: -1,
    used: 1791123482762,
    created: 1791123482762,
    remoteIdentityKey: <Buffer 05 3a 55 84 47 39 c0 38 94 bb eb ee 22 28 90 6f 28 2d a4 1e 12 1e c5 b8 4f f7 4e 8b 1f 71 5c cd 27>
  }
}
Removing old closed session: SessionEntry {
  _chains: {
    'BZzFIIjpJr13oZ6+kpzvmRckqydr6ofrdep0OH4XTtpV': { chainKey: [Object], chainType: 2, messageKeys: [Object] },
    'BWL5ActVQIYDAfsxFbOKrBILNyG/E+0vuu/TVATm8R4a': { chainKey: [Object], chainType: 1, messageKeys: {} }
  },
  registrationId: 696180770,
  currentRatchet: {
    ephemeralKeyPair: {
      pubKey: <Buffer 05 62 f9 01 cb 55 40 86 03 01 fb 31 15 b3 8a ac 12 0b 37 21 bf 13 ed 2f ba ef d3 54 04 e6 f1 1e 1a>,
      privKey: <Buffer 18 ed 88 db 5a f3 35 cf 71 d2 d8 f0 e0 8e 8e 45 9f 5b 39 93 6f 7e 72 16 36 ad 68 30 bb 3a 7e 63>
    },
    lastRemoteEphemeralKey: <Buffer 05 9c c5 20 88 e9 26 bd 77 a1 9e be 92 9c ef 99 17 24 ab 27 6b ea 87 eb 75 ea 74 38 7e 17 4e da 55>,
    previousCounter: -1,
    rootKey: <Buffer 34 34 3e 75 06 b9 02 28 9d 83 86 20 41 0e c3 09 ee 49 98 87 ff e6 f6 b5 85 4e d0 4d f3 7b 13 b2>
  },
  indexInfo: {
    baseKey: <Buffer 05 2a a6 6b de f5 9e cc cf 62 12 94 1c a1 ad 3d 27 c8 79 2e a1 89 76 00 f3 6f 1e e0 ba 8d 60 f3 37>,
    baseKeyType: 1,
    closed: 1791123092015,
    used: 1791123086457,
    created: 1791123086457,
    remoteIdentityKey: <Buffer 05 3a 55 84 47 39 c0 38 94 bb eb ee 22 28 90 6f 28 2d a4 1e 12 1e c5 b8 4f f7 4e 8b 1f 71 5c cd 27>
  },
  pendingPreKey: {
    signedKeyId: 4106625,
    baseKey: <Buffer 05 2a a6 6b de f5 9e cc cf 62 12 94 1c a1 ad 3d 27 c8 79 2e a1 89 76 00 f3 6f 1e e0 ba 8d 60 f3 37>,
    preKeyId: 10009561
  }
}
Closing session: SessionEntry {
  _chains: {
    BYCRDxW3rynT1lIrTbuK3ko3z7mGz0OMtOWxAXuGqP1N: { chainKey: [Object], chainType: 2, messageKeys: {} },
    'Bc7ipw5ivX5rq24GvZpE9p56KJnjqquidV6INc+2a+wA': { chainKey: [Object], chainType: 1, messageKeys: {} }
  },
  registrationId: 696180770,
  currentRatchet: {
    ephemeralKeyPair: {
      pubKey: <Buffer 05 ce e2 a7 0e 62 bd 7e 6b ab 6e 06 bd 9a 44 f6 9e 7a 28 99 e3 aa ab a2 75 5e 88 35 cf b6 6b ec 00>,
      privKey: <Buffer 00 e4 91 f6 2d a2 33 39 a1 f9 11 3e 5f 57 ab 2d de 65 df 15 21 6f b3 27 c0 42 9f 1b 0e e5 ec 6e>
    },
    lastRemoteEphemeralKey: <Buffer 05 80 91 0f 15 b7 af 29 d3 d6 52 2b 4d bb 8a de 4a 37 cf b9 86 cf 43 8c b4 e5 b1 01 7b 86 a8 fd 4d>,
    previousCounter: 0,
    rootKey: <Buffer f6 1c ba 02 06 d7 84 35 db e1 c4 b7 b2 39 ac 9d f6 12 7a f8 2d a3 4d 25 74 50 4e fa 31 3c 5d 2a>
  },
  indexInfo: {
    baseKey: <Buffer 05 06 60 35 02 ed 8c dd 7c 76 18 ab b1 f2 2b 9a 8d 3d 50 0b 64 d0 ac 6a 4f a8 8e 45 f6 31 20 c7 3e>,
    baseKeyType: 2,
    closed: -1,
    used: 1791123483027,
    created: 1791123483027,
    remoteIdentityKey: <Buffer 05 3a 55 84 47 39 c0 38 94 bb eb ee 22 28 90 6f 28 2d a4 1e 12 1e c5 b8 4f f7 4e 8b 1f 71 5c cd 27>
  }
}
Removing old closed session: SessionEntry {
  _chains: {
    'BZzFIIjpJr13oZ6+kpzvmRckqydr6ofrdep0OH4XTtpV': { chainKey: [Object], chainType: 2, messageKeys: [Object] },
    'BSs4n5350dG+m7gRQhye8W+/WGghegIzkqLkDDZmF8tU': { chainKey: [Object], chainType: 1, messageKeys: {} }
  },
  registrationId: 696180770,
  currentRatchet: {
    ephemeralKeyPair: {
      pubKey: <Buffer 05 2b 38 9f 9d f9 d1 d1 be 9b b8 11 42 1c 9e f1 6f bf 58 68 21 7a 02 33 92 a2 e4 0c 36 66 17 cb 54>,
      privKey: <Buffer 78 e2 88 57 c7 bd ab 13 41 69 59 97 55 97 bb 1a 1f 8f 76 3e 1a 03 ec cb 56 87 5c b0 a3 31 ec 4c>
    },
    lastRemoteEphemeralKey: <Buffer 05 9c c5 20 88 e9 26 bd 77 a1 9e be 92 9c ef 99 17 24 ab 27 6b ea 87 eb 75 ea 74 38 7e 17 4e da 55>,
    previousCounter: -1,
    rootKey: <Buffer ea 91 cc f1 a0 cc 5d 0b a4 36 66 15 fa 1f 04 1d 8d 1f 00 5a 66 b4 74 48 45 7f 13 a6 ec 8f 94 a7>
  },
  indexInfo: {
    baseKey: <Buffer 05 fc c6 6a 37 3f 95 47 1a df 42 ee 33 d9 16 d8 30 21 ba c9 e3 2e db 0d 8b 55 c7 07 f5 9b a1 34 69>,
    baseKeyType: 1,
    closed: 1791123097476,
    used: 1791123091982,
    created: 1791123091982,
    remoteIdentityKey: <Buffer 05 3a 55 84 47 39 c0 38 94 bb eb ee 22 28 90 6f 28 2d a4 1e 12 1e c5 b8 4f f7 4e 8b 1f 71 5c cd 27>
  },
  pendingPreKey: {
    signedKeyId: 4106625,
    baseKey: <Buffer 05 fc c6 6a 37 3f 95 47 1a df 42 ee 33 d9 16 d8 30 21 ba c9 e3 2e db 0d 8b 55 c7 07 f5 9b a1 34 69>,
    preKeyId: 10009700
  }
}
Closing session: SessionEntry {
  _chains: {
    'BT22hPEtklWsELq6Ufz+qDcZCD03BozqKd6n6JtdVp0w': { chainKey: [Object], chainType: 2, messageKeys: {} },
    BdWWmrOfPX32PxYmSlxt1TfHx5Zq3vWJFddsl6yXNTIW: { chainKey: [Object], chainType: 1, messageKeys: {} }
  },
  registrationId: 696180770,
  currentRatchet: {
    ephemeralKeyPair: {
      pubKey: <Buffer 05 d5 96 9a b3 9f 3d 7d f6 3f 16 26 4a 5c 6d d5 37 c7 c7 96 6a de f5 89 15 d7 6c 97 ac 97 35 32 16>,
      privKey: <Buffer 88 e5 9f 84 a8 a5 33 9b b6 52 d7 b0 9c bd 68 62 02 b6 a6 e2 be ba d6 41 d9 2d f7 a0 41 2f bb 60>
    },
    lastRemoteEphemeralKey: <Buffer 05 3d b6 84 f1 2d 92 55 ac 10 ba ba 51 fc fe a8 37 19 08 3d 37 06 8c ea 29 de a7 e8 9b 5d 56 9d 30>,
    previousCounter: 0,
    rootKey: <Buffer 18 6a 32 b9 35 e4 af d5 4d 05 10 bc cd 93 89 73 80 62 0a f1 88 a8 dc d1 8d e7 6d d8 d7 19 65 ef>
  },
  indexInfo: {
    baseKey: <Buffer 05 18 bb 09 45 a3 29 83 cc dd 9d 24 f7 d6 f8 e2 18 68 27 24 a1 1c a7 c8 f8 04 81 53 f4 c0 23 e8 7f>,
    baseKeyType: 2,
    closed: -1,
    used: 1791123483275,
    created: 1791123483275,
    remoteIdentityKey: <Buffer 05 3a 55 84 47 39 c0 38 94 bb eb ee 22 28 90 6f 28 2d a4 1e 12 1e c5 b8 4f f7 4e 8b 1f 71 5c cd 27>
  }
}
Removing old closed session: SessionEntry {
  _chains: {
    'BZzFIIjpJr13oZ6+kpzvmRckqydr6ofrdep0OH4XTtpV': { chainKey: [Object], chainType: 2, messageKeys: [Object] },
    BSDzIPCYf7p1wxWx36YYKtQXLMbNjMrBCNQ5CVqlguwD: { chainKey: [Object], chainType: 1, messageKeys: {} }
  },
  registrationId: 696180770,
  currentRatchet: {
    ephemeralKeyPair: {
      pubKey: <Buffer 05 20 f3 20 f0 98 7f ba 75 c3 15 b1 df a6 18 2a d4 17 2c c6 cd 8c ca c1 08 d4 39 09 5a a5 82 ec 03>,
      privKey: <Buffer 38 ac e2 bf 96 c1 99 43 27 77 d5 13 0e b3 56 13 5d 14 19 72 3a b0 bb f2 50 0f 37 59 c6 14 cf 41>
    },
    lastRemoteEphemeralKey: <Buffer 05 9c c5 20 88 e9 26 bd 77 a1 9e be 92 9c ef 99 17 24 ab 27 6b ea 87 eb 75 ea 74 38 7e 17 4e da 55>,
    previousCounter: -1,
    rootKey: <Buffer 4a 61 8c 5c 46 b8 b3 a1 fb 9d 58 ca b7 17 97 46 83 37 ee cc 04 05 3a 12 7e 6a 86 7e df 23 df 3f>
  },
  indexInfo: {
    baseKey: <Buffer 05 60 eb 20 7c 7c 40 e3 ba ae 06 bd 97 b7 5d 1e fe 3e 75 5b 86 c2 1f f0 20 d3 78 5e 50 f0 6e 2b 0c>,
    baseKeyType: 1,
    closed: 1791123102545,
    used: 1791123097379,
    created: 1791123097379,
    remoteIdentityKey: <Buffer 05 3a 55 84 47 39 c0 38 94 bb eb ee 22 28 90 6f 28 2d a4 1e 12 1e c5 b8 4f f7 4e 8b 1f 71 5c cd 27>
  },
  pendingPreKey: {
    signedKeyId: 4106625,
    baseKey: <Buffer 05 60 eb 20 7c 7c 40 e3 ba ae 06 bd 97 b7 5d 1e fe 3e 75 5b 86 c2 1f f0 20 d3 78 5e 50 f0 6e 2b 0c>,
    preKeyId: 10009615
  }
}
Closing session: SessionEntry {
  _chains: {
    'BbkEV4pzQLNBiYT8bXNnWhCU0yNM/PIg4VMfMvtv/VI2': { chainKey: [Object], chainType: 2, messageKeys: {} },
    'BQkK//YJZZk3AhuIfLi7kbEuUYE/9xwMQ6eiFMfTkiti': { chainKey: [Object], chainType: 1, messageKeys: {} }
  },
  registrationId: 696180770,
  currentRatchet: {
    ephemeralKeyPair: {
      pubKey: <Buffer 05 09 0a ff f6 09 65 99 37 02 1b 88 7c b8 bb 91 b1 2e 51 81 3f f7 1c 0c 43 a7 a2 14 c7 d3 92 2b 62>,
      privKey: <Buffer c0 e4 ce a9 f5 65 45 ab b3 1b d4 66 e6 c2 8e df 54 87 e2 e8 ed d6 f0 65 62 1f c6 6b 44 02 03 72>
    },
    lastRemoteEphemeralKey: <Buffer 05 b9 04 57 8a 73 40 b3 41 89 84 fc 6d 73 67 5a 10 94 d3 23 4c fc f2 20 e1 53 1f 32 fb 6f fd 52 36>,
    previousCounter: 0,
    rootKey: <Buffer 74 1c 38 a3 1b f5 d6 dc 2c 7c 59 3f a4 36 0b 75 bd f6 bf a4 98 f5 d4 ca 66 25 39 5e b1 40 18 bc>
  },
  indexInfo: {
    baseKey: <Buffer 05 29 6f 20 ed 35 dd 22 01 8e 3d 82 24 43 cf 90 4e cf 37 e3 f5 f7 87 b3 3a 3f 95 93 7a af 85 fd 0b>,
    baseKeyType: 2,
    closed: -1,
    used: 1791123483517,
    created: 1791123483517,
    remoteIdentityKey: <Buffer 05 3a 55 84 47 39 c0 38 94 bb eb ee 22 28 90 6f 28 2d a4 1e 12 1e c5 b8 4f f7 4e 8b 1f 71 5c cd 27>
  }
}
Removing old closed session: SessionEntry {
  _chains: {
    'BZzFIIjpJr13oZ6+kpzvmRckqydr6ofrdep0OH4XTtpV': { chainKey: [Object], chainType: 2, messageKeys: [Object] },
    'BcPrN72Iex8Tqw/GQz62w5vtNfWA/qzJ1kZAf3BA4QlG': { chainKey: [Object], chainType: 1, messageKeys: {} }
  },
  registrationId: 696180770,
  currentRatchet: {
    ephemeralKeyPair: {
      pubKey: <Buffer 05 c3 eb 37 bd 88 7b 1f 13 ab 0f c6 43 3e b6 c3 9b ed 35 f5 80 fe ac c9 d6 46 40 7f 70 40 e1 09 46>,
      privKey: <Buffer 28 4e 63 e7 0f f2 0b 6d 5e c7 c9 f8 d7 25 ed 9b 5d dc bf fd 03 e0 11 24 8a 60 8e b7 dc f0 08 57>
    },
    lastRemoteEphemeralKey: <Buffer 05 9c c5 20 88 e9 26 bd 77 a1 9e be 92 9c ef 99 17 24 ab 27 6b ea 87 eb 75 ea 74 38 7e 17 4e da 55>,
    previousCounter: -1,
    rootKey: <Buffer 6e d4 50 e1 50 45 cf dd 7c 7a ad d5 c0 a1 98 b7 e2 06 2d d3 4f 14 9d 82 fb 2b 05 95 45 c4 70 cd>
  },
  indexInfo: {
    baseKey: <Buffer 05 3e 39 22 a5 e5 ab 25 8a 7d c8 d6 09 7f 09 aa 2f 7b 7c 58 b7 aa 20 1c 02 0d a7 24 8a 6f 5d 89 0d>,
    baseKeyType: 1,
    closed: 1791123107827,
    used: 1791123102528,
    created: 1791123102528,
    remoteIdentityKey: <Buffer 05 3a 55 84 47 39 c0 38 94 bb eb ee 22 28 90 6f 28 2d a4 1e 12 1e c5 b8 4f f7 4e 8b 1f 71 5c cd 27>
  },
  pendingPreKey: {
    signedKeyId: 4106625,
    baseKey: <Buffer 05 3e 39 22 a5 e5 ab 25 8a 7d c8 d6 09 7f 09 aa 2f 7b 7c 58 b7 aa 20 1c 02 0d a7 24 8a 6f 5d 89 0d>,
    preKeyId: 10009765
  }
}
Closing session: SessionEntry {
  _chains: {
    'Baepr+hslOGAG+mOo8a6bIFHU2QSBYc4s4IJONnWdjty': { chainKey: [Object], chainType: 2, messageKeys: {} },
    BVHtYjG8T9a1IePVLpYpb4v7yja1T6SmGnObyhB76dhm: { chainKey: [Object], chainType: 1, messageKeys: {} }
  },
  registrationId: 696180770,
  currentRatchet: {
    ephemeralKeyPair: {
      pubKey: <Buffer 05 51 ed 62 31 bc 4f d6 b5 21 e3 d5 2e 96 29 6f 8b fb ca 36 b5 4f a4 a6 1a 73 9b ca 10 7b e9 d8 66>,
      privKey: <Buffer 28 52 12 7a c0 dd d0 09 19 d5 6f 9a 50 b9 95 ac 66 36 26 e8 bd 7a 29 42 94 43 19 52 15 07 95 5a>
    },
    lastRemoteEphemeralKey: <Buffer 05 a7 a9 af e8 6c 94 e1 80 1b e9 8e a3 c6 ba 6c 81 47 53 64 12 05 87 38 b3 82 09 38 d9 d6 76 3b 72>,
    previousCounter: 0,
    rootKey: <Buffer 59 3a 30 00 aa e4 c9 f5 cc 39 4e 90 f5 18 49 77 5e a0 a8 f4 b2 2b 13 ea fa 9c 46 fd da 04 4a 96>
  },
  indexInfo: {
    baseKey: <Buffer 05 60 b4 48 8b f8 a3 11 c1 db 86 dc 6d 30 dd 65 62 2a c9 0d f2 2f 89 ee 22 e4 16 19 82 08 ac 2d 00>,
    baseKeyType: 2,
    closed: -1,
    used: 1791123483804,
    created: 1791123483804,
    remoteIdentityKey: <Buffer 05 3a 55 84 47 39 c0 38 94 bb eb ee 22 28 90 6f 28 2d a4 1e 12 1e c5 b8 4f f7 4e 8b 1f 71 5c cd 27>
  }
}
Removing old closed session: SessionEntry {
  _chains: {
    'BZzFIIjpJr13oZ6+kpzvmRckqydr6ofrdep0OH4XTtpV': { chainKey: [Object], chainType: 2, messageKeys: [Object] },
    BYITCs8VhuqJ1fuuWAgy2tHfQ9p20cNQ0F6ytz1c0pkN: { chainKey: [Object], chainType: 1, messageKeys: {} }
  },
  registrationId: 696180770,
  currentRatchet: {
    ephemeralKeyPair: {
      pubKey: <Buffer 05 82 13 0a cf 15 86 ea 89 d5 fb ae 58 08 32 da d1 df 43 da 76 d1 c3 50 d0 5e b2 b7 3d 5c d2 99 0d>,
      privKey: <Buffer a8 b2 ca 32 12 49 4b 76 f2 be d7 62 e0 b5 ae f8 20 a7 89 2d b5 e3 d0 d7 c5 ef 45 c1 fb 68 8b 77>
    },
    lastRemoteEphemeralKey: <Buffer 05 9c c5 20 88 e9 26 bd 77 a1 9e be 92 9c ef 99 17 24 ab 27 6b ea 87 eb 75 ea 74 38 7e 17 4e da 55>,
    previousCounter: -1,
    rootKey: <Buffer 4b d0 85 5d b9 dd 41 13 5f bd 2e cb 8e 53 a3 91 ec c6 38 1b 57 f5 dc ba 5d b0 70 c1 54 df 5e cd>
  },
  indexInfo: {
    baseKey: <Buffer 05 0d b3 0d e0 99 c1 a5 e5 fc 41 3e 0b b2 00 81 51 7e 00 22 dd 77 6e 97 27 ea 9a fd cf cb 5b c9 4a>,
    baseKeyType: 1,
    closed: 1791123113132,
    used: 1791123107804,
    created: 1791123107804,
    remoteIdentityKey: <Buffer 05 3a 55 84 47 39 c0 38 94 bb eb ee 22 28 90 6f 28 2d a4 1e 12 1e c5 b8 4f f7 4e 8b 1f 71 5c cd 27>
  },
  pendingPreKey: {
    signedKeyId: 4106625,
    baseKey: <Buffer 05 0d b3 0d e0 99 c1 a5 e5 fc 41 3e 0b b2 00 81 51 7e 00 22 dd 77 6e 97 27 ea 9a fd cf cb 5b c9 4a>,
    preKeyId: 10009870
  }
}
Closing session: SessionEntry {
  _chains: {
    'BYOrtvaGYdz2VWDSch80i9o9YVK+8F43obqVn+iQtgpp': { chainKey: [Object], chainType: 2, messageKeys: {} },
    'BVsMW+c/zYgiTtWZp1nPvkPgb/vfsQgIcLAuiFl9SfRy': { chainKey: [Object], chainType: 1, messageKeys: {} }
  },
  registrationId: 696180770,
  currentRatchet: {
    ephemeralKeyPair: {
      pubKey: <Buffer 05 5b 0c 5b e7 3f cd 88 22 4e d5 99 a7 59 cf be 43 e0 6f fb df b1 08 08 70 b0 2e 88 59 7d 49 f4 72>,
      privKey: <Buffer 48 2d 22 19 7e b9 12 d8 6f 2d 9a 74 4b b8 85 07 11 0c f8 13 56 af df 60 75 6b 5d 01 54 24 3f 6d>
    },
    lastRemoteEphemeralKey: <Buffer 05 83 ab b6 f6 86 61 dc f6 55 60 d2 72 1f 34 8b da 3d 61 52 be f0 5e 37 a1 ba 95 9f e8 90 b6 0a 69>,
    previousCounter: 0,
    rootKey: <Buffer 6c 08 fb 52 2e fc a0 95 26 26 24 fe c9 d5 23 11 3b e9 78 2b b7 9a 6e 6e 2d 4f 21 e4 91 e2 ec cf>
  },
  indexInfo: {
    baseKey: <Buffer 05 08 73 5b 8e 72 eb cd bf c2 5e 1c ee 19 1e c4 25 ce f8 4e 25 93 2d 99 73 bc 45 1c 0c 0f bb 82 01>,
    baseKeyType: 2,
    closed: -1,
    used: 1791123484168,
    created: 1791123484168,
    remoteIdentityKey: <Buffer 05 3a 55 84 47 39 c0 38 94 bb eb ee 22 28 90 6f 28 2d a4 1e 12 1e c5 b8 4f f7 4e 8b 1f 71 5c cd 27>
  }
}
Removing old closed session: SessionEntry {
  _chains: {
    'BZzFIIjpJr13oZ6+kpzvmRckqydr6ofrdep0OH4XTtpV': { chainKey: [Object], chainType: 2, messageKeys: [Object] },
    'BQBjm5EuL4t8hI8MjJpa+YbjBO3brmZgRfY5G/meR95a': { chainKey: [Object], chainType: 1, messageKeys: {} }
  },
  registrationId: 696180770,
  currentRatchet: {
    ephemeralKeyPair: {
      pubKey: <Buffer 05 00 63 9b 91 2e 2f 8b 7c 84 8f 0c 8c 9a 5a f9 86 e3 04 ed db ae 66 60 45 f6 39 1b f9 9e 47 de 5a>,
      privKey: <Buffer a8 1f 76 bc ef 3a 08 ae 1d ce 5b b1 64 e8 af 59 be 01 cd ac 83 8c 58 67 e5 e4 f5 ed a3 94 51 51>
    },
    lastRemoteEphemeralKey: <Buffer 05 9c c5 20 88 e9 26 bd 77 a1 9e be 92 9c ef 99 17 24 ab 27 6b ea 87 eb 75 ea 74 38 7e 17 4e da 55>,
    previousCounter: -1,
    rootKey: <Buffer 85 94 87 fc c4 24 ff 17 6f 26 3c 12 1c 67 56 26 2f 33 0d 2f 15 ff b6 09 3e de 58 a6 a7 de 06 81>
  },
  indexInfo: {
    baseKey: <Buffer 05 61 e7 e5 e0 58 b9 e1 07 70 a9 c9 66 13 e8 db 9a c6 87 a6 87 07 e6 5d c3 7f cb e6 dd ad 0c 6e 4d>,
    baseKeyType: 1,
    closed: 1791123118401,
    used: 1791123113114,
    created: 1791123113114,
    remoteIdentityKey: <Buffer 05 3a 55 84 47 39 c0 38 94 bb eb ee 22 28 90 6f 28 2d a4 1e 12 1e c5 b8 4f f7 4e 8b 1f 71 5c cd 27>
  },
  pendingPreKey: {
    signedKeyId: 4106625,
    baseKey: <Buffer 05 61 e7 e5 e0 58 b9 e1 07 70 a9 c9 66 13 e8 db 9a c6 87 a6 87 07 e6 5d c3 7f cb e6 dd ad 0c 6e 4d>,
    preKeyId: 10009619
  }
}
Closing session: SessionEntry {
  _chains: {
    'BQOwpt7Ekf5Ps7wxDme1wCgB2wMg9LSiIPfdKd4/BEFB': { chainKey: [Object], chainType: 1, messageKeys: {} }
  },
  registrationId: 696180770,
  currentRatchet: {
    ephemeralKeyPair: {
      pubKey: <Buffer 05 03 b0 a6 de c4 91 fe 4f b3 bc 31 0e 67 b5 c0 28 01 db 03 20 f4 b4 a2 20 f7 dd 29 de 3f 04 41 41>,
      privKey: <Buffer c8 a5 87 42 d3 b6 8a 4f aa b4 1a 3e 53 ca da 4a bc 82 6f 83 73 25 d1 82 75 d8 0c 7d fa 68 87 76>
    },
    lastRemoteEphemeralKey: <Buffer 05 97 52 90 47 b7 16 a2 db 3c 51 74 ff 67 32 0f c8 0e 7d b9 3c 55 aa 97 d6 d9 6a 08 2e c6 de a3 06>,
    previousCounter: 0,
    rootKey: <Buffer fb 06 fe 22 22 31 10 a0 12 01 67 0e 6a fc 16 4a 79 f5 93 eb 8d 3c ed ee 14 78 09 24 d6 4b 90 db>
  },
  indexInfo: {
    baseKey: <Buffer 05 71 86 51 a6 80 53 6a 39 23 10 66 b9 1a 99 a7 bb f8 8e 52 05 bb 78 85 e8 72 eb 80 d1 d6 c9 25 10>,
    baseKeyType: 1,
    closed: -1,
    used: 1791123489714,
    created: 1791123489714,
    remoteIdentityKey: <Buffer 05 3a 55 84 47 39 c0 38 94 bb eb ee 22 28 90 6f 28 2d a4 1e 12 1e c5 b8 4f f7 4e 8b 1f 71 5c cd 27>
  },
  pendingPreKey: {
    signedKeyId: 4106625,
    baseKey: <Buffer 05 71 86 51 a6 80 53 6a 39 23 10 66 b9 1a 99 a7 bb f8 8e 52 05 bb 78 85 e8 72 eb 80 d1 d6 c9 25 10>,
    preKeyId: 10009843
  }
}
Removing old closed session: SessionEntry {
  _chains: {
    'BZzFIIjpJr13oZ6+kpzvmRckqydr6ofrdep0OH4XTtpV': { chainKey: [Object], chainType: 2, messageKeys: [Object] },
    'BT6NNNoWYJ+hoNZJWBY0ZbPShRaAWxQAkfUTwRxbbaZV': { chainKey: [Object], chainType: 1, messageKeys: {} }
  },
  registrationId: 696180770,
  currentRatchet: {
    ephemeralKeyPair: {
      pubKey: <Buffer 05 3e 8d 34 da 16 60 9f a1 a0 d6 49 58 16 34 65 b3 d2 85 16 80 5b 14 00 91 f5 13 c1 1c 5b 6d a6 55>,
      privKey: <Buffer e8 31 e1 da c0 c7 af 35 49 79 44 3f ee eb 93 25 6a 94 0e e8 df 6e 7a 33 bc 50 c2 c3 6b a9 17 4a>
    },
    lastRemoteEphemeralKey: <Buffer 05 9c c5 20 88 e9 26 bd 77 a1 9e be 92 9c ef 99 17 24 ab 27 6b ea 87 eb 75 ea 74 38 7e 17 4e da 55>,
    previousCounter: -1,
    rootKey: <Buffer 97 46 ee 5b 5f ba 4d 2b 03 b9 30 3c 5b 19 26 0b 8b e7 c1 83 fe 9e 73 e6 97 4a 26 ed 2f bb 24 19>
  },
  indexInfo: {
    baseKey: <Buffer 05 fc 80 4a 38 b6 8f a6 32 9a b9 cf c9 d7 1d 61 c2 72 c4 59 e8 39 fe 8f 1b 15 19 94 ea 79 73 4e 7a>,
    baseKeyType: 1,
    closed: 1791123123680,
    used: 1791123118376,
    created: 1791123118376,
    remoteIdentityKey: <Buffer 05 3a 55 84 47 39 c0 38 94 bb eb ee 22 28 90 6f 28 2d a4 1e 12 1e c5 b8 4f f7 4e 8b 1f 71 5c cd 27>
  },
  pendingPreKey: {
    signedKeyId: 4106625,
    baseKey: <Buffer 05 fc 80 4a 38 b6 8f a6 32 9a b9 cf c9 d7 1d 61 c2 72 c4 59 e8 39 fe 8f 1b 15 19 94 ea 79 73 4e 7a>,
    preKeyId: 10009796
  }
}
Closing session: SessionEntry {
  _chains: {
    'BUlAC9/ivMVBfJ2lTm47qXhge2u5sAAyhSDvkmIcaiMD': { chainKey: [Object], chainType: 1, messageKeys: {} }
  },
  registrationId: 696180770,
  currentRatchet: {
    ephemeralKeyPair: {
      pubKey: <Buffer 05 49 40 0b df e2 bc c5 41 7c 9d a5 4e 6e 3b a9 78 60 7b 6b b9 b0 00 32 85 20 ef 92 62 1c 6a 23 03>,
      privKey: <Buffer a8 98 4e 62 f6 0b c8 1c 60 36 cc cb a7 e6 70 ae 11 37 8c 57 2c ff 87 cf 28 cf 9e 9b 0c 85 e3 53>
    },
    lastRemoteEphemeralKey: <Buffer 05 97 52 90 47 b7 16 a2 db 3c 51 74 ff 67 32 0f c8 0e 7d b9 3c 55 aa 97 d6 d9 6a 08 2e c6 de a3 06>,
    previousCounter: 0,
    rootKey: <Buffer d9 71 ca ee 9c da e8 86 3a cc 93 2d 21 7a c9 c2 4e 37 a9 db f2 a6 7b 88 79 c9 4b e2 3f 9d f5 1f>
  },
  indexInfo: {
    baseKey: <Buffer 05 77 a6 9d 61 5b 98 8c 4a 91 25 6f e9 a5 df 56 b1 68 ff bf 93 77 19 cb b1 58 9d d8 80 51 48 b3 73>,
    baseKeyType: 1,
    closed: -1,
    used: 1791123494972,
    created: 1791123494972,
    remoteIdentityKey: <Buffer 05 3a 55 84 47 39 c0 38 94 bb eb ee 22 28 90 6f 28 2d a4 1e 12 1e c5 b8 4f f7 4e 8b 1f 71 5c cd 27>
  },
  pendingPreKey: {
    signedKeyId: 4106625,
    baseKey: <Buffer 05 77 a6 9d 61 5b 98 8c 4a 91 25 6f e9 a5 df 56 b1 68 ff bf 93 77 19 cb b1 58 9d d8 80 51 48 b3 73>,
    preKeyId: 10009790
  }
}
Removing old closed session: SessionEntry {
  _chains: {
    'BZzFIIjpJr13oZ6+kpzvmRckqydr6ofrdep0OH4XTtpV': { chainKey: [Object], chainType: 2, messageKeys: [Object] },
    Bf4z8D1mIF44g3WGT49RfYDzNlZXZ52R7oh8tWcbgoZj: { chainKey: [Object], chainType: 1, messageKeys: {} }
  },
  registrationId: 696180770,
  currentRatchet: {
    ephemeralKeyPair: {
      pubKey: <Buffer 05 fe 33 f0 3d 66 20 5e 38 83 75 86 4f 8f 51 7d 80 f3 36 56 57 67 9d 91 ee 88 7c b5 67 1b 82 86 63>,
      privKey: <Buffer e0 56 cb 5d f8 c2 47 2d 85 51 9c 47 20 dc fb 4a a9 5c 03 84 4c f7 05 06 d2 67 e2 74 65 1b fa 79>
    },
    lastRemoteEphemeralKey: <Buffer 05 9c c5 20 88 e9 26 bd 77 a1 9e be 92 9c ef 99 17 24 ab 27 6b ea 87 eb 75 ea 74 38 7e 17 4e da 55>,
    previousCounter: -1,
    rootKey: <Buffer 7f d0 9b 28 95 a5 1b 16 52 b1 0c b3 dd 02 e3 33 b6 58 53 e5 b7 4b 56 80 c3 30 81 b5 b3 ef 2b 15>
  },
  indexInfo: {
    baseKey: <Buffer 05 87 b8 0f ef 48 0c da 0c 3a 3a e9 fb 0e 1f ba 1f a5 85 ca 00 03 4b 05 2b c7 c8 ac bc e2 07 36 12>,
    baseKeyType: 1,
    closed: 1791123128963,
    used: 1791123123652,
    created: 1791123123652,
    remoteIdentityKey: <Buffer 05 3a 55 84 47 39 c0 38 94 bb eb ee 22 28 90 6f 28 2d a4 1e 12 1e c5 b8 4f f7 4e 8b 1f 71 5c cd 27>
  },
  pendingPreKey: {
    signedKeyId: 4106625,
    baseKey: <Buffer 05 87 b8 0f ef 48 0c da 0c 3a 3a e9 fb 0e 1f ba 1f a5 85 ca 00 03 4b 05 2b c7 c8 ac bc e2 07 36 12>,
    preKeyId: 10009729
  }
}
Closing session: SessionEntry {
  _chains: {
    'Be9JD/Rm5QdNWxZubd9P2DWVGmeni8Kzo4vzCL1UM6JB': { chainKey: [Object], chainType: 1, messageKeys: {} }
  },
  registrationId: 696180770,
  currentRatchet: {
    ephemeralKeyPair: {
      pubKey: <Buffer 05 ef 49 0f f4 66 e5 07 4d 5b 16 6e 6d df 4f d8 35 95 1a 67 a7 8b c2 b3 a3 8b f3 08 bd 54 33 a2 41>,
      privKey: <Buffer 10 45 b3 f8 4b db 48 98 c6 ee 7d bc d5 50 3c 3c d4 31 48 26 b0 a7 0a 5c 3a dc ec 5a 5d 92 57 71>
    },
    lastRemoteEphemeralKey: <Buffer 05 97 52 90 47 b7 16 a2 db 3c 51 74 ff 67 32 0f c8 0e 7d b9 3c 55 aa 97 d6 d9 6a 08 2e c6 de a3 06>,
    previousCounter: 0,
    rootKey: <Buffer c6 c4 da 8e 32 19 21 ca 9f e2 08 ae 8b ba b7 78 41 80 6a da e3 28 6b aa ac f5 37 98 86 27 14 48>
  },
  indexInfo: {
    baseKey: <Buffer 05 2d dd cf 9e 25 d9 d0 0f b7 a2 fe 43 0f 17 a7 e2 68 03 9c c4 98 30 8c 41 8b 70 da 6e 7c 53 fc 50>,
    baseKeyType: 1,
    closed: -1,
    used: 1791123500247,
    created: 1791123500247,
    remoteIdentityKey: <Buffer 05 3a 55 84 47 39 c0 38 94 bb eb ee 22 28 90 6f 28 2d a4 1e 12 1e c5 b8 4f f7 4e 8b 1f 71 5c cd 27>
  },
  pendingPreKey: {
    signedKeyId: 4106625,
    baseKey: <Buffer 05 2d dd cf 9e 25 d9 d0 0f b7 a2 fe 43 0f 17 a7 e2 68 03 9c c4 98 30 8c 41 8b 70 da 6e 7c 53 fc 50>,
    preKeyId: 10009696
  }
}
Removing old closed session: SessionEntry {
  _chains: {
    'BZzFIIjpJr13oZ6+kpzvmRckqydr6ofrdep0OH4XTtpV': { chainKey: [Object], chainType: 2, messageKeys: [Object] },
    'BX3eRzXKC+Qbwi8FH09I4scrkD0lHFyt7HimZx/pEihg': { chainKey: [Object], chainType: 1, messageKeys: {} }
  },
  registrationId: 696180770,
  currentRatchet: {
    ephemeralKeyPair: {
      pubKey: <Buffer 05 7d de 47 35 ca 0b e4 1b c2 2f 05 1f 4f 48 e2 c7 2b 90 3d 25 1c 5c ad ec 78 a6 67 1f e9 12 28 60>,
      privKey: <Buffer 20 cb 3f 85 50 ee 1f 0f b3 49 6e f6 a4 7b d5 08 3f 3c 28 c7 00 5d 6b ee 59 02 05 6c 85 46 0c 50>
    },
    lastRemoteEphemeralKey: <Buffer 05 9c c5 20 88 e9 26 bd 77 a1 9e be 92 9c ef 99 17 24 ab 27 6b ea 87 eb 75 ea 74 38 7e 17 4e da 55>,
    previousCounter: -1,
    rootKey: <Buffer 53 ce 62 58 fa 80 20 e3 2c ac 1d 68 42 1a 81 ec 44 d4 91 e0 2e 00 57 ee b4 6b b8 a5 ed ed 39 20>
  },
  indexInfo: {
    baseKey: <Buffer 05 83 84 b8 5e ca bc aa f9 41 76 47 4d 15 96 f9 31 e7 5a ab f6 81 04 3f 9e 64 e9 52 2d a9 70 0a 67>,
    baseKeyType: 1,
    closed: 1791123134265,
    used: 1791123128942,
    created: 1791123128942,
    remoteIdentityKey: <Buffer 05 3a 55 84 47 39 c0 38 94 bb eb ee 22 28 90 6f 28 2d a4 1e 12 1e c5 b8 4f f7 4e 8b 1f 71 5c cd 27>
  },
  pendingPreKey: {
    signedKeyId: 4106625,
    baseKey: <Buffer 05 83 84 b8 5e ca bc aa f9 41 76 47 4d 15 96 f9 31 e7 5a ab f6 81 04 3f 9e 64 e9 52 2d a9 70 0a 67>,
    preKeyId: 10009799
  }
}
Closing session: SessionEntry {
  _chains: {
    'BZhDCEV2xuFjWrmfGRsFYMWD5RrtyfN7AMReCQI/YxNe': { chainKey: [Object], chainType: 2, messageKeys: {} },
    'BZpmmSrAQQ6XXuVlW/yh6US5J9gUbpRwjyWLMlmB8SVA': { chainKey: [Object], chainType: 1, messageKeys: {} }
  },
  registrationId: 696180770,
  currentRatchet: {
    ephemeralKeyPair: {
      pubKey: <Buffer 05 9a 66 99 2a c0 41 0e 97 5e e5 65 5b fc a1 e9 44 b9 27 d8 14 6e 94 70 8f 25 8b 32 59 81 f1 25 40>,
      privKey: <Buffer 30 3a 5d c1 12 29 64 0f 91 31 2a e0 47 7a 7c 47 b3 42 12 5d d3 b5 dc 4d 82 54 f1 60 e9 28 bb 7e>
    },
    lastRemoteEphemeralKey: <Buffer 05 98 43 08 45 76 c6 e1 63 5a b9 9f 19 1b 05 60 c5 83 e5 1a ed c9 f3 7b 00 c4 5e 09 02 3f 63 13 5e>,
    previousCounter: 0,
    rootKey: <Buffer 1b eb cc d0 1c 6a f2 fd 26 e2 ef 8a 31 ef da 65 ce 94 98 3a 7f 2b 5f 1e 2a 15 1a 0c 9f 19 10 66>
  },
  indexInfo: {
    baseKey: <Buffer 05 38 b4 c7 f0 8c c6 b0 0b bb 6f 5a cf d8 74 3d 5f ce 98 92 6a 02 42 b8 09 00 a6 d2 a4 a6 11 97 12>,
    baseKeyType: 2,
    closed: -1,
    used: 1791123500309,
    created: 1791123500309,
    remoteIdentityKey: <Buffer 05 3a 55 84 47 39 c0 38 94 bb eb ee 22 28 90 6f 28 2d a4 1e 12 1e c5 b8 4f f7 4e 8b 1f 71 5c cd 27>
  }
}
Removing old closed session: SessionEntry {
  _chains: {
    'BZzFIIjpJr13oZ6+kpzvmRckqydr6ofrdep0OH4XTtpV': { chainKey: [Object], chainType: 2, messageKeys: [Object] },
    BeGfs4He2oI6O3jpc7xWQWoOvTF430RdScgD0u930hM5: { chainKey: [Object], chainType: 1, messageKeys: {} }
  },
  registrationId: 696180770,
  currentRatchet: {
    ephemeralKeyPair: {
      pubKey: <Buffer 05 e1 9f b3 81 de da 82 3a 3b 78 e9 73 bc 56 41 6a 0e bd 31 78 df 44 5d 49 c8 03 d2 ef 77 d2 13 39>,
      privKey: <Buffer 98 e8 ce ee 40 89 c5 63 88 11 bf 28 a0 f7 50 8f 4e 9b 2e d0 db 3c 9d da cb ea 64 0f c2 f7 02 6f>
    },
    lastRemoteEphemeralKey: <Buffer 05 9c c5 20 88 e9 26 bd 77 a1 9e be 92 9c ef 99 17 24 ab 27 6b ea 87 eb 75 ea 74 38 7e 17 4e da 55>,
    previousCounter: -1,
    rootKey: <Buffer c8 c5 5d 59 58 c0 c4 94 e0 7e 68 87 f2 38 c7 98 de cf 07 83 22 16 d9 00 84 85 ec 07 a5 bf 23 e5>
  },
  indexInfo: {
    baseKey: <Buffer 05 48 8a 74 e9 2b c5 e1 f8 11 0c ec 2b 8a 3c 3d 6e 3a d8 a0 90 6c bb cd 3d 8c 57 e6 23 b1 65 15 18>,
    baseKeyType: 1,
    closed: 1791123270873,
    used: 1791123134237,
    created: 1791123134237,
    remoteIdentityKey: <Buffer 05 3a 55 84 47 39 c0 38 94 bb eb ee 22 28 90 6f 28 2d a4 1e 12 1e c5 b8 4f f7 4e 8b 1f 71 5c cd 27>
  },
  pendingPreKey: {
    signedKeyId: 4106625,
    baseKey: <Buffer 05 48 8a 74 e9 2b c5 e1 f8 11 0c ec 2b 8a 3c 3d 6e 3a d8 a0 90 6c bb cd 3d 8c 57 e6 23 b1 65 15 18>,
    preKeyId: 10009634
  }
}
Closing session: SessionEntry {
  _chains: {
    'Ba6wqARq9Z5ENZmLvtI4MAfi6nyZmjPeIuk/X7+7j2kT': { chainKey: [Object], chainType: 2, messageKeys: {} },
    BTbhFZAsaFyPbAvC7qY1mDfbjaX8jTDu9tqidCE9pTZm: { chainKey: [Object], chainType: 1, messageKeys: {} }
  },
  registrationId: 696180770,
  currentRatchet: {
    ephemeralKeyPair: {
      pubKey: <Buffer 05 36 e1 15 90 2c 68 5c 8f 6c 0b c2 ee a6 35 98 37 db 8d a5 fc 8d 30 ee f6 da a2 74 21 3d a5 36 66>,
      privKey: <Buffer 40 cb c8 b0 de 21 55 5e c8 15 ca cf 24 39 09 e1 78 2a 95 b1 0f 9c 63 1c 9c eb 8d 21 d3 a0 43 63>
    },
    lastRemoteEphemeralKey: <Buffer 05 ae b0 a8 04 6a f5 9e 44 35 99 8b be d2 38 30 07 e2 ea 7c 99 9a 33 de 22 e9 3f 5f bf bb 8f 69 13>,
    previousCounter: 0,
    rootKey: <Buffer bc 30 da 8e 70 91 0e 7b 74 ed 48 ce 14 04 68 2a 83 7c 8a d8 c1 61 c4 50 d9 f8 db 8f 2a 79 dd e7>
  },
  indexInfo: {
    baseKey: <Buffer 05 be ba ee b7 57 ef a7 9c 29 9f 16 10 fc ea 79 d4 5c fb 07 1f 44 0c ec 7f ac ec 17 6f ec a8 13 0e>,
    baseKeyType: 2,
    closed: -1,
    used: 1791123500562,
    created: 1791123500562,
    remoteIdentityKey: <Buffer 05 3a 55 84 47 39 c0 38 94 bb eb ee 22 28 90 6f 28 2d a4 1e 12 1e c5 b8 4f f7 4e 8b 1f 71 5c cd 27>
  }
}
Removing old closed session: SessionEntry {
  _chains: {
    'BZzFIIjpJr13oZ6+kpzvmRckqydr6ofrdep0OH4XTtpV': { chainKey: [Object], chainType: 2, messageKeys: [Object] },
    'BaJ28nK0JDXE/kR8hVQ3JA/PF4aodpTtBkq8W/vblRAD': { chainKey: [Object], chainType: 1, messageKeys: {} }
  },
  registrationId: 696180770,
  currentRatchet: {
    ephemeralKeyPair: {
      pubKey: <Buffer 05 a2 76 f2 72 b4 24 35 c4 fe 44 7c 85 54 37 24 0f cf 17 86 a8 76 94 ed 06 4a bc 5b fb db 95 10 03>,
      privKey: <Buffer 78 9b 02 b9 56 58 7b 6a 02 b2 a3 2e e7 da 9a 2b 73 02 2b 0f c2 6e 42 0c e3 7c ac b2 5e 3c d4 4d>
    },
    lastRemoteEphemeralKey: <Buffer 05 9c c5 20 88 e9 26 bd 77 a1 9e be 92 9c ef 99 17 24 ab 27 6b ea 87 eb 75 ea 74 38 7e 17 4e da 55>,
    previousCounter: -1,
    rootKey: <Buffer 87 1b ed 07 f3 e2 35 92 ad f7 13 3f 5d 4b ce af 87 7d d1 83 5c 44 22 b6 f0 51 2e 99 d0 2f 41 2e>
  },
  indexInfo: {
    baseKey: <Buffer 05 bb 7d e3 4f ab 77 6d 14 e6 bf 4e ab e1 6b 7f a6 ef 9b 73 83 7f 20 b1 4b 6f 60 7c 79 2e 70 73 2d>,
    baseKeyType: 1,
    closed: 1791123276141,
    used: 1791123270857,
    created: 1791123270857,
    remoteIdentityKey: <Buffer 05 3a 55 84 47 39 c0 38 94 bb eb ee 22 28 90 6f 28 2d a4 1e 12 1e c5 b8 4f f7 4e 8b 1f 71 5c cd 27>
  },
  pendingPreKey: {
    signedKeyId: 4106625,
    baseKey: <Buffer 05 bb 7d e3 4f ab 77 6d 14 e6 bf 4e ab e1 6b 7f a6 ef 9b 73 83 7f 20 b1 4b 6f 60 7c 79 2e 70 73 2d>,
    preKeyId: 10009662
  }
}
Closing session: SessionEntry {
  _chains: {
    'BXy5VZP2+cOnGxtJO0noFH50s7K2ffEExz4qZWnfQXUy': { chainKey: [Object], chainType: 2, messageKeys: {} },
    'BTqNWXaf7dd2c9M/wCW8d+l/9QLrX5geeZ4IW9113S8a': { chainKey: [Object], chainType: 1, messageKeys: {} }
  },
  registrationId: 696180770,
  currentRatchet: {
    ephemeralKeyPair: {
      pubKey: <Buffer 05 3a 8d 59 76 9f ed d7 76 73 d3 3f c0 25 bc 77 e9 7f f5 02 eb 5f 98 1e 79 9e 08 5b dd 75 dd 2f 1a>,
      privKey: <Buffer 60 83 c9 68 76 d1 5f 7d c0 2e 7f ce 94 ce 00 18 96 89 a6 e9 46 29 df c8 86 b3 e5 b6 ca 5a 9f 57>
    },
    lastRemoteEphemeralKey: <Buffer 05 7c b9 55 93 f6 f9 c3 a7 1b 1b 49 3b 49 e8 14 7e 74 b3 b2 b6 7d f1 04 c7 3e 2a 65 69 df 41 75 32>,
    previousCounter: 0,
    rootKey: <Buffer e6 74 71 07 f2 90 94 1e c6 d9 e0 8e 60 91 6e 2a c5 3f ea a8 96 51 02 8e 96 bb 28 0b 62 e8 ec 20>
  },
  indexInfo: {
    baseKey: <Buffer 05 67 54 a4 39 2c 2f 56 6f cc d8 f9 91 ef e0 9c 42 45 ae dc 37 a8 b7 ce 5c d7 34 73 27 38 6f c2 7c>,
    baseKeyType: 2,
    closed: -1,
    used: 1791123500848,
    created: 1791123500848,
    remoteIdentityKey: <Buffer 05 3a 55 84 47 39 c0 38 94 bb eb ee 22 28 90 6f 28 2d a4 1e 12 1e c5 b8 4f f7 4e 8b 1f 71 5c cd 27>
  }
}
Removing old closed session: SessionEntry {
  _chains: {
    'BZzFIIjpJr13oZ6+kpzvmRckqydr6ofrdep0OH4XTtpV': { chainKey: [Object], chainType: 2, messageKeys: [Object] },
    BUCssElwo2lNtphfYFaqOZSsQZBGhgZM1FXmaxvmU6kh: { chainKey: [Object], chainType: 1, messageKeys: {} }
  },
  registrationId: 696180770,
  currentRatchet: {
    ephemeralKeyPair: {
      pubKey: <Buffer 05 40 ac b0 49 70 a3 69 4d b6 98 5f 60 56 aa 39 94 ac 41 90 46 86 06 4c d4 55 e6 6b 1b e6 53 a9 21>,
      privKey: <Buffer 60 f6 64 c0 39 1a ca db d8 18 9f 84 e4 29 e1 12 3d 7d a1 43 28 aa 2e c0 ea 55 22 5e 2f eb 59 69>
    },
    lastRemoteEphemeralKey: <Buffer 05 9c c5 20 88 e9 26 bd 77 a1 9e be 92 9c ef 99 17 24 ab 27 6b ea 87 eb 75 ea 74 38 7e 17 4e da 55>,
    previousCounter: -1,
    rootKey: <Buffer da 3a a2 26 48 cc f9 bb 8f 9e f0 b2 d0 d0 7e 5d e8 d5 1a ce 85 13 c3 f3 fd bd 18 50 14 53 89 29>
  },
  indexInfo: {
    baseKey: <Buffer 05 99 ea e5 50 75 9d bf 73 e3 68 73 93 8e 1e fc 75 66 c7 88 79 e7 87 70 b8 2c 6e 19 83 a4 aa 16 4a>,
    baseKeyType: 1,
    closed: 1791123281383,
    used: 1791123276114,
    created: 1791123276114,
    remoteIdentityKey: <Buffer 05 3a 55 84 47 39 c0 38 94 bb eb ee 22 28 90 6f 28 2d a4 1e 12 1e c5 b8 4f f7 4e 8b 1f 71 5c cd 27>
  },
  pendingPreKey: {
    signedKeyId: 4106625,
    baseKey: <Buffer 05 99 ea e5 50 75 9d bf 73 e3 68 73 93 8e 1e fc 75 66 c7 88 79 e7 87 70 b8 2c 6e 19 83 a4 aa 16 4a>,
    preKeyId: 10009586
  }
}
Closing session: SessionEntry {
  _chains: {
    BW0EW5VIbnkpuIlUYZFbtR9hV7xzpdCGY2QYgVVmxRdN: { chainKey: [Object], chainType: 2, messageKeys: {} },
    'BehoLME5zfnKmpG7PnwLYxrDIkG6188/xurPr9/guOEg': { chainKey: [Object], chainType: 1, messageKeys: {} }
  },
  registrationId: 696180770,
  currentRatchet: {
    ephemeralKeyPair: {
      pubKey: <Buffer 05 e8 68 2c c1 39 cd f9 ca 9a 91 bb 3e 7c 0b 63 1a c3 22 41 ba d7 cf 3f c6 ea cf af df e0 b8 e1 20>,
      privKey: <Buffer b8 4f 09 15 77 f4 40 bf e4 b2 99 52 71 dd f2 88 b4 52 84 01 ba e7 65 73 52 8e 65 38 72 37 c6 4a>
    },
    lastRemoteEphemeralKey: <Buffer 05 6d 04 5b 95 48 6e 79 29 b8 89 54 61 91 5b b5 1f 61 57 bc 73 a5 d0 86 63 64 18 81 55 66 c5 17 4d>,
    previousCounter: 0,
    rootKey: <Buffer 13 d7 ce 19 37 23 42 33 e3 81 57 94 c6 a5 12 cd 8b 90 12 48 5e b1 9f bd 73 fe 18 d5 c9 cd 0b 59>
  },
  indexInfo: {
    baseKey: <Buffer 05 d1 8f 9c ef a5 66 52 5b a7 43 bf bf 84 7d c1 7f 2f cf 1b aa ac d7 3f 31 50 9e de ee f1 53 e2 71>,
    baseKeyType: 2,
    closed: -1,
    used: 1791123501067,
    created: 1791123501067,
    remoteIdentityKey: <Buffer 05 3a 55 84 47 39 c0 38 94 bb eb ee 22 28 90 6f 28 2d a4 1e 12 1e c5 b8 4f f7 4e 8b 1f 71 5c cd 27>
  }
}
Removing old closed session: SessionEntry {
  _chains: {
    'BZzFIIjpJr13oZ6+kpzvmRckqydr6ofrdep0OH4XTtpV': { chainKey: [Object], chainType: 2, messageKeys: [Object] },
    'BQvRwvh8/tPh4NHqq0McZOsH3ND6sIVGyZQeDyUa7J83': { chainKey: [Object], chainType: 1, messageKeys: {} }
  },
  registrationId: 696180770,
  currentRatchet: {
    ephemeralKeyPair: {
      pubKey: <Buffer 05 0b d1 c2 f8 7c fe d3 e1 e0 d1 ea ab 43 1c 64 eb 07 dc d0 fa b0 85 46 c9 94 1e 0f 25 1a ec 9f 37>,
      privKey: <Buffer f0 ef 1d 49 ef 96 71 41 ba 35 d8 e1 ff 07 93 7d 44 5a b9 ec 2d 1a 0d 1a 08 26 93 0c 8e f7 bc 71>
    },
    lastRemoteEphemeralKey: <Buffer 05 9c c5 20 88 e9 26 bd 77 a1 9e be 92 9c ef 99 17 24 ab 27 6b ea 87 eb 75 ea 74 38 7e 17 4e da 55>,
    previousCounter: -1,
    rootKey: <Buffer 9f c7 d4 7c 95 c0 9e 5d f3 fb 23 2f ed b4 0b 3f c8 5c 02 34 cb af da aa 22 a7 9f cf 72 e9 35 74>
  },
  indexInfo: {
    baseKey: <Buffer 05 70 e1 9a c6 8f dd 0a 2a a3 d9 e3 ca f9 3f 3d f3 31 3a 78 ed 25 70 b3 d8 24 a1 99 1e 04 13 ed 45>,
    baseKeyType: 1,
    closed: 1791123286745,
    used: 1791123281362,
    created: 1791123281362,
    remoteIdentityKey: <Buffer 05 3a 55 84 47 39 c0 38 94 bb eb ee 22 28 90 6f 28 2d a4 1e 12 1e c5 b8 4f f7 4e 8b 1f 71 5c cd 27>
  },
  pendingPreKey: {
    signedKeyId: 4106625,
    baseKey: <Buffer 05 70 e1 9a c6 8f dd 0a 2a a3 d9 e3 ca f9 3f 3d f3 31 3a 78 ed 25 70 b3 d8 24 a1 99 1e 04 13 ed 45>,
    preKeyId: 10009583
  }
}
Closing session: SessionEntry {
  _chains: {
    BXfH1avG0sUlBvOa7VZbd61tNIBzSeevc2ZMotvFXyZG: { chainKey: [Object], chainType: 2, messageKeys: {} },
    'BVn/4e0NGz/xCiAUWUOhhXwwsSembPgqBI87x1mP+q0M': { chainKey: [Object], chainType: 1, messageKeys: {} }
  },
  registrationId: 696180770,
  currentRatchet: {
    ephemeralKeyPair: {
      pubKey: <Buffer 05 59 ff e1 ed 0d 1b 3f f1 0a 20 14 59 43 a1 85 7c 30 b1 27 a6 6c f8 2a 04 8f 3b c7 59 8f fa ad 0c>,
      privKey: <Buffer 50 64 2c c9 cb b3 7f 1b 6c b0 1b 3b a6 47 63 1a 7f b6 07 7f c5 fd f9 38 1d b0 68 b2 a0 f1 ab 40>
    },
    lastRemoteEphemeralKey: <Buffer 05 77 c7 d5 ab c6 d2 c5 25 06 f3 9a ed 56 5b 77 ad 6d 34 80 73 49 e7 af 73 66 4c a2 db c5 5f 26 46>,
    previousCounter: 0,
    rootKey: <Buffer c2 b5 96 00 d8 87 97 e7 35 9d 6f b9 ff f0 fd 04 63 74 8b 1c 1b c3 4f 07 6e a7 e7 3e 58 af 86 bc>
  },
  indexInfo: {
    baseKey: <Buffer 05 21 f9 05 ef b2 0f 01 31 50 9a 63 2c 53 22 26 0c 91 3d 10 18 5a 9d 9f 6e d6 69 b2 d3 9b eb 82 61>,
    baseKeyType: 2,
    closed: -1,
    used: 1791123501312,
    created: 1791123501312,
    remoteIdentityKey: <Buffer 05 3a 55 84 47 39 c0 38 94 bb eb ee 22 28 90 6f 28 2d a4 1e 12 1e c5 b8 4f f7 4e 8b 1f 71 5c cd 27>
  }
}
Removing old closed session: SessionEntry {
  _chains: {
    'BZzFIIjpJr13oZ6+kpzvmRckqydr6ofrdep0OH4XTtpV': { chainKey: [Object], chainType: 2, messageKeys: [Object] },
    'BauDiXfe1/cKxCJBNsnjiBJdWl+AxY9G2XPDMkqiYr8Z': { chainKey: [Object], chainType: 1, messageKeys: {} }
  },
  registrationId: 696180770,
  currentRatchet: {
    ephemeralKeyPair: {
      pubKey: <Buffer 05 ab 83 89 77 de d7 f7 0a c4 22 41 36 c9 e3 88 12 5d 5a 5f 80 c5 8f 46 d9 73 c3 32 4a a2 62 bf 19>,
      privKey: <Buffer b8 df 83 bd 6d 30 f9 6c 3a ba 3a f3 66 eb 37 56 c8 53 01 26 f2 08 9b 62 0b 12 ba f5 0b 1a 6e 41>
    },
    lastRemoteEphemeralKey: <Buffer 05 9c c5 20 88 e9 26 bd 77 a1 9e be 92 9c ef 99 17 24 ab 27 6b ea 87 eb 75 ea 74 38 7e 17 4e da 55>,
    previousCounter: -1,
    rootKey: <Buffer 56 03 a4 7d ab 98 ea e3 6a c2 01 c0 13 0e c6 06 bf a6 11 83 60 2e e2 3e 5d ce 4c 1f ab 5a 12 c3>
  },
  indexInfo: {
    baseKey: <Buffer 05 82 8e 7a 90 53 c4 e5 4f 84 40 e0 98 0f b3 50 26 2c 22 df fe 08 5c cd 56 a6 69 51 42 8c 17 98 10>,
    baseKeyType: 1,
    closed: 1791123291940,
    used: 1791123286719,
    created: 1791123286719,
    remoteIdentityKey: <Buffer 05 3a 55 84 47 39 c0 38 94 bb eb ee 22 28 90 6f 28 2d a4 1e 12 1e c5 b8 4f f7 4e 8b 1f 71 5c cd 27>
  },
  pendingPreKey: {
    signedKeyId: 4106625,
    baseKey: <Buffer 05 82 8e 7a 90 53 c4 e5 4f 84 40 e0 98 0f b3 50 26 2c 22 df fe 08 5c cd 56 a6 69 51 42 8c 17 98 10>,
    preKeyId: 10009668
  }
}
Closing session: SessionEntry {
  _chains: {
    'BbxnvI6rsDrQsTgukbvrDf/TLcSbiLligtWqVusRqexy': { chainKey: [Object], chainType: 2, messageKeys: {} },
    BXoxZ7wkhI09Ph5kxFkUbf5LcQhRWpyqXAxw7uNz8iNX: { chainKey: [Object], chainType: 1, messageKeys: {} }
  },
  registrationId: 696180770,
  currentRatchet: {
    ephemeralKeyPair: {
      pubKey: <Buffer 05 7a 31 67 bc 24 84 8d 3d 3e 1e 64 c4 59 14 6d fe 4b 71 08 51 5a 9c aa 5c 0c 70 ee e3 73 f2 23 57>,
      privKey: <Buffer c0 21 d1 1c c3 77 1f a3 a0 b2 2b cd 3f e8 83 bd 6b 3f 73 6a da 7b 42 73 de 5f 38 0a 4c 19 f7 65>
    },
    lastRemoteEphemeralKey: <Buffer 05 bc 67 bc 8e ab b0 3a d0 b1 38 2e 91 bb eb 0d ff d3 2d c4 9b 88 b9 62 82 d5 aa 56 eb 11 a9 ec 72>,
    previousCounter: 0,
    rootKey: <Buffer 87 0e ed 51 c7 b5 6b 1a b9 51 bd 44 c9 53 7b 81 fc 76 3b 97 37 ff 47 95 40 7b 9d d4 9b 8f f1 6a>
  },
  indexInfo: {
    baseKey: <Buffer 05 ea 8a 67 9c 08 d9 2e aa fe 0c a9 9f 90 b2 dd 1b 3b 4f 0d 24 ff 07 0e d9 01 ce e6 e7 2f b3 b5 35>,
    baseKeyType: 2,
    closed: -1,
    used: 1791123501548,
    created: 1791123501548,
    remoteIdentityKey: <Buffer 05 3a 55 84 47 39 c0 38 94 bb eb ee 22 28 90 6f 28 2d a4 1e 12 1e c5 b8 4f f7 4e 8b 1f 71 5c cd 27>
  }
}
Removing old closed session: SessionEntry {
  _chains: {
    'BZzFIIjpJr13oZ6+kpzvmRckqydr6ofrdep0OH4XTtpV': { chainKey: [Object], chainType: 2, messageKeys: [Object] },
    BZJSPQkhvMOslP6njcYdUXswJwAL0WZ4LOzY2ss4TXAb: { chainKey: [Object], chainType: 1, messageKeys: {} }
  },
  registrationId: 696180770,
  currentRatchet: {
    ephemeralKeyPair: {
      pubKey: <Buffer 05 92 52 3d 09 21 bc c3 ac 94 fe a7 8d c6 1d 51 7b 30 27 00 0b d1 66 78 2c ec d8 da cb 38 4d 70 1b>,
      privKey: <Buffer 90 9e 73 8f a1 7e 85 51 77 20 4f 3a b2 04 3b da 8d f3 40 04 ec 45 53 18 d2 fd 50 dc bb eb 98 6d>
    },
    lastRemoteEphemeralKey: <Buffer 05 9c c5 20 88 e9 26 bd 77 a1 9e be 92 9c ef 99 17 24 ab 27 6b ea 87 eb 75 ea 74 38 7e 17 4e da 55>,
    previousCounter: -1,
    rootKey: <Buffer 44 16 f4 5b 55 fd c4 9f 4d 16 57 78 4c 7c 5c 0c 98 82 8c fe ca 63 9c 32 00 6d 34 dd 69 2f 9d 98>
  },
  indexInfo: {
    baseKey: <Buffer 05 97 79 74 cd 6b b4 b5 9d ed 13 5f e4 7e ba b6 0c 19 b1 3c 63 90 31 89 fb 0a f3 6a 71 d9 6a 6c 62>,
    baseKeyType: 1,
    closed: 1791123297380,
    used: 1791123291914,
    created: 1791123291914,
    remoteIdentityKey: <Buffer 05 3a 55 84 47 39 c0 38 94 bb eb ee 22 28 90 6f 28 2d a4 1e 12 1e c5 b8 4f f7 4e 8b 1f 71 5c cd 27>
  },
  pendingPreKey: {
    signedKeyId: 4106625,
    baseKey: <Buffer 05 97 79 74 cd 6b b4 b5 9d ed 13 5f e4 7e ba b6 0c 19 b1 3c 63 90 31 89 fb 0a f3 6a 71 d9 6a 6c 62>,
    preKeyId: 10009491
  }
}
Closing session: SessionEntry {
  _chains: {
    'BcqAkN+XisBhQOhUq8rtWIpd9Fgq69fcnjohOk+y/rkc': { chainKey: [Object], chainType: 2, messageKeys: {} },
    BRVoHJDAmfp9bYUgIFQlZik6toa8Gvhybn7U2juVNdVN: { chainKey: [Object], chainType: 1, messageKeys: {} }
  },
  registrationId: 696180770,
  currentRatchet: {
    ephemeralKeyPair: {
      pubKey: <Buffer 05 15 68 1c 90 c0 99 fa 7d 6d 85 20 20 54 25 66 29 3a b6 86 bc 1a f8 72 6e 7e d4 da 3b 95 35 d5 4d>,
      privKey: <Buffer 48 23 98 10 a4 5b 7a 0d 58 92 a4 66 28 98 dd b8 bb 93 ac 84 d7 fe 02 79 14 a4 87 a1 c8 a1 0f 60>
    },
    lastRemoteEphemeralKey: <Buffer 05 ca 80 90 df 97 8a c0 61 40 e8 54 ab ca ed 58 8a 5d f4 58 2a eb d7 dc 9e 3a 21 3a 4f b2 fe b9 1c>,
    previousCounter: 0,
    rootKey: <Buffer 88 fe e6 a9 c5 25 e5 b6 8c 84 59 d9 bb b4 bc 88 8d 6e 9d 63 a8 6a a8 82 c9 27 92 60 c9 ca 3a 45>
  },
  indexInfo: {
    baseKey: <Buffer 05 bd bb 4d 43 29 49 be 75 cc ea 74 bf 43 54 85 bd 3f 68 c6 05 f1 65 80 81 9f 6f be 02 0e 9a 73 3e>,
    baseKeyType: 2,
    closed: -1,
    used: 1791123501800,
    created: 1791123501800,
    remoteIdentityKey: <Buffer 05 3a 55 84 47 39 c0 38 94 bb eb ee 22 28 90 6f 28 2d a4 1e 12 1e c5 b8 4f f7 4e 8b 1f 71 5c cd 27>
  }
}
Removing old closed session: SessionEntry {
  _chains: {
    'BZzFIIjpJr13oZ6+kpzvmRckqydr6ofrdep0OH4XTtpV': { chainKey: [Object], chainType: 2, messageKeys: [Object] },
    BXJ9grQgX1u5L9S98yaotydUpNvidkHLIfBzUhv98Iwi: { chainKey: [Object], chainType: 1, messageKeys: {} }
  },
  registrationId: 696180770,
  currentRatchet: {
    ephemeralKeyPair: {
      pubKey: <Buffer 05 72 7d 82 b4 20 5f 5b b9 2f d4 bd f3 26 a8 b7 27 54 a4 db e2 76 41 cb 21 f0 73 52 1b fd f0 8c 22>,
      privKey: <Buffer 30 65 f9 50 43 c3 69 bd 03 91 51 34 eb 8e 51 3a 14 55 57 8d 8d a6 e3 9c b7 78 a3 4a f5 45 d6 5a>
    },
    lastRemoteEphemeralKey: <Buffer 05 9c c5 20 88 e9 26 bd 77 a1 9e be 92 9c ef 99 17 24 ab 27 6b ea 87 eb 75 ea 74 38 7e 17 4e da 55>,
    previousCounter: -1,
    rootKey: <Buffer 3a 19 7c ed 03 73 ed 24 98 1c 0b c2 5f fa f9 b6 4f ac 7a a2 9b 34 db 38 6a aa ce 1f 64 82 46 26>
  },
  indexInfo: {
    baseKey: <Buffer 05 e3 64 1b 20 ea 81 d3 dd 52 d9 97 7b ac ae 86 83 69 63 f3 95 84 9a 0f d6 93 9f bc 70 65 a7 76 70>,
    baseKeyType: 1,
    closed: 1791123300059,
    used: 1791123297352,
    created: 1791123297352,
    remoteIdentityKey: <Buffer 05 3a 55 84 47 39 c0 38 94 bb eb ee 22 28 90 6f 28 2d a4 1e 12 1e c5 b8 4f f7 4e 8b 1f 71 5c cd 27>
  },
  pendingPreKey: {
    signedKeyId: 4106625,
    baseKey: <Buffer 05 e3 64 1b 20 ea 81 d3 dd 52 d9 97 7b ac ae 86 83 69 63 f3 95 84 9a 0f d6 93 9f bc 70 65 a7 76 70>,
    preKeyId: 10009657
  }
}
Closing session: SessionEntry {
  _chains: {
    'BUtiKrn5cz+gWChU/INwBa8l/rkrCa2mwM0rJI9ORTxI': { chainKey: [Object], chainType: 1, messageKeys: {} }
  },
  registrationId: 696180770,
  currentRatchet: {
    ephemeralKeyPair: {
      pubKey: <Buffer 05 4b 62 2a b9 f9 73 3f a0 58 28 54 fc 83 70 05 af 25 fe b9 2b 09 ad a6 c0 cd 2b 24 8f 4e 45 3c 48>,
      privKey: <Buffer 18 f1 67 e2 6b ad fc 5e 92 92 76 d6 99 f3 ec af 3a 1d 88 0f 6e ee 81 2a 18 85 3b b3 b2 60 cf 49>
    },
    lastRemoteEphemeralKey: <Buffer 05 97 52 90 47 b7 16 a2 db 3c 51 74 ff 67 32 0f c8 0e 7d b9 3c 55 aa 97 d6 d9 6a 08 2e c6 de a3 06>,
    previousCounter: 0,
    rootKey: <Buffer 55 3d f2 ea dc bf 4e e3 34 60 61 85 d3 d7 6a e0 36 ed 9d b8 17 3b 16 53 24 9d 01 25 ca 0e 58 89>
  },
  indexInfo: {
    baseKey: <Buffer 05 c2 eb d1 a8 16 82 24 57 02 ea 49 ac f9 01 a9 6b 1c 67 48 a1 4f 59 17 8b 80 fb 57 e3 39 6b 94 4e>,
    baseKeyType: 1,
    closed: -1,
    used: 1791123507319,
    created: 1791123507319,
    remoteIdentityKey: <Buffer 05 3a 55 84 47 39 c0 38 94 bb eb ee 22 28 90 6f 28 2d a4 1e 12 1e c5 b8 4f f7 4e 8b 1f 71 5c cd 27>
  },
  pendingPreKey: {
    signedKeyId: 4106625,
    baseKey: <Buffer 05 c2 eb d1 a8 16 82 24 57 02 ea 49 ac f9 01 a9 6b 1c 67 48 a1 4f 59 17 8b 80 fb 57 e3 39 6b 94 4e>,
    preKeyId: 10009825
  }
}
📩 Pesan dari 165107552252138@lid: "iyaaa"
📩 Pesan dari 165107552252138@lid: "besokk akuu liburr"
📩 Pesan dari 165107552252138@lid: "akuu mauu boboo duluann, jangann boboo pagiii yaaa"
📩 Pesan dari 165107552252138@lid: "loveee youuu"
📩 Pesan dari 165107552252138@lid: "babaiii sayangggg"
Removing old closed session: SessionEntry {
  _chains: {
    'BZzFIIjpJr13oZ6+kpzvmRckqydr6ofrdep0OH4XTtpV': { chainKey: [Object], chainType: 2, messageKeys: [Object] },
    'BYPIqg5pf67LMlhqeuLPUWhIGSag4+NyK6jshlqkHRVX': { chainKey: [Object], chainType: 1, messageKeys: {} }
  },
  registrationId: 696180770,
  currentRatchet: {
    ephemeralKeyPair: {
      pubKey: <Buffer 05 83 c8 aa 0e 69 7f ae cb 32 58 6a 7a e2 cf 51 68 48 19 26 a0 e3 e3 72 2b a8 ec 86 5a a4 1d 15 57>,
      privKey: <Buffer d8 67 3f 22 8c 35 78 67 a6 bf 20 87 a1 a1 65 bc c1 72 bc 42 63 38 84 22 a9 a8 c6 c5 1d 24 f1 73>
    },
    lastRemoteEphemeralKey: <Buffer 05 9c c5 20 88 e9 26 bd 77 a1 9e be 92 9c ef 99 17 24 ab 27 6b ea 87 eb 75 ea 74 38 7e 17 4e da 55>,
    previousCounter: -1,
    rootKey: <Buffer 96 91 ba da cc bc aa 57 35 8a 4a 11 c6 84 a2 e2 f8 7e c5 3d e1 c9 0b 87 a1 c7 60 21 49 d5 f7 b9>
  },
  indexInfo: {
    baseKey: <Buffer 05 7a 01 c7 c3 b5 82 cc 8e 09 0d 81 31 d3 97 bf ac 3d 42 e7 3b 6b fe d0 47 10 bd 39 5e 70 97 e5 05>,
    baseKeyType: 1,
    closed: 1791123302479,
    used: 1791123300035,
    created: 1791123300035,
    remoteIdentityKey: <Buffer 05 3a 55 84 47 39 c0 38 94 bb eb ee 22 28 90 6f 28 2d a4 1e 12 1e c5 b8 4f f7 4e 8b 1f 71 5c cd 27>
  },
  pendingPreKey: {
    signedKeyId: 4106625,
    baseKey: <Buffer 05 7a 01 c7 c3 b5 82 cc 8e 09 0d 81 31 d3 97 bf ac 3d 42 e7 3b 6b fe d0 47 10 bd 39 5e 70 97 e5 05>,
    preKeyId: 10009733
  }
}
📩 Pesan dari status@broadcast: ""
⚠️ Koneksi terputus. Menghubungkan kembali...

✅ BOT KENSHO MART BERHASIL TERHUBUNG SEPENUHNYA!

Closing session: SessionEntry {
  _chains: {
    'BbwfLs1loOWTf4WkmuZ/k/Ua10uZ7AyCdmW+LjIhP5oE': { chainKey: [Object], chainType: 1, messageKeys: {} }
  },
  registrationId: 696180770,
  currentRatchet: {
    ephemeralKeyPair: {
      pubKey: <Buffer 05 bc 1f 2e cd 65 a0 e5 93 7f 85 a4 9a e6 7f 93 f5 1a d7 4b 99 ec 0c 82 76 65 be 2e 32 21 3f 9a 04>,
      privKey: <Buffer 38 2b 70 27 fc 6d 4a 0f 60 6e 31 48 b7 77 88 7e c8 5a 11 94 57 10 2c 1e c4 d1 88 ed 52 6d b4 5e>
    },
    lastRemoteEphemeralKey: <Buffer 05 97 52 90 47 b7 16 a2 db 3c 51 74 ff 67 32 0f c8 0e 7d b9 3c 55 aa 97 d6 d9 6a 08 2e c6 de a3 06>,
    previousCounter: 0,
    rootKey: <Buffer 88 22 c9 a4 f3 e2 76 26 56 4b 3d 74 f5 18 e6 a5 63 80 26 9b 3f df 6a 5c d3 36 c4 79 1f c9 f7 75>
  },
  indexInfo: {
    baseKey: <Buffer 05 83 f2 46 49 3d 54 89 0b 34 00 27 76 ff 3a aa 13 81 1e fb a4 a0 07 58 b9 74 80 30 9f 4d 0b d6 3e>,
    baseKeyType: 1,
    closed: -1,
    used: 1791123512734,
    created: 1791123512734,
    remoteIdentityKey: <Buffer 05 3a 55 84 47 39 c0 38 94 bb eb ee 22 28 90 6f 28 2d a4 1e 12 1e c5 b8 4f f7 4e 8b 1f 71 5c cd 27>
  },
  pendingPreKey: {
    signedKeyId: 4106625,
    baseKey: <Buffer 05 83 f2 46 49 3d 54 89 0b 34 00 27 76 ff 3a aa 13 81 1e fb a4 a0 07 58 b9 74 80 30 9f 4d 0b d6 3e>,
    preKeyId: 10009630
  }
}
Closing session: SessionEntry {
  _chains: {
    BZ6mVT7BJz8WqT8iuYf8vzJfuVpNAx0HvHYBz1gJnp4L: { chainKey: [Object], chainType: 1, messageKeys: {} }
  },
  registrationId: 696180770,
  currentRatchet: {
    ephemeralKeyPair: {
      pubKey: <Buffer 05 9e a6 55 3e c1 27 3f 16 a9 3f 22 b9 87 fc bf 32 5f b9 5a 4d 03 1d 07 bc 76 01 cf 58 09 9e 9e 0b>,
      privKey: <Buffer e8 5e c5 f5 55 dd f5 29 8c c2 b4 2f a2 8c 6c 31 53 a1 ec e3 67 d3 ce d3 0b 94 5d 9d 40 84 ac 6b>
    },
    lastRemoteEphemeralKey: <Buffer 05 97 52 90 47 b7 16 a2 db 3c 51 74 ff 67 32 0f c8 0e 7d b9 3c 55 aa 97 d6 d9 6a 08 2e c6 de a3 06>,
    previousCounter: 0,
    rootKey: <Buffer 80 b0 a8 fb 0a ba e5 37 7a 98 5d 0f 89 61 99 cf 20 b5 4b 48 1a 85 84 4f 0f b1 0f 1a 88 4f 78 49>
  },
  indexInfo: {
    baseKey: <Buffer 05 b4 55 40 80 04 1e a9 72 9f a9 16 af 68 e8 6c 2f 86 c2 9e 97 d1 2f 17 cf ea ee 42 ee 0c 75 fb 61>,
    baseKeyType: 1,
    closed: -1,
    used: 1791123840819,
    created: 1791123840819,
    remoteIdentityKey: <Buffer 05 3a 55 84 47 39 c0 38 94 bb eb ee 22 28 90 6f 28 2d a4 1e 12 1e c5 b8 4f f7 4e 8b 1f 71 5c cd 27>
  },
  pendingPreKey: {
    signedKeyId: 4106625,
    baseKey: <Buffer 05 b4 55 40 80 04 1e a9 72 9f a9 16 af 68 e8 6c 2f 86 c2 9e 97 d1 2f 17 cf ea ee 42 ee 0c 75 fb 61>,
    preKeyId: 10009661
  }
}
Closing session: SessionEntry {
  _chains: {
    'BT2wPFiFIQQHe6+62+3TpHU2CpgVFzmGqPKObOeu79oL': { chainKey: [Object], chainType: 1, messageKeys: {} }
  },
  registrationId: 696180770,
  currentRatchet: {
    ephemeralKeyPair: {
      pubKey: <Buffer 05 3d b0 3c 58 85 21 04 07 7b af ba db ed d3 a4 75 36 0a 98 15 17 39 86 a8 f2 8e 6c e7 ae ef da 0b>,
      privKey: <Buffer 70 db 86 42 56 41 9d e2 83 da 12 f4 65 54 8a f9 ea e1 af 7b 20 a2 14 02 31 7b 5a b8 11 7a ea 59>
    },
    lastRemoteEphemeralKey: <Buffer 05 97 52 90 47 b7 16 a2 db 3c 51 74 ff 67 32 0f c8 0e 7d b9 3c 55 aa 97 d6 d9 6a 08 2e c6 de a3 06>,
    previousCounter: 0,
    rootKey: <Buffer 85 98 2c ff 26 43 af 75 7a 0f 97 ef 82 33 ba c1 a9 f1 05 c6 eb af 22 c8 92 a2 26 7f cd bc 39 b7>
  },
  indexInfo: {
    baseKey: <Buffer 05 4e a3 16 0c ff 76 bc c2 ab b7 04 5d c8 4b 24 ce a7 66 e3 06 95 f0 82 2e 3c ed a3 ab ff 56 6e 6b>,
    baseKeyType: 1,
    closed: -1,
    used: 1791123846228,
    created: 1791123846228,
    remoteIdentityKey: <Buffer 05 3a 55 84 47 39 c0 38 94 bb eb ee 22 28 90 6f 28 2d a4 1e 12 1e c5 b8 4f f7 4e 8b 1f 71 5c cd 27>
  },
  pendingPreKey: {
    signedKeyId: 4106625,
    baseKey: <Buffer 05 4e a3 16 0c ff 76 bc c2 ab b7 04 5d c8 4b 24 ce a7 66 e3 06 95 f0 82 2e 3c ed a3 ab ff 56 6e 6b>,
    preKeyId: 10009632
  }
}
Closing session: SessionEntry {
  _chains: {
    'BY7Bqt53fzuq2/AmwUANLUwWNPgjujOycQ+TC4q2G+Ea': { chainKey: [Object], chainType: 1, messageKeys: {} }
  },
  registrationId: 696180770,
  currentRatchet: {
    ephemeralKeyPair: {
      pubKey: <Buffer 05 8e c1 aa de 77 7f 3b aa db f0 26 c1 40 0d 2d 4c 16 34 f8 23 ba 33 b2 71 0f 93 0b 8a b6 1b e1 1a>,
      privKey: <Buffer 48 73 eb cb 18 1a a6 cb bd 3b fd 6f 44 5d bc ae 86 d1 7d aa 4a bd 37 b7 18 6e 2a f5 c0 11 83 4d>
    },
    lastRemoteEphemeralKey: <Buffer 05 97 52 90 47 b7 16 a2 db 3c 51 74 ff 67 32 0f c8 0e 7d b9 3c 55 aa 97 d6 d9 6a 08 2e c6 de a3 06>,
    previousCounter: 0,
    rootKey: <Buffer 2c 3a 2c 95 97 39 91 88 b6 dc c8 62 bc 11 67 f4 2a 9d c8 a4 7e 75 83 52 31 13 4f ba 72 b1 bd e8>
  },
  indexInfo: {
    baseKey: <Buffer 05 61 42 4a 47 22 b5 72 ab 8e c8 3f 98 4a 87 da 25 c5 75 1f 59 0d 5c 15 bd c2 85 c1 a5 b3 bb 5c 66>,
    baseKeyType: 1,
    closed: -1,
    used: 1791123851592,
    created: 1791123851592,
    remoteIdentityKey: <Buffer 05 3a 55 84 47 39 c0 38 94 bb eb ee 22 28 90 6f 28 2d a4 1e 12 1e c5 b8 4f f7 4e 8b 1f 71 5c cd 27>
  },
  pendingPreKey: {
    signedKeyId: 4106625,
    baseKey: <Buffer 05 61 42 4a 47 22 b5 72 ab 8e c8 3f 98 4a 87 da 25 c5 75 1f 59 0d 5c 15 bd c2 85 c1 a5 b3 bb 5c 66>,
    preKeyId: 10009702
  }
}
Closing session: SessionEntry {
  _chains: {
    'BU0ue8pZl8tv6AfAC9g+HjLluuC89mTr8CQNdSUjgAZe': { chainKey: [Object], chainType: 1, messageKeys: {} }
  },
  registrationId: 696180770,
  currentRatchet: {
    ephemeralKeyPair: {
      pubKey: <Buffer 05 4d 2e 7b ca 59 97 cb 6f e8 07 c0 0b d8 3e 1e 32 e5 ba e0 bc f6 64 eb f0 24 0d 75 25 23 80 06 5e>,
      privKey: <Buffer 98 37 a8 41 fd 40 4b 56 2f 03 d9 83 ee f9 9e cc 48 55 88 0a c8 45 e4 c3 98 62 88 d0 27 92 0d 42>
    },
    lastRemoteEphemeralKey: <Buffer 05 97 52 90 47 b7 16 a2 db 3c 51 74 ff 67 32 0f c8 0e 7d b9 3c 55 aa 97 d6 d9 6a 08 2e c6 de a3 06>,
    previousCounter: 0,
    rootKey: <Buffer 6d 9f b8 ab d1 da 73 3a 24 cb 62 e1 ab 64 f0 40 d8 c8 aa f8 b2 cc 8b 18 ff 77 d3 7c af 05 f1 37>
  },
  indexInfo: {
    baseKey: <Buffer 05 6a 25 a7 27 23 46 e1 5d 7d dc 40 bc 44 0e e3 c3 89 d5 9a 9f dd 28 99 47 dd b6 ad b8 56 a9 d9 27>,
    baseKeyType: 1,
    closed: -1,
    used: 1791123856904,
    created: 1791123856904,
    remoteIdentityKey: <Buffer 05 3a 55 84 47 39 c0 38 94 bb eb ee 22 28 90 6f 28 2d a4 1e 12 1e c5 b8 4f f7 4e 8b 1f 71 5c cd 27>
  },
  pendingPreKey: {
    signedKeyId: 4106625,
    baseKey: <Buffer 05 6a 25 a7 27 23 46 e1 5d 7d dc 40 bc 44 0e e3 c3 89 d5 9a 9f dd 28 99 47 dd b6 ad b8 56 a9 d9 27>,
    preKeyId: 10009747
  }
}
Removing old closed session: SessionEntry {
  _chains: {
    'BZzFIIjpJr13oZ6+kpzvmRckqydr6ofrdep0OH4XTtpV': { chainKey: [Object], chainType: 2, messageKeys: [Object] },
    'BQZXE/VEsQtaNLrc6NAdRaFOZmGZE7dmKcznLAVqYGQn': { chainKey: [Object], chainType: 1, messageKeys: {} }
  },
  registrationId: 696180770,
  currentRatchet: {
    ephemeralKeyPair: {
      pubKey: <Buffer 05 06 57 13 f5 44 b1 0b 5a 34 ba dc e8 d0 1d 45 a1 4e 66 61 99 13 b7 66 29 cc e7 2c 05 6a 60 64 27>,
      privKey: <Buffer 38 c9 ce 87 f7 6a 09 ea 7c 39 38 bc 0f 5f b8 38 7c 52 23 d2 15 f0 e2 94 c2 3e ab b1 1a 4b a4 6e>
    },
    lastRemoteEphemeralKey: <Buffer 05 9c c5 20 88 e9 26 bd 77 a1 9e be 92 9c ef 99 17 24 ab 27 6b ea 87 eb 75 ea 74 38 7e 17 4e da 55>,
    previousCounter: -1,
    rootKey: <Buffer bf ea 42 23 88 f6 69 01 6b 9c 32 3b bc 6d 4a 1e 68 aa 5f fd 3d 61 c5 cf 17 6b 79 4e 7d 35 1d cc>
  },
  indexInfo: {
    baseKey: <Buffer 05 ca 55 77 af 92 32 17 aa f8 5e 5b 91 b9 a9 2f c9 7d af 72 a8 7b 36 85 c5 80 80 bb 70 ed be b2 65>,
    baseKeyType: 1,
    closed: 1791123307914,
    used: 1791123302448,
    created: 1791123302448,
    remoteIdentityKey: <Buffer 05 3a 55 84 47 39 c0 38 94 bb eb ee 22 28 90 6f 28 2d a4 1e 12 1e c5 b8 4f f7 4e 8b 1f 71 5c cd 27>
  },
  pendingPreKey: {
    signedKeyId: 4106625,
    baseKey: <Buffer 05 ca 55 77 af 92 32 17 aa f8 5e 5b 91 b9 a9 2f c9 7d af 72 a8 7b 36 85 c5 80 80 bb 70 ed be b2 65>,
    preKeyId: 10009716
  }
}
Removing old closed session: SessionEntry {
  _chains: {
    'BZzFIIjpJr13oZ6+kpzvmRckqydr6ofrdep0OH4XTtpV': { chainKey: [Object], chainType: 2, messageKeys: [Object] },
    'BbwTiJUnEKSVakL76+UxY2kFpm9dX7oO3x1MayaFNzQ5': { chainKey: [Object], chainType: 1, messageKeys: {} }
  },
  registrationId: 696180770,
  currentRatchet: {
    ephemeralKeyPair: {
      pubKey: <Buffer 05 bc 13 88 95 27 10 a4 95 6a 42 fb eb e5 31 63 69 05 a6 6f 5d 5f ba 0e df 1d 4c 6b 26 85 37 34 39>,
      privKey: <Buffer e8 c8 63 aa e1 0c 09 0e 41 4d 44 7c 6f ce 5d ef d6 47 52 03 fa ef 6d 0a dd a1 e6 04 82 cb a4 54>
    },
    lastRemoteEphemeralKey: <Buffer 05 9c c5 20 88 e9 26 bd 77 a1 9e be 92 9c ef 99 17 24 ab 27 6b ea 87 eb 75 ea 74 38 7e 17 4e da 55>,
    previousCounter: -1,
    rootKey: <Buffer 8b 4a 7d 63 7a a6 54 f6 7c ec de b2 92 6b ac b2 e6 7f ad 74 5a 2a 6b 87 3f 1c 3b 7c fc 55 b1 87>
  },
  indexInfo: {
    baseKey: <Buffer 05 7c d8 bb 8a d1 82 bd af 9f 55 2c 59 4b e0 3a c4 de 65 1b f3 41 30 f5 aa df f2 7a cd 33 b2 c7 52>,
    baseKeyType: 1,
    closed: 1791123313302,
    used: 1791123307883,
    created: 1791123307883,
    remoteIdentityKey: <Buffer 05 3a 55 84 47 39 c0 38 94 bb eb ee 22 28 90 6f 28 2d a4 1e 12 1e c5 b8 4f f7 4e 8b 1f 71 5c cd 27>
  },
  pendingPreKey: {
    signedKeyId: 4106625,
    baseKey: <Buffer 05 7c d8 bb 8a d1 82 bd af 9f 55 2c 59 4b e0 3a c4 de 65 1b f3 41 30 f5 aa df f2 7a cd 33 b2 c7 52>,
    preKeyId: 10009539
  }
}
Removing old closed session: SessionEntry {
  _chains: {
    'BZzFIIjpJr13oZ6+kpzvmRckqydr6ofrdep0OH4XTtpV': { chainKey: [Object], chainType: 2, messageKeys: [Object] },
    'Bby/4OvaDm55c5a1SmIbi/6xqVg73+xYhgECJ7gF9jJd': { chainKey: [Object], chainType: 1, messageKeys: {} }
  },
  registrationId: 696180770,
  currentRatchet: {
    ephemeralKeyPair: {
      pubKey: <Buffer 05 bc bf e0 eb da 0e 6e 79 73 96 b5 4a 62 1b 8b fe b1 a9 58 3b df ec 58 86 01 02 27 b8 05 f6 32 5d>,
      privKey: <Buffer c0 13 cb d0 44 fb e6 de 16 65 f0 a1 a6 f4 51 c3 07 56 fb 85 b5 92 83 27 45 f5 a8 5d 01 c2 78 4f>
    },
    lastRemoteEphemeralKey: <Buffer 05 9c c5 20 88 e9 26 bd 77 a1 9e be 92 9c ef 99 17 24 ab 27 6b ea 87 eb 75 ea 74 38 7e 17 4e da 55>,
    previousCounter: -1,
    rootKey: <Buffer d7 f9 c6 72 83 bd 94 66 02 76 a0 81 2b 26 83 a9 19 29 e2 ab 4c 92 be 06 ca e0 36 36 af 22 90 18>
  },
  indexInfo: {
    baseKey: <Buffer 05 d4 d6 1c 2d 02 38 27 9d b0 25 53 ba 83 b6 ab f5 fd b5 7d a6 ed 0d 89 a2 4a 22 09 37 94 51 0e 12>,
    baseKeyType: 1,
    closed: 1791123318481,
    used: 1791123313272,
    created: 1791123313272,
    remoteIdentityKey: <Buffer 05 3a 55 84 47 39 c0 38 94 bb eb ee 22 28 90 6f 28 2d a4 1e 12 1e c5 b8 4f f7 4e 8b 1f 71 5c cd 27>
  },
  pendingPreKey: {
    signedKeyId: 4106625,
    baseKey: <Buffer 05 d4 d6 1c 2d 02 38 27 9d b0 25 53 ba 83 b6 ab f5 fd b5 7d a6 ed 0d 89 a2 4a 22 09 37 94 51 0e 12>,
    preKeyId: 10009536
  }
}
Removing old closed session: SessionEntry {
  _chains: {
    'BeNBGBG1qY5awlLZTQ7Hs/YlIECykWlfpwnBlQYATj4B': { chainKey: [Object], chainType: 1, messageKeys: {} }
  },
  registrationId: 696180770,
  currentRatchet: {
    ephemeralKeyPair: {
      pubKey: <Buffer 05 e3 41 18 11 b5 a9 8e 5a c2 52 d9 4d 0e c7 b3 f6 25 20 40 b2 91 69 5f a7 09 c1 95 06 00 4e 3e 01>,
      privKey: <Buffer 00 2d 57 a2 66 ef 5d cf 36 5a 14 48 b5 54 3f 67 7d d4 04 1c 3e 9c 08 d1 2a fc 81 58 9e 54 87 42>
    },
    lastRemoteEphemeralKey: <Buffer 05 97 52 90 47 b7 16 a2 db 3c 51 74 ff 67 32 0f c8 0e 7d b9 3c 55 aa 97 d6 d9 6a 08 2e c6 de a3 06>,
    previousCounter: 0,
    rootKey: <Buffer ec 60 d4 c3 6e 59 49 99 d2 41 d5 72 e9 30 12 2a b2 82 02 88 23 84 1b 0a 34 c0 da ae 02 d1 12 56>
  },
  indexInfo: {
    baseKey: <Buffer 05 6b 79 f2 bd 0a 9a 37 c4 bd d4 d5 a6 54 ee d5 dd a3 e6 ea b6 b6 bc 58 47 13 27 02 3c 06 ab 55 15>,
    baseKeyType: 1,
    closed: 1791123323696,
    used: 1791123318463,
    created: 1791123318463,
    remoteIdentityKey: <Buffer 05 3a 55 84 47 39 c0 38 94 bb eb ee 22 28 90 6f 28 2d a4 1e 12 1e c5 b8 4f f7 4e 8b 1f 71 5c cd 27>
  },
  pendingPreKey: {
    signedKeyId: 4106625,
    baseKey: <Buffer 05 6b 79 f2 bd 0a 9a 37 c4 bd d4 d5 a6 54 ee d5 dd a3 e6 ea b6 b6 bc 58 47 13 27 02 3c 06 ab 55 15>,
    preKeyId: 10009699
  }
}
Removing old closed session: SessionEntry {
  _chains: {
    'BWHvWR3oWN60ALNvDJK5abp6seJqXOSIn/FjxqoA+ExS': { chainKey: [Object], chainType: 1, messageKeys: {} }
  },
  registrationId: 696180770,
  currentRatchet: {
    ephemeralKeyPair: {
      pubKey: <Buffer 05 61 ef 59 1d e8 58 de b4 00 b3 6f 0c 92 b9 69 ba 7a b1 e2 6a 5c e4 88 9f f1 63 c6 aa 00 f8 4c 52>,
      privKey: <Buffer 58 de af 99 e3 bf 31 3c de bd 5b f2 86 3a 5b 28 d2 63 41 0b 61 f4 bd c8 52 76 a5 6f 8f a5 0c 73>
    },
    lastRemoteEphemeralKey: <Buffer 05 97 52 90 47 b7 16 a2 db 3c 51 74 ff 67 32 0f c8 0e 7d b9 3c 55 aa 97 d6 d9 6a 08 2e c6 de a3 06>,
    previousCounter: 0,
    rootKey: <Buffer 8e 95 bc d5 4f 4e c2 32 5f 0f 8a dd 1d 4c 29 89 99 78 4e fe 1e a0 e2 1b 6f fb d3 fa 4a 9f cb ca>
  },
  indexInfo: {
    baseKey: <Buffer 05 f1 f6 50 b6 50 67 4b ca 50 73 c6 71 ff 3a 5d 34 1d 15 a7 94 d9 82 d7 76 42 26 3f c7 4f ea 02 30>,
    baseKeyType: 1,
    closed: 1791123365441,
    used: 1791123323667,
    created: 1791123323667,
    remoteIdentityKey: <Buffer 05 3a 55 84 47 39 c0 38 94 bb eb ee 22 28 90 6f 28 2d a4 1e 12 1e c5 b8 4f f7 4e 8b 1f 71 5c cd 27>
  },
  pendingPreKey: {
    signedKeyId: 4106625,
    baseKey: <Buffer 05 f1 f6 50 b6 50 67 4b ca 50 73 c6 71 ff 3a 5d 34 1d 15 a7 94 d9 82 d7 76 42 26 3f c7 4f ea 02 30>,
    preKeyId: 10009740
  }
}
Closing session: SessionEntry {
  _chains: {
    BV9aOVASzB1u7WUedIldQyVSaTMKfROZQWczgbqAbthF: { chainKey: [Object], chainType: 1, messageKeys: {} }
  },
  registrationId: 696180770,
  currentRatchet: {
    ephemeralKeyPair: {
      pubKey: <Buffer 05 5f 5a 39 50 12 cc 1d 6e ed 65 1e 74 89 5d 43 25 52 69 33 0a 7d 13 99 41 67 33 81 ba 80 6e d8 45>,
      privKey: <Buffer f0 a9 40 8a ff e7 80 21 5b 7b af 6d a8 ac 11 34 50 9a 41 b1 70 05 77 ce 7b 8f 87 60 d8 b8 47 5e>
    },
    lastRemoteEphemeralKey: <Buffer 05 97 52 90 47 b7 16 a2 db 3c 51 74 ff 67 32 0f c8 0e 7d b9 3c 55 aa 97 d6 d9 6a 08 2e c6 de a3 06>,
    previousCounter: 0,
    rootKey: <Buffer 68 32 b5 39 1f f5 af 0a 92 c4 9c 67 ba 60 61 19 6c b0 4e 14 dd 95 aa e3 a0 4e 3b b0 70 29 0e dd>
  },
  indexInfo: {
    baseKey: <Buffer 05 78 3d 09 4f ca 1e 22 5e 76 fa 08 46 7d 30 16 50 02 c8 63 a3 22 83 16 ad 8b bd d3 ff 3f 65 70 56>,
    baseKeyType: 1,
    closed: -1,
    used: 1791123862186,
    created: 1791123862186,
    remoteIdentityKey: <Buffer 05 3a 55 84 47 39 c0 38 94 bb eb ee 22 28 90 6f 28 2d a4 1e 12 1e c5 b8 4f f7 4e 8b 1f 71 5c cd 27>
  },
  pendingPreKey: {
    signedKeyId: 4106625,
    baseKey: <Buffer 05 78 3d 09 4f ca 1e 22 5e 76 fa 08 46 7d 30 16 50 02 c8 63 a3 22 83 16 ad 8b bd d3 ff 3f 65 70 56>,
    preKeyId: 10009874
  }
}
Removing old closed session: SessionEntry {
  _chains: {
    'Bam8ymkM4ocuWcBzQeAXfeI5ztGdA+wXi7Lx4iJw4dY1': { chainKey: [Object], chainType: 1, messageKeys: {} }
  },
  registrationId: 696180770,
  currentRatchet: {
    ephemeralKeyPair: {
      pubKey: <Buffer 05 a9 bc ca 69 0c e2 87 2e 59 c0 73 41 e0 17 7d e2 39 ce d1 9d 03 ec 17 8b b2 f1 e2 22 70 e1 d6 35>,
      privKey: <Buffer 98 9f 13 14 22 21 19 de ed 81 65 1e e0 a1 fb 01 f8 92 78 14 62 16 bd cc ad 93 d3 c4 d8 4a 32 55>
    },
    lastRemoteEphemeralKey: <Buffer 05 97 52 90 47 b7 16 a2 db 3c 51 74 ff 67 32 0f c8 0e 7d b9 3c 55 aa 97 d6 d9 6a 08 2e c6 de a3 06>,
    previousCounter: 0,
    rootKey: <Buffer 1e d1 ab 2f 5d 29 38 d8 dd 51 db 54 b4 84 d2 66 07 a8 88 4e 1d 92 d2 7b 8b 62 d0 9a f4 c9 c4 a7>
  },
  indexInfo: {
    baseKey: <Buffer 05 f6 7b 8d f1 a7 03 e1 0a f2 2e e7 52 16 91 e2 ff b6 30 f3 fb 04 d8 92 90 ad 73 f9 15 0c ea 4a 77>,
    baseKeyType: 1,
    closed: 1791123385519,
    used: 1791123365393,
    created: 1791123365393,
    remoteIdentityKey: <Buffer 05 3a 55 84 47 39 c0 38 94 bb eb ee 22 28 90 6f 28 2d a4 1e 12 1e c5 b8 4f f7 4e 8b 1f 71 5c cd 27>
  },
  pendingPreKey: {
    signedKeyId: 4106625,
    baseKey: <Buffer 05 f6 7b 8d f1 a7 03 e1 0a f2 2e e7 52 16 91 e2 ff b6 30 f3 fb 04 d8 92 90 ad 73 f9 15 0c ea 4a 77>,
    preKeyId: 10009715
  }
}
Closing session: SessionEntry {
  _chains: {
    'BTIT3i0IUX6mora8iNm/86xZv93VbdiweX9jE6vs6M8B': { chainKey: [Object], chainType: 1, messageKeys: {} }
  },
  registrationId: 696180770,
  currentRatchet: {
    ephemeralKeyPair: {
      pubKey: <Buffer 05 32 13 de 2d 08 51 7e a6 a2 b6 bc 88 d9 bf f3 ac 59 bf dd d5 6d d8 b0 79 7f 63 13 ab ec e8 cf 01>,
      privKey: <Buffer 48 ec 69 12 12 9b f8 40 f0 f8 b3 d3 70 91 2e 8d b4 69 3c 47 ba c1 71 23 46 cd 68 64 2d ba 54 56>
    },
    lastRemoteEphemeralKey: <Buffer 05 97 52 90 47 b7 16 a2 db 3c 51 74 ff 67 32 0f c8 0e 7d b9 3c 55 aa 97 d6 d9 6a 08 2e c6 de a3 06>,
    previousCounter: 0,
    rootKey: <Buffer 79 ba 1b 0f 9c 40 e7 2e 30 f4 c8 ec 51 1b 1e 7f 09 96 7c d4 4d 0f 6b 08 56 ea ee 7d e9 9f 57 64>
  },
  indexInfo: {
    baseKey: <Buffer 05 cc 3c cb ab 2e 2b c3 13 c6 73 8b 95 7e b4 c1 cd c2 10 8a e6 c1 7d b5 69 37 50 71 c6 8d 64 e4 4f>,
    baseKeyType: 1,
    closed: -1,
    used: 1791123867399,
    created: 1791123867399,
    remoteIdentityKey: <Buffer 05 3a 55 84 47 39 c0 38 94 bb eb ee 22 28 90 6f 28 2d a4 1e 12 1e c5 b8 4f f7 4e 8b 1f 71 5c cd 27>
  },
  pendingPreKey: {
    signedKeyId: 4106625,
    baseKey: <Buffer 05 cc 3c cb ab 2e 2b c3 13 c6 73 8b 95 7e b4 c1 cd c2 10 8a e6 c1 7d b5 69 37 50 71 c6 8d 64 e4 4f>,
    preKeyId: 10009565
  }
}
Removing old closed session: SessionEntry {
  _chains: {
    'BRME0ehf5PsnKeiZu3lHhmM8q9HmYkx6HH/TlrTqqxo2': { chainKey: [Object], chainType: 1, messageKeys: {} }
  },
  registrationId: 696180770,
  currentRatchet: {
    ephemeralKeyPair: {
      pubKey: <Buffer 05 13 04 d1 e8 5f e4 fb 27 29 e8 99 bb 79 47 86 63 3c ab d1 e6 62 4c 7a 1c 7f d3 96 b4 ea ab 1a 36>,
      privKey: <Buffer 38 42 06 12 a5 55 0a 72 97 1c 08 b5 ae 5c 8c e5 12 f2 b6 f6 64 42 34 a1 ea e2 7d d5 90 05 7e 57>
    },
    lastRemoteEphemeralKey: <Buffer 05 97 52 90 47 b7 16 a2 db 3c 51 74 ff 67 32 0f c8 0e 7d b9 3c 55 aa 97 d6 d9 6a 08 2e c6 de a3 06>,
    previousCounter: 0,
    rootKey: <Buffer 24 bb 5a b6 a3 d1 e4 8b 41 5c 47 01 40 1e f8 a2 c7 d2 67 cf 2b 9e 26 c0 1b 7b 38 43 6b 54 f1 f5>
  },
  indexInfo: {
    baseKey: <Buffer 05 f2 fd 3e 12 93 fb 2c ab 8b 0c 6c 07 f1 85 53 66 d9 43 82 75 0b eb 31 c3 c4 aa 83 dc ff 54 15 1f>,
    baseKeyType: 1,
    closed: 1791123396379,
    used: 1791123385499,
    created: 1791123385499,
    remoteIdentityKey: <Buffer 05 3a 55 84 47 39 c0 38 94 bb eb ee 22 28 90 6f 28 2d a4 1e 12 1e c5 b8 4f f7 4e 8b 1f 71 5c cd 27>
  },
  pendingPreKey: {
    signedKeyId: 4106625,
    baseKey: <Buffer 05 f2 fd 3e 12 93 fb 2c ab 8b 0c 6c 07 f1 85 53 66 d9 43 82 75 0b eb 31 c3 c4 aa 83 dc ff 54 15 1f>,
    preKeyId: 10009859
  }
}
Closing session: SessionEntry {
  _chains: {
    'BRV+1mSwdn7m/yrfKJociuhJqcLMsIX7j5H1FOWPgQBR': { chainKey: [Object], chainType: 1, messageKeys: {} }
  },
  registrationId: 696180770,
  currentRatchet: {
    ephemeralKeyPair: {
      pubKey: <Buffer 05 15 7e d6 64 b0 76 7e e6 ff 2a df 28 9a 1c 8a e8 49 a9 c2 cc b0 85 fb 8f 91 f5 14 e5 8f 81 00 51>,
      privKey: <Buffer e8 03 bd d7 e9 69 79 2a 3c 4c 44 c3 7f d9 f4 98 4d bd 53 9c 86 77 89 ca 4b 17 cb e4 a7 67 a9 65>
    },
    lastRemoteEphemeralKey: <Buffer 05 97 52 90 47 b7 16 a2 db 3c 51 74 ff 67 32 0f c8 0e 7d b9 3c 55 aa 97 d6 d9 6a 08 2e c6 de a3 06>,
    previousCounter: 0,
    rootKey: <Buffer 61 47 71 0f be de 84 8e 8a 22 b5 f2 9f 93 1c df cb 7c 7d f8 88 22 0e 40 62 15 5b 47 11 00 f9 ea>
  },
  indexInfo: {
    baseKey: <Buffer 05 37 3a 39 2a 08 2d f8 e0 df 4f 48 a6 9f ab 9b 48 e3 89 47 02 fa 73 6c 97 7d b2 f7 39 dc 79 ee 5e>,
    baseKeyType: 1,
    closed: -1,
    used: 1791123872638,
    created: 1791123872638,
    remoteIdentityKey: <Buffer 05 3a 55 84 47 39 c0 38 94 bb eb ee 22 28 90 6f 28 2d a4 1e 12 1e c5 b8 4f f7 4e 8b 1f 71 5c cd 27>
  },
  pendingPreKey: {
    signedKeyId: 4106625,
    baseKey: <Buffer 05 37 3a 39 2a 08 2d f8 e0 df 4f 48 a6 9f ab 9b 48 e3 89 47 02 fa 73 6c 97 7d b2 f7 39 dc 79 ee 5e>,
    preKeyId: 10009639
  }
}
Removing old closed session: SessionEntry {
  _chains: {
    'BZFLBaA/LqTjToEPdOIgw7f+HVgbihMR3Mo/GJnkdVdF': { chainKey: [Object], chainType: 1, messageKeys: {} }
  },
  registrationId: 696180770,
  currentRatchet: {
    ephemeralKeyPair: {
      pubKey: <Buffer 05 91 4b 05 a0 3f 2e a4 e3 4e 81 0f 74 e2 20 c3 b7 fe 1d 58 1b 8a 13 11 dc ca 3f 18 99 e4 75 57 45>,
      privKey: <Buffer 68 19 54 29 62 f4 80 2f 21 ab fb 10 5c 3f f5 cd 02 8f 36 c7 5e 89 8c b3 94 42 7e aa 9b 14 df 73>
    },
    lastRemoteEphemeralKey: <Buffer 05 97 52 90 47 b7 16 a2 db 3c 51 74 ff 67 32 0f c8 0e 7d b9 3c 55 aa 97 d6 d9 6a 08 2e c6 de a3 06>,
    previousCounter: 0,
    rootKey: <Buffer ef cf c9 40 c8 6c a9 03 c9 7b b0 29 3b 6a 91 49 f2 06 eb b5 cc b6 2b 5b 62 5e e4 6b 29 9f ad 47>
  },
  indexInfo: {
    baseKey: <Buffer 05 65 0b 58 a8 7f 81 00 76 72 8b 38 8a 9c 25 ed f5 11 b8 cb 67 b4 bd 7a 15 3b 61 e5 8c 2e 86 ba 15>,
    baseKeyType: 1,
    closed: 1791123397053,
    used: 1791123396338,
    created: 1791123396338,
    remoteIdentityKey: <Buffer 05 3a 55 84 47 39 c0 38 94 bb eb ee 22 28 90 6f 28 2d a4 1e 12 1e c5 b8 4f f7 4e 8b 1f 71 5c cd 27>
  },
  pendingPreKey: {
    signedKeyId: 4106625,
    baseKey: <Buffer 05 65 0b 58 a8 7f 81 00 76 72 8b 38 8a 9c 25 ed f5 11 b8 cb 67 b4 bd 7a 15 3b 61 e5 8c 2e 86 ba 15>,
    preKeyId: 10009673
  }
}
Closing session: SessionEntry {
  _chains: {
    BZtjxwY77ShKnBXYVKt0HmxyBuytaettAgzu9CG01fN1: { chainKey: [Object], chainType: 1, messageKeys: {} }
  },
  registrationId: 696180770,
  currentRatchet: {
    ephemeralKeyPair: {
      pubKey: <Buffer 05 9b 63 c7 06 3b ed 28 4a 9c 15 d8 54 ab 74 1e 6c 72 06 ec ad 69 eb 6d 02 0c ee f4 21 b4 d5 f3 75>,
      privKey: <Buffer b8 c3 9e eb e1 de 4c 5f 8f 53 93 03 be 3e 17 2c fa 22 85 5a 74 d6 a3 41 c7 bf c5 c3 cf 32 5a 57>
    },
    lastRemoteEphemeralKey: <Buffer 05 97 52 90 47 b7 16 a2 db 3c 51 74 ff 67 32 0f c8 0e 7d b9 3c 55 aa 97 d6 d9 6a 08 2e c6 de a3 06>,
    previousCounter: 0,
    rootKey: <Buffer 09 61 25 0e 91 3d d6 c3 91 72 d5 48 4b 38 0e dd b9 ab fe a4 50 47 b0 3b 59 1c ca 31 d3 87 79 35>
  },
  indexInfo: {
    baseKey: <Buffer 05 9c 29 83 06 23 2d 1c 71 0c 35 d3 39 62 a3 93 43 54 6f a6 db c3 cc bd d4 9b 06 66 15 2b 40 b7 51>,
    baseKeyType: 1,
    closed: -1,
    used: 1791123877960,
    created: 1791123877960,
    remoteIdentityKey: <Buffer 05 3a 55 84 47 39 c0 38 94 bb eb ee 22 28 90 6f 28 2d a4 1e 12 1e c5 b8 4f f7 4e 8b 1f 71 5c cd 27>
  },
  pendingPreKey: {
    signedKeyId: 4106625,
    baseKey: <Buffer 05 9c 29 83 06 23 2d 1c 71 0c 35 d3 39 62 a3 93 43 54 6f a6 db c3 cc bd d4 9b 06 66 15 2b 40 b7 51>,
    preKeyId: 10009743
  }
}
Closing session: SessionEntry {
  _chains: {
    'BbfaKIwkNVnA1bqqNTD3f/kgelwU8tyorgeN1O4pVRgY': { chainKey: [Object], chainType: 1, messageKeys: {} }
  },
  registrationId: 696180770,
  currentRatchet: {
    ephemeralKeyPair: {
      pubKey: <Buffer 05 b7 da 28 8c 24 35 59 c0 d5 ba aa 35 30 f7 7f f9 20 7a 5c 14 f2 dc a8 ae 07 8d d4 ee 29 55 18 18>,
      privKey: <Buffer e8 a7 59 4b 26 9a 9d 09 0e ad 49 da 67 ce 94 2d 39 13 06 23 c7 85 78 0d 97 a2 8d 86 7e c3 c2 7c>
    },
    lastRemoteEphemeralKey: <Buffer 05 97 52 90 47 b7 16 a2 db 3c 51 74 ff 67 32 0f c8 0e 7d b9 3c 55 aa 97 d6 d9 6a 08 2e c6 de a3 06>,
    previousCounter: 0,
    rootKey: <Buffer 51 e7 90 8d 5c 53 25 c5 0e cd f4 ac da 0e de 78 a3 93 3b 05 8b b1 a7 42 48 56 9d e8 ef bd 89 71>
  },
  indexInfo: {
    baseKey: <Buffer 05 03 48 31 5c 7e 60 d4 9e 4d d7 16 f4 53 5c 75 4e 44 5d 76 7f 21 94 51 58 ce 5e 0f 95 50 67 aa 51>,
    baseKeyType: 1,
    closed: -1,
    used: 1791123883199,
    created: 1791123883199,
    remoteIdentityKey: <Buffer 05 3a 55 84 47 39 c0 38 94 bb eb ee 22 28 90 6f 28 2d a4 1e 12 1e c5 b8 4f f7 4e 8b 1f 71 5c cd 27>
  },
  pendingPreKey: {
    signedKeyId: 4106625,
    baseKey: <Buffer 05 03 48 31 5c 7e 60 d4 9e 4d d7 16 f4 53 5c 75 4e 44 5d 76 7f 21 94 51 58 ce 5e 0f 95 50 67 aa 51>,
    preKeyId: 10009737
  }
}
Closing session: SessionEntry {
  _chains: {
    BXBQZnm45LlIw5uMi0oMdFa4SYNmnJKYHkn9TCdNQYs7: { chainKey: [Object], chainType: 1, messageKeys: {} }
  },
  registrationId: 696180770,
  currentRatchet: {
    ephemeralKeyPair: {
      pubKey: <Buffer 05 70 50 66 79 b8 e4 b9 48 c3 9b 8c 8b 4a 0c 74 56 b8 49 83 66 9c 92 98 1e 49 fd 4c 27 4d 41 8b 3b>,
      privKey: <Buffer 28 19 88 0f 41 c1 3c dd 8b 66 69 ec b1 e5 c9 03 00 3d 30 d7 b2 61 97 0d 55 49 b5 54 67 e4 70 4b>
    },
    lastRemoteEphemeralKey: <Buffer 05 97 52 90 47 b7 16 a2 db 3c 51 74 ff 67 32 0f c8 0e 7d b9 3c 55 aa 97 d6 d9 6a 08 2e c6 de a3 06>,
    previousCounter: 0,
    rootKey: <Buffer a1 55 3e f7 e9 2f 31 cd 09 9a e1 d1 1f 2e ff a8 9a e6 ec 17 b4 19 95 c8 41 25 d6 0f dd c5 80 cf>
  },
  indexInfo: {
    baseKey: <Buffer 05 e3 5d bc 2d 47 d7 bf f3 fd a0 43 44 b4 2d f3 74 84 7a 5c 12 76 bb c9 eb fc 5d 45 d1 16 d1 ab 50>,
    baseKeyType: 1,
    closed: -1,
    used: 1791123888489,
    created: 1791123888489,
    remoteIdentityKey: <Buffer 05 3a 55 84 47 39 c0 38 94 bb eb ee 22 28 90 6f 28 2d a4 1e 12 1e c5 b8 4f f7 4e 8b 1f 71 5c cd 27>
  },
  pendingPreKey: {
    signedKeyId: 4106625,
    baseKey: <Buffer 05 e3 5d bc 2d 47 d7 bf f3 fd a0 43 44 b4 2d f3 74 84 7a 5c 12 76 bb c9 eb fc 5d 45 d1 16 d1 ab 50>,
    preKeyId: 10009594
  }
}
Closing session: SessionEntry {
  _chains: {
    'BbcgSCiwiTWtNM9KJJPcyQ8BlTQPZKXolHkQiGMm+aYe': { chainKey: [Object], chainType: 1, messageKeys: {} }
  },
  registrationId: 696180770,
  currentRatchet: {
    ephemeralKeyPair: {
      pubKey: <Buffer 05 b7 20 48 28 b0 89 35 ad 34 cf 4a 24 93 dc c9 0f 01 95 34 0f 64 a5 e8 94 79 10 88 63 26 f9 a6 1e>,
      privKey: <Buffer 98 19 7b 06 fc aa 75 90 7e 3f 69 cd 4e da cf 8b c6 ea c0 a0 01 41 be 8c 84 5c 7f cd 07 9e 43 7a>
    },
    lastRemoteEphemeralKey: <Buffer 05 97 52 90 47 b7 16 a2 db 3c 51 74 ff 67 32 0f c8 0e 7d b9 3c 55 aa 97 d6 d9 6a 08 2e c6 de a3 06>,
    previousCounter: 0,
    rootKey: <Buffer fa 08 71 09 d2 50 19 d2 11 a4 ad 4b 7d 0f 2b d2 7d c3 ba ff 13 4a c3 39 fe 02 e2 9e 49 7e ed 8d>
  },
  indexInfo: {
    baseKey: <Buffer 05 cb 84 59 b6 c9 9d 64 be 74 72 30 7a ae af ee dc 7f 61 bd 42 16 b5 dc 41 6c 5b cf 7c d1 c0 96 14>,
    baseKeyType: 1,
    closed: -1,
    used: 1791123913830,
    created: 1791123913830,
    remoteIdentityKey: <Buffer 05 3a 55 84 47 39 c0 38 94 bb eb ee 22 28 90 6f 28 2d a4 1e 12 1e c5 b8 4f f7 4e 8b 1f 71 5c cd 27>
  },
  pendingPreKey: {
    signedKeyId: 4106625,
    baseKey: <Buffer 05 cb 84 59 b6 c9 9d 64 be 74 72 30 7a ae af ee dc 7f 61 bd 42 16 b5 dc 41 6c 5b cf 7c d1 c0 96 14>,
    preKeyId: 10009563
  }
}
📩 Pesan dari 100171555803213@lid: "ga eta anu panitia perlombaan di tambah dei nya jeng a ari"
Removing old closed session: SessionEntry {
  _chains: {
    'Bf7lkIQwxxtpRI50xU8DBBN4FvREWYb+BpbRZcc61kRO': { chainKey: [Object], chainType: 2, messageKeys: {} },
    'BWLwUPy1EledXNVyuzG0kvjyV/IhXclOC5lRkhKnRVV4': { chainKey: [Object], chainType: 1, messageKeys: {} }
  },
  registrationId: 696180770,
  currentRatchet: {
    ephemeralKeyPair: {
      pubKey: <Buffer 05 62 f0 50 fc b5 12 57 9d 5c d5 72 bb 31 b4 92 f8 f2 57 f2 21 5d c9 4e 0b 99 51 92 12 a7 45 55 78>,
      privKey: <Buffer b8 38 05 01 d5 d3 e7 82 92 d7 82 3c ea 21 09 09 92 2a bf a1 f0 57 53 67 fc 0a b1 88 48 40 6e 50>
    },
    lastRemoteEphemeralKey: <Buffer 05 fe e5 90 84 30 c7 1b 69 44 8e 74 c5 4f 03 04 13 78 16 f4 44 59 86 fe 06 96 d1 65 c7 3a d6 44 4e>,
    previousCounter: 0,
    rootKey: <Buffer 0f b5 6a 2a a2 11 7c 28 c8 21 c0 6d 9b c7 a1 b2 84 ff 97 23 d3 a6 5a 0b 82 98 de 0e 76 b0 45 8a>
  },
  indexInfo: {
    baseKey: <Buffer 05 10 f3 27 73 08 72 36 9d 68 43 31 ff f1 cb 01 50 83 ef 9a b9 7e 11 b7 f9 5b 45 98 60 b9 64 79 40>,
    baseKeyType: 2,
    closed: 1791123424408,
    used: 1791123397062,
    created: 1791123397062,
    remoteIdentityKey: <Buffer 05 3a 55 84 47 39 c0 38 94 bb eb ee 22 28 90 6f 28 2d a4 1e 12 1e c5 b8 4f f7 4e 8b 1f 71 5c cd 27>
  }
}
Removing old closed session: SessionEntry {
  _chains: {
    'BSZY6nVrJpwk+up3OM6wCwCndrV7vtItTvUrXCb1tSYT': { chainKey: [Object], chainType: 1, messageKeys: {} }
  },
  registrationId: 696180770,
  currentRatchet: {
    ephemeralKeyPair: {
      pubKey: <Buffer 05 26 58 ea 75 6b 26 9c 24 fa ea 77 38 ce b0 0b 00 a7 76 b5 7b be d2 2d 4e f5 2b 5c 26 f5 b5 26 13>,
      privKey: <Buffer a8 7c be 13 4d 02 22 d6 80 7f f7 46 6e 45 70 16 d0 46 ba 56 92 29 a5 ba 21 98 66 2b ca 21 33 61>
    },
    lastRemoteEphemeralKey: <Buffer 05 97 52 90 47 b7 16 a2 db 3c 51 74 ff 67 32 0f c8 0e 7d b9 3c 55 aa 97 d6 d9 6a 08 2e c6 de a3 06>,
    previousCounter: 0,
    rootKey: <Buffer 1c a2 e8 a5 28 46 9b 62 58 c7 4b a5 bc 35 9d fe c3 9a 72 a8 95 c3 33 06 a7 6b 41 dd b3 84 27 c2>
  },
  indexInfo: {
    baseKey: <Buffer 05 42 ca bc fc 12 bc 36 88 84 51 3d 6c 53 98 38 fa 05 bd d8 6c 7c 11 a0 26 96 b7 2f ad 8e 6a fc 0c>,
    baseKeyType: 1,
    closed: 1791123429740,
    used: 1791123424378,
    created: 1791123424378,
    remoteIdentityKey: <Buffer 05 3a 55 84 47 39 c0 38 94 bb eb ee 22 28 90 6f 28 2d a4 1e 12 1e c5 b8 4f f7 4e 8b 1f 71 5c cd 27>
  },
  pendingPreKey: {
    signedKeyId: 4106625,
    baseKey: <Buffer 05 42 ca bc fc 12 bc 36 88 84 51 3d 6c 53 98 38 fa 05 bd d8 6c 7c 11 a0 26 96 b7 2f ad 8e 6a fc 0c>,
    preKeyId: 10009772
  }
}
Removing old closed session: SessionEntry {
  _chains: {
    'BYASsD0dVytTNN9Ba8Gh42V8+/wfTTaO8+kWCZB4r9A8': { chainKey: [Object], chainType: 1, messageKeys: {} }
  },
  registrationId: 696180770,
  currentRatchet: {
    ephemeralKeyPair: {
      pubKey: <Buffer 05 80 12 b0 3d 1d 57 2b 53 34 df 41 6b c1 a1 e3 65 7c fb fc 1f 4d 36 8e f3 e9 16 09 90 78 af d0 3c>,
      privKey: <Buffer f0 dd aa d5 6c 44 5f ba b6 77 71 ee a1 b9 e9 44 a4 24 f8 5c cc 39 52 49 36 fa 7e a8 06 b4 dd 49>
    },
    lastRemoteEphemeralKey: <Buffer 05 97 52 90 47 b7 16 a2 db 3c 51 74 ff 67 32 0f c8 0e 7d b9 3c 55 aa 97 d6 d9 6a 08 2e c6 de a3 06>,
    previousCounter: 0,
    rootKey: <Buffer 4a bb 09 4b 83 91 7b 56 fb d0 bc 82 2a 20 09 df 9a b9 7f e1 bc 9d 52 d4 f4 0d 3f 17 57 d1 b8 3a>
  },
  indexInfo: {
    baseKey: <Buffer 05 62 a2 2e 9f 82 69 0c 3f 70 99 31 86 9c 1b 79 50 35 eb f1 f4 b5 27 9c fb bf cf 17 03 a4 c4 ab 53>,
    baseKeyType: 1,
    closed: 1791123434947,
    used: 1791123429719,
    created: 1791123429719,
    remoteIdentityKey: <Buffer 05 3a 55 84 47 39 c0 38 94 bb eb ee 22 28 90 6f 28 2d a4 1e 12 1e c5 b8 4f f7 4e 8b 1f 71 5c cd 27>
  },
  pendingPreKey: {
    signedKeyId: 4106625,
    baseKey: <Buffer 05 62 a2 2e 9f 82 69 0c 3f 70 99 31 86 9c 1b 79 50 35 eb f1 f4 b5 27 9c fb bf cf 17 03 a4 c4 ab 53>,
    preKeyId: 10009590
  }
}
Removing old closed session: SessionEntry {
  _chains: {
    'BaZUBwK8R8zGlVmXfFvkcRE5rSsWEb96KdnxZaPTC1w/': { chainKey: [Object], chainType: 1, messageKeys: {} }
  },
  registrationId: 696180770,
  currentRatchet: {
    ephemeralKeyPair: {
      pubKey: <Buffer 05 a6 54 07 02 bc 47 cc c6 95 59 97 7c 5b e4 71 11 39 ad 2b 16 11 bf 7a 29 d9 f1 65 a3 d3 0b 5c 3f>,
      privKey: <Buffer f8 5c 20 76 22 83 06 ff 64 79 01 b6 62 d7 61 bf 2c d9 79 d9 05 e4 fe 16 98 2d 75 ca fe 33 f0 7f>
    },
    lastRemoteEphemeralKey: <Buffer 05 97 52 90 47 b7 16 a2 db 3c 51 74 ff 67 32 0f c8 0e 7d b9 3c 55 aa 97 d6 d9 6a 08 2e c6 de a3 06>,
    previousCounter: 0,
    rootKey: <Buffer 34 81 33 fa fa 88 8c d5 81 37 35 d0 28 7f 7e 9a b3 5b 2c 09 ec 4b 86 c2 b5 23 49 c7 ef 7b 89 24>
  },
  indexInfo: {
    baseKey: <Buffer 05 de 10 aa 38 dd 2f 18 ee b6 e5 37 76 da 3f 47 92 77 0c 02 05 01 22 1a 69 ff 93 98 7a 5a 0a 2d 02>,
    baseKeyType: 1,
    closed: 1791123440339,
    used: 1791123434924,
    created: 1791123434924,
    remoteIdentityKey: <Buffer 05 3a 55 84 47 39 c0 38 94 bb eb ee 22 28 90 6f 28 2d a4 1e 12 1e c5 b8 4f f7 4e 8b 1f 71 5c cd 27>
  },
  pendingPreKey: {
    signedKeyId: 4106625,
    baseKey: <Buffer 05 de 10 aa 38 dd 2f 18 ee b6 e5 37 76 da 3f 47 92 77 0c 02 05 01 22 1a 69 ff 93 98 7a 5a 0a 2d 02>,
    preKeyId: 10009617
  }
}
⚠️ Koneksi terputus. Menghubungkan kembali...
❌ Sesi terputus total. Silakan hapus folder session_baru dan jalankan ulang.
⚠️ Koneksi terputus. Menghubungkan kembali...
❌ Sesi terputus total. Silakan hapus folder session_baru dan jalankan ulang.
⚠️ Koneksi terputus. Menghubungkan kembali...
❌ Sesi terputus total. Silakan hapus folder session_baru dan jalankan ulang.
⚠️ Koneksi terputus. Menghubungkan kembali...
❌ Sesi terputus total. Silakan hapus folder session_baru dan jalankan ulang.
⚠️ Koneksi terputus. Menghubungkan kembali...
❌ Sesi terputus total. Silakan hapus folder session_baru dan jalankan ulang.
⚠️ Koneksi terputus. Menghubungkan kembali...
❌ Sesi terputus total. Silakan hapus folder session_baru dan jalankan ulang.
⚠️ Koneksi terputus. Menghubungkan kembali...
❌ Sesi terputus total. Silakan hapus folder session_baru dan jalankan ulang.
⚠️ Koneksi terputus. Menghubungkan kembali...
❌ Sesi terputus total. Silakan hapus folder session_baru dan jalankan ulang.
⚠️ Koneksi terputus. Menghubungkan kembali...
❌ Sesi terputus total. Silakan hapus folder session_baru dan jalankan ulang.
⚠️ Koneksi terputus. Menghubungkan kembali...
❌ Sesi terputus total. Silakan hapus folder session_baru dan jalankan ulang.

✅ BOT KENSHO MART BERHASIL TERHUBUNG SEPENUHNYA!

📩 Pesan dari 259803209314336@lid: "p"
📩 Pesan dari 259803209314336@lid: "5"
📩 Pesan dari 259803209314336@lid: "0"
📩 Pesan dari 259803209314336@lid: "2"
📩 Pesan dari 259803209314336@lid: "21"
📩 Pesan dari 259803209314336@lid: "215"
📩 Pesan dari 259803209314336@lid: "7"

✅ BOT KENSHO MART BERHASIL TERHUBUNG SEPENUHNYA!

📩 Pesan dari 259803209314336@lid: "menu"
📩 Pesan dari 259803209314336@lid: "5"
📩 Pesan dari 259803209314336@lid: "51"
📩 Pesan dari 259803209314336@lid: "0"
📩 Pesan dari 259803209314336@lid: "8"
📩 Pesan dari 259803209314336@lid: "0"

✅ BOT KENSHO MART BERHASIL TERHUBUNG SEPENUHNYA!

📩 Pesan dari 259803209314336@lid: "menu"
📩 Pesan dari 259803209314336@lid: "7"

✅ BOT KENSHO MART BERHASIL TERHUBUNG SEPENUHNYA!

📩 Pesan dari 259803209314336@lid: "7"

✅ BOT KENSHO MART BERHASIL TERHUBUNG SEPENUHNYA!

📩 Pesan dari 259803209314336@lid: "0"
📩 Pesan dari 259803209314336@lid: "7"

✅ BOT KENSHO MART BERHASIL TERHUBUNG SEPENUHNYA!

📩 Pesan dari 259803209314336@lid: "menu"
📩 Pesan dari 259803209314336@lid: "7"

✅ BOT KENSHO MART BERHASIL TERHUBUNG SEPENUHNYA!

📩 Pesan dari 259803209314336@lid: "7"

✅ BOT KENSHO MART BERHASIL TERHUBUNG SEPENUHNYA!

📩 Pesan dari 259803209314336@lid: "7"

✅ BOT KENSHO MART BERHASIL TERHUBUNG SEPENUHNYA!

📩 Pesan dari 259803209314336@lid: "menu"
📩 Pesan dari 259803209314336@lid: "7"
📩 Pesan dari 259803209314336@lid: "0"
📩 Pesan dari 259803209314336@lid: "10"
📩 Pesan dari 259803209314336@lid: "menu"
📩 Pesan dari 259803209314336@lid: "3"
📩 Pesan dari 259803209314336@lid: "31"
📩 Pesan dari 259803209314336@lid: "7"
📩 Pesan dari 259803209314336@lid: "menu"
📩 Pesan dari 259803209314336@lid: "4"
📩 Pesan dari 259803209314336@lid: "45"
📩 Pesan dari 259803209314336@lid: "41"
📩 Pesan dari 259803209314336@lid: "7"
📩 Pesan dari 259803209314336@lid: ""
📩 Pesan dari 259803209314336@lid: "proses"

✅ BOT KENSHO MART BERHASIL TERHUBUNG SEPENUHNYA!

📩 Pesan dari 259803209314336@lid: "menu"
Closing session: SessionEntry {
  _chains: {
    'BW21RJAc1SHmpu8pf1kfsS6KP+7h/g/GYeo3jxG3wsoJ': { chainKey: [Object], chainType: 2, messageKeys: {} },
    'BXoqOUu2P/7YWQVF1WuVwGM1W3lN9VaKJdMSK+HPRhIf': { chainKey: [Object], chainType: 2, messageKeys: {} },
    'BZU6gYCd/5toFPlPhdvNdkgitxmQogkM7EWsIvDCW3sO': { chainKey: [Object], chainType: 2, messageKeys: {} },
    BdXGbYENQDWAj8N3qKtvvSLJzDskdQcLlLsxtexcb5IO: { chainKey: [Object], chainType: 1, messageKeys: {} }
  },
  registrationId: 696180770,
  currentRatchet: {
    ephemeralKeyPair: {
      pubKey: <Buffer 05 d5 c6 6d 81 0d 40 35 80 8f c3 77 a8 ab 6f bd 22 c9 cc 3b 24 75 07 0b 94 bb 31 b5 ec 5c 6f 92 0e>,
      privKey: <Buffer f8 7a 60 c5 42 cd 92 f7 d2 01 3b d5 de 0b 52 24 dd c0 2c 60 d9 44 cd 1a 7d d2 85 8a d2 d0 80 45>
    },
    lastRemoteEphemeralKey: <Buffer 05 95 3a 81 80 9d ff 9b 68 14 f9 4f 85 db cd 76 48 22 b7 19 90 a2 09 0c ec 45 ac 22 f0 c2 5b 7b 0e>,
    previousCounter: 35,
    rootKey: <Buffer f6 34 7c 2c 88 63 c3 e6 8c 92 40 40 e6 2e 58 89 51 c7 df af f5 77 37 56 26 23 e9 ff de 76 17 63>
  },
  indexInfo: {
    baseKey: <Buffer 05 b3 b9 6d ab 9a 53 2c ae 0e 1e d7 dd 76 ba 12 1b be 0f 1c f7 d7 6b 2a fc a9 77 bc b7 0d 53 0f 1c>,
    baseKeyType: 2,
    closed: -1,
    used: 1791148140041,
    created: 1791146038246,
    remoteIdentityKey: <Buffer 05 3a 55 84 47 39 c0 38 94 bb eb ee 22 28 90 6f 28 2d a4 1e 12 1e c5 b8 4f f7 4e 8b 1f 71 5c cd 27>
  }
}
📩 Pesan dari 259803209314336@lid: "7"
Closing session: SessionEntry {
  _chains: {
    BSoJop0pwF2KhBdmyEILz9dToJ2QiMUOUvKZX7Hk3INm: { chainKey: [Object], chainType: 2, messageKeys: {} },
    'BQs0SfP6HmaZt/gmWhM9PmOZ+Ps0iTwyYvN6biGJ3sYm': { chainKey: [Object], chainType: 1, messageKeys: {} }
  },
  registrationId: 696180770,
  currentRatchet: {
    ephemeralKeyPair: {
      pubKey: <Buffer 05 0b 34 49 f3 fa 1e 66 99 b7 f8 26 5a 13 3d 3e 63 99 f8 fb 34 89 3c 32 62 f3 7a 6e 21 89 de c6 26>,
      privKey: <Buffer 68 eb 07 e7 4b f7 47 d7 b8 89 9f d2 f6 01 7d 57 8a 19 26 80 de 9a 9e fa 0a ca fc d8 f9 7e a2 4f>
    },
    lastRemoteEphemeralKey: <Buffer 05 2a 09 a2 9d 29 c0 5d 8a 84 17 66 c8 42 0b cf d7 53 a0 9d 90 88 c5 0e 52 f2 99 5f b1 e4 dc 83 66>,
    previousCounter: 0,
    rootKey: <Buffer 59 ea 33 f7 98 85 5e 47 f6 88 f7 46 ad 76 28 73 91 c3 b2 ca 93 eb be d4 e0 8f 4f 9b dc 8b 30 57>
  },
  indexInfo: {
    baseKey: <Buffer 05 fe 31 e6 c1 fe c3 10 1c 27 c3 b6 7f d2 f5 9a 84 15 ad 48 29 3f 3c 26 d7 b9 b2 0e ad 0b 6f 6d 46>,
    baseKeyType: 2,
    closed: -1,
    used: 1791148345937,
    created: 1791148345937,
    remoteIdentityKey: <Buffer 05 3a 55 84 47 39 c0 38 94 bb eb ee 22 28 90 6f 28 2d a4 1e 12 1e c5 b8 4f f7 4e 8b 1f 71 5c cd 27>
  }
}
📩 Pesan dari 259803209314336@lid: ""

✅ BOT KENSHO MART BERHASIL TERHUBUNG SEPENUHNYA!

📩 Pesan dari 259803209314336@lid: "p"
📩 Pesan dari 259803209314336@lid: "menu"
📩 Pesan dari 259803209314336@lid: "mantap"
📩 Pesan dari 259803209314336@lid: "hahahah"

✅ BOT KENSHO MART BERHASIL TERHUBUNG SEPENUHNYA!

📩 Pesan dari 259803209314336@lid: "p"
📩 Pesan dari 259803209314336@lid: "mantap"
📩 Pesan dari 259803209314336@lid: "mantap"

✅ BOT KENSHO MART BERHASIL TERHUBUNG SEPENUHNYA!

📩 Pesan dari 259803209314336@lid: "p"
📩 Pesan dari 259803209314336@lid: "p"
📩 Pesan dari 259803209314336@lid: "menu"
⚠️️ Koneksi terputus. Menghubungkan kembali...

✅ BOT KENSHO MART BERHASIL TERHUBUNG SEPENUHNYA!

⚠️️ Koneksi terputus. Menghubungkan kembali...

✅ BOT KENSHO MART BERHASIL TERHUBUNG SEPENUHNYA!


✅ BOT KENSHO MART TERHUBUNG!

📩 Pesan dari 259803209314336@lid: "p"
📩 Pesan dari 259803209314336@lid: "p"
⚠ Koneksi terputus. Menghubungkan kembali...

✅ BOT KENSHO MART TERHUBUNG!

⚠ Koneksi terputus. Menghubungkan kembali...

✅ BOT KENSHO MART TERHUBUNG!


✅ BOT KENSHO MART TERHUBUNG!

📩 Pesan dari 259803209314336@lid: "menu"

✅ BOT KENSHO MART TERHUBUNG!

📩 Pesan dari 259803209314336@lid: "1"
📩 Pesan dari 259803209314336@lid: "1"
📩 Pesan dari 259803209314336@lid: "meni"

✅ BOT KENSHO MART TERHUBUNG!

📩 Pesan dari 259803209314336@lid: "1"

✅ BOT KENSHO MART TERHUBUNG!


✅ BOT KENSHO MART TERHUBUNG!

📩 Pesan dari 259803209314336@lid: "1"
📩 Pesan dari 259803209314336@lid: "1"

✅ BOT KENSHO MART TERHUBUNG!

📩 Pesan dari 259803209314336@lid: "menu"
⚠ Koneksi terputus. Menghubungkan kembali...

✅ BOT KENSHO MART TERHUBUNG!


✅ BOT KENSHO MART TERHUBUNG!

📩 Pesan dari 259803209314336@lid: "menu"
📩 Pesan dari 259803209314336@lid: "1"
📩 Pesan dari 259803209314336@lid: "menu"
📩 Pesan dari 259803209314336@lid: "7"
⚠ Koneksi terputus. Menghubungkan kembali...

✅ BOT KENSHO MART TERHUBUNG!


✅ BOT KENSHO MART TERHUBUNG!

📩 Pesan dari 259803209314336@lid: "menu"
📩 Pesan dari 259803209314336@lid: "1"
⚠ Koneksi terputus. Menghubungkan kembali...

✅ BOT KENSHO MART TERHUBUNG!

⚠ Koneksi terputus. Menghubungkan kembali...

✅ BOT KENSHO MART TERHUBUNG!


✅ BOT KENSHO MART BERHASIL TERHUBUNG SEPENUHNYA!

📩 Pesan dari 259803209314336@lid: "menu"
📩 Pesan dari 259803209314336@lid: "7"
📩 Pesan dari 259803209314336@lid: "p"

✅ BOT KENSHO MART BERHASIL TERHUBUNG SEPENUHNYA!


✅ BOT KENSHO MART BERHASIL TERHUBUNG SEPENUHNYA!

📩 Pesan dari 259803209314336@lid: "p"
📩 Pesan dari 259803209314336@lid: "p"
📩 Pesan dari 259803209314336@lid: "hggk"
📩 Pesan dari 259803209314336@lid: "p"

✅ BOT KENSHO MART BERHASIL TERHUBUNG SEPENUHNYA!

📩 Pesan dari 259803209314336@lid: "p"
📩 Pesan dari 259803209314336@lid: "gghj"

✅ BOT KENSHO MART BERHASIL TERHUBUNG SEPENUHNYA!

📩 Pesan dari 259803209314336@lid: "p"
📩 Pesan dari 259803209314336@lid: "menu"
📩 Pesan dari 259803209314336@lid: "1"
📩 Pesan dari 259803209314336@lid: "13"

✅ BOT KENSHO MART BERHASIL TERHUBUNG SEPENUHNYA!

📩 Pesan dari 259803209314336@lid: "1"
📩 Pesan dari 259803209314336@lid: "menu"
📩 Pesan dari 259803209314336@lid: "2"

✅ BOT KENSHO MART BERHASIL TERHUBUNG SEPENUHNYA!

📩 Pesan dari 259803209314336@lid: "2"

✅ BOT KENSHO MART BERHASIL TERHUBUNG SEPENUHNYA!


✅ BOT KENSHO MART BERHASIL TERHUBUNG SEPENUHNYA!

📩 Pesan dari 259803209314336@lid: "menu"
📩 Pesan dari 259803209314336@lid: "8"
⚠️ Koneksi terputus. Menghubungkan kembali...
⚠️ Koneksi terputus. Menghubungkan kembali...
❌ Sesi terputus total. Silakan hapus folder session_baru dan jalankan ulang.
⚠️ Koneksi terputus. Menghubungkan kembali...
❌ Sesi terputus total. Silakan hapus folder session_baru dan jalankan ulang.

✅ BOT KENSHO MART BERHASIL TERHUBUNG SEPENUHNYA!

Closing session: SessionEntry {
  _chains: {
    'BczBRAw7zbsWwqdzqMdlfo+IEMP2TPd7/vfXg/4aKXUS': { chainKey: [Object], chainType: 2, messageKeys: {} },
    'BW60bsKzlEyWlCxtteyvue/fShk1BQXwG0UUbiiL3LF5': { chainKey: [Object], chainType: 1, messageKeys: {} }
  },
  registrationId: 731186759,
  currentRatchet: {
    ephemeralKeyPair: {
      pubKey: <Buffer 05 6e b4 6e c2 b3 94 4c 96 94 2c 6d b5 ec af b9 ef df 4a 19 35 05 05 f0 1b 45 14 6e 28 8b dc b1 79>,
      privKey: <Buffer 28 f6 42 39 11 67 ca b8 fd 66 23 ef 7f 6d 1d 9a e4 a5 b0 96 a4 46 f0 dc 81 0f 90 45 df 9b 8e 5c>
    },
    lastRemoteEphemeralKey: <Buffer 05 cc c1 44 0c 3b cd bb 16 c2 a7 73 a8 c7 65 7e 8f 88 10 c3 f6 4c f7 7b fe f7 d7 83 fe 1a 29 75 12>,
    previousCounter: 0,
    rootKey: <Buffer fd b4 7c 9b 8e db 6e 85 f1 2c f4 bf 4a 2b 1c 05 41 c4 49 63 70 00 91 01 b0 e0 28 bd c5 ee a5 ad>
  },
  indexInfo: {
    baseKey: <Buffer 05 46 79 ae 73 55 36 7d 7d 07 ec 7c d2 8c a2 44 a0 1b fc de b9 70 a8 ba 8d 3d 2a 74 a1 1f 5f b8 15>,
    baseKeyType: 2,
    closed: -1,
    used: 1791204856242,
    created: 1791204856242,
    remoteIdentityKey: <Buffer 05 6a 81 70 a2 21 95 0f ae 2e 0f fa 9c af 6e 90 8e 9d 77 bd eb 32 20 53 ff ea c1 11 a3 84 41 5a 25>
  }
}
Closing session: SessionEntry {
  _chains: {
    'BeDz8fOV9Nz8/2iqmoFqy1mEgY7DrrpR5gn5j5bgLuwL': { chainKey: [Object], chainType: 2, messageKeys: {} },
    'Bfjpq6WSz7ylMijHPx+kCSQnNtDTQgiTOU7orb2d49p+': { chainKey: [Object], chainType: 1, messageKeys: {} }
  },
  registrationId: 731186759,
  currentRatchet: {
    ephemeralKeyPair: {
      pubKey: <Buffer 05 f8 e9 ab a5 92 cf bc a5 32 28 c7 3f 1f a4 09 24 27 36 d0 d3 42 08 93 39 4e e8 ad bd 9d e3 da 7e>,
      privKey: <Buffer 48 57 77 48 f9 c6 3e 7f d0 71 ea 2e ab 6c df c8 40 91 53 5a 5e 5f 46 29 b4 c0 a4 49 07 26 a1 53>
    },
    lastRemoteEphemeralKey: <Buffer 05 e0 f3 f1 f3 95 f4 dc fc ff 68 aa 9a 81 6a cb 59 84 81 8e c3 ae ba 51 e6 09 f9 8f 96 e0 2e ec 0b>,
    previousCounter: 0,
    rootKey: <Buffer 2b 8b 91 d2 93 7f 5e 1a 80 bd 68 7f 09 16 da 4c 4d 70 06 7f 48 5f 18 ea f4 1f 5b d2 23 59 1b 8c>
  },
  indexInfo: {
    baseKey: <Buffer 05 56 74 01 62 61 90 37 29 05 18 c9 42 04 1d 3a 87 b2 d2 4e 8d 33 94 ff 55 57 f3 fc 77 2a 1a 74 10>,
    baseKeyType: 2,
    closed: -1,
    used: 1791205000704,
    created: 1791205000704,
    remoteIdentityKey: <Buffer 05 6a 81 70 a2 21 95 0f ae 2e 0f fa 9c af 6e 90 8e 9d 77 bd eb 32 20 53 ff ea c1 11 a3 84 41 5a 25>
  }
}
Closing session: SessionEntry {
  _chains: {
    'BWu6a5WGd3i3vqT/GVEgIwubSiS5zWflAoUomMGi441g': { chainKey: [Object], chainType: 1, messageKeys: {} }
  },
  registrationId: 731186759,
  currentRatchet: {
    ephemeralKeyPair: {
      pubKey: <Buffer 05 6b ba 6b 95 86 77 78 b7 be a4 ff 19 51 20 23 0b 9b 4a 24 b9 cd 67 e5 02 85 28 98 c1 a2 e3 8d 60>,
      privKey: <Buffer b8 e2 2d ce 78 a5 d3 9c 2d ae 28 94 3d 7a d3 75 4a d4 93 34 ee 8d 88 93 5b 7e cb d5 35 76 94 53>
    },
    lastRemoteEphemeralKey: <Buffer 05 61 5e 68 77 d4 7a b4 49 b4 57 89 12 fe ba dd 9b cc c5 9a aa 7a 55 b8 5d ce 6b aa 06 97 7c 50 5f>,
    previousCounter: 0,
    rootKey: <Buffer 50 a9 30 c5 c3 5e 43 e5 f7 8c e2 7b 1f b2 6b 58 ac 07 69 ef 97 aa c1 a7 83 23 95 5c 11 87 0c 38>
  },
  indexInfo: {
    baseKey: <Buffer 05 41 fe d4 96 8e bb 7c bf 0f 4c f0 ce 42 2e 99 8e ac f2 fb 52 e2 ae 18 03 d7 f5 a4 e7 df 7d e9 01>,
    baseKeyType: 1,
    closed: -1,
    used: 1791205006411,
    created: 1791205006411,
    remoteIdentityKey: <Buffer 05 6a 81 70 a2 21 95 0f ae 2e 0f fa 9c af 6e 90 8e 9d 77 bd eb 32 20 53 ff ea c1 11 a3 84 41 5a 25>
  },
  pendingPreKey: {
    signedKeyId: 118234,
    baseKey: <Buffer 05 41 fe d4 96 8e bb 7c bf 0f 4c f0 ce 42 2e 99 8e ac f2 fb 52 e2 ae 18 03 d7 f5 a4 e7 df 7d e9 01>,
    preKeyId: 15034210
  }
}
Closing session: SessionEntry {
  _chains: {
    BUpVDRvsUwDCg16a8pPspkigNwTxoyhLWuWgGuliFBIv: { chainKey: [Object], chainType: 1, messageKeys: {} }
  },
  registrationId: 731186759,
  currentRatchet: {
    ephemeralKeyPair: {
      pubKey: <Buffer 05 4a 55 0d 1b ec 53 00 c2 83 5e 9a f2 93 ec a6 48 a0 37 04 f1 a3 28 4b 5a e5 a0 1a e9 62 14 12 2f>,
      privKey: <Buffer 28 ab fd 0d 01 f1 d6 0a b4 c4 d6 85 22 0a c3 23 fb 37 d5 9c ea c5 4c 48 50 9b 7e 85 47 b1 eb 60>
    },
    lastRemoteEphemeralKey: <Buffer 05 61 5e 68 77 d4 7a b4 49 b4 57 89 12 fe ba dd 9b cc c5 9a aa 7a 55 b8 5d ce 6b aa 06 97 7c 50 5f>,
    previousCounter: 0,
    rootKey: <Buffer 8b 08 3c 68 51 64 85 60 59 af 58 0a 30 22 e7 5c 70 38 a9 d2 33 45 4a 39 06 d7 fc dc fa 60 cf 9f>
  },
  indexInfo: {
    baseKey: <Buffer 05 dd bb 57 46 65 5a 2c 05 a2 32 61 ab c7 3c 08 7b 79 83 b9 71 b8 39 aa ba cb c7 fc cf d4 2e eb 0b>,
    baseKeyType: 1,
    closed: -1,
    used: 1791205011721,
    created: 1791205011721,
    remoteIdentityKey: <Buffer 05 6a 81 70 a2 21 95 0f ae 2e 0f fa 9c af 6e 90 8e 9d 77 bd eb 32 20 53 ff ea c1 11 a3 84 41 5a 25>
  },
  pendingPreKey: {
    signedKeyId: 118234,
    baseKey: <Buffer 05 dd bb 57 46 65 5a 2c 05 a2 32 61 ab c7 3c 08 7b 79 83 b9 71 b8 39 aa ba cb c7 fc cf d4 2e eb 0b>,
    preKeyId: 15034305
  }
}
Closing session: SessionEntry {
  _chains: {
    'BeoqRjxe+2JT1wTBZyXZ3DiD5KLdVBPoMza6x2z46RIZ': { chainKey: [Object], chainType: 1, messageKeys: {} }
  },
  registrationId: 731186759,
  currentRatchet: {
    ephemeralKeyPair: {
      pubKey: <Buffer 05 ea 2a 46 3c 5e fb 62 53 d7 04 c1 67 25 d9 dc 38 83 e4 a2 dd 54 13 e8 33 36 ba c7 6c f8 e9 12 19>,
      privKey: <Buffer a8 be 73 30 8b b4 0e 67 d8 e2 95 dd 52 52 d9 7e 6a 0d 8a 22 b7 ee 80 19 85 ac c9 d1 04 93 34 4f>
    },
    lastRemoteEphemeralKey: <Buffer 05 61 5e 68 77 d4 7a b4 49 b4 57 89 12 fe ba dd 9b cc c5 9a aa 7a 55 b8 5d ce 6b aa 06 97 7c 50 5f>,
    previousCounter: 0,
    rootKey: <Buffer f3 1d 9b 40 cb a8 2e e2 13 fd b0 65 c2 58 01 e4 89 c5 b2 dc ba cf f4 7c 1e 02 d0 52 ca 18 80 4b>
  },
  indexInfo: {
    baseKey: <Buffer 05 bb 4a ac 9f fe 07 a7 dd e4 78 e6 20 da 37 fd 3e d5 79 21 fa 19 31 87 96 98 75 6d dc 58 ea 30 3d>,
    baseKeyType: 1,
    closed: -1,
    used: 1791205017000,
    created: 1791205017000,
    remoteIdentityKey: <Buffer 05 6a 81 70 a2 21 95 0f ae 2e 0f fa 9c af 6e 90 8e 9d 77 bd eb 32 20 53 ff ea c1 11 a3 84 41 5a 25>
  },
  pendingPreKey: {
    signedKeyId: 118234,
    baseKey: <Buffer 05 bb 4a ac 9f fe 07 a7 dd e4 78 e6 20 da 37 fd 3e d5 79 21 fa 19 31 87 96 98 75 6d dc 58 ea 30 3d>,
    preKeyId: 15034317
  }
}
Closing session: SessionEntry {
  _chains: {
    'BYnwb0o0/TWxQpkdTHsTslbWj9Ggu8zW10wEQpp/E6k0': { chainKey: [Object], chainType: 1, messageKeys: {} }
  },
  registrationId: 731186759,
  currentRatchet: {
    ephemeralKeyPair: {
      pubKey: <Buffer 05 89 f0 6f 4a 34 fd 35 b1 42 99 1d 4c 7b 13 b2 56 d6 8f d1 a0 bb cc d6 d7 4c 04 42 9a 7f 13 a9 34>,
      privKey: <Buffer d0 49 5b ac 2f ef 42 93 b6 c7 0d 0d a9 1c db 02 ec 32 8d 69 7e e5 bb d6 4d 50 9a a0 65 e4 75 7e>
    },
    lastRemoteEphemeralKey: <Buffer 05 61 5e 68 77 d4 7a b4 49 b4 57 89 12 fe ba dd 9b cc c5 9a aa 7a 55 b8 5d ce 6b aa 06 97 7c 50 5f>,
    previousCounter: 0,
    rootKey: <Buffer 8a 1e 27 b2 b1 24 f0 7e 5b 10 14 b3 c2 90 39 ec 13 7d e9 8b ea 83 63 8b f2 03 ba 2d 45 be 57 8b>
  },
  indexInfo: {
    baseKey: <Buffer 05 b1 97 6a b4 12 1e 47 fb 1f 1a e8 2f 3a 2a 7a c1 5f a3 8c 4b 3e 8b 75 72 a6 03 2d d7 0f ee bb 77>,
    baseKeyType: 1,
    closed: -1,
    used: 1791205022320,
    created: 1791205022320,
    remoteIdentityKey: <Buffer 05 6a 81 70 a2 21 95 0f ae 2e 0f fa 9c af 6e 90 8e 9d 77 bd eb 32 20 53 ff ea c1 11 a3 84 41 5a 25>
  },
  pendingPreKey: {
    signedKeyId: 118234,
    baseKey: <Buffer 05 b1 97 6a b4 12 1e 47 fb 1f 1a e8 2f 3a 2a 7a c1 5f a3 8c 4b 3e 8b 75 72 a6 03 2d d7 0f ee bb 77>,
    preKeyId: 15034227
  }
}
Closing session: SessionEntry {
  _chains: {
    'BbYThlpFiRYzgvhEquBkMFVy62vIis++BrRIIl4I8d8o': { chainKey: [Object], chainType: 1, messageKeys: {} }
  },
  registrationId: 731186759,
  currentRatchet: {
    ephemeralKeyPair: {
      pubKey: <Buffer 05 b6 13 86 5a 45 89 16 33 82 f8 44 aa e0 64 30 55 72 eb 6b c8 8a cf be 06 b4 48 22 5e 08 f1 df 28>,
      privKey: <Buffer 88 61 3e 99 d0 85 49 ef 33 d1 4b 42 c9 aa f6 88 22 db e5 7c fa 3d 16 46 f2 30 96 fa f5 4f 9d 77>
    },
    lastRemoteEphemeralKey: <Buffer 05 61 5e 68 77 d4 7a b4 49 b4 57 89 12 fe ba dd 9b cc c5 9a aa 7a 55 b8 5d ce 6b aa 06 97 7c 50 5f>,
    previousCounter: 0,
    rootKey: <Buffer 28 dd 04 a1 8e 32 f9 f6 29 e5 37 3c d6 07 75 4a 54 56 4c bf 17 ff 32 2b 44 4f ea 6b 7c 47 f0 44>
  },
  indexInfo: {
    baseKey: <Buffer 05 f8 ef 99 38 94 b3 14 97 56 4f 02 8a b4 6d 1d 69 ee e7 f2 76 bc 7d f7 81 d5 87 23 4b 35 cb 40 71>,
    baseKeyType: 1,
    closed: -1,
    used: 1791205027951,
    created: 1791205027951,
    remoteIdentityKey: <Buffer 05 6a 81 70 a2 21 95 0f ae 2e 0f fa 9c af 6e 90 8e 9d 77 bd eb 32 20 53 ff ea c1 11 a3 84 41 5a 25>
  },
  pendingPreKey: {
    signedKeyId: 118234,
    baseKey: <Buffer 05 f8 ef 99 38 94 b3 14 97 56 4f 02 8a b4 6d 1d 69 ee e7 f2 76 bc 7d f7 81 d5 87 23 4b 35 cb 40 71>,
    preKeyId: 15034547
  }
}
📩 Pesan dari status@broadcast: ""
Closing session: SessionEntry {
  _chains: {
    'BVkrC9EtF9WQJ0wcRQtMa07MdzQYZJ3Yh149OSy+YtV9': { chainKey: [Object], chainType: 1, messageKeys: {} }
  },
  registrationId: 731186759,
  currentRatchet: {
    ephemeralKeyPair: {
      pubKey: <Buffer 05 59 2b 0b d1 2d 17 d5 90 27 4c 1c 45 0b 4c 6b 4e cc 77 34 18 64 9d d8 87 5e 3d 39 2c be 62 d5 7d>,
      privKey: <Buffer 58 6e a9 02 5c cc 9a 1e 1f 20 b3 c2 4e 48 bd 15 db a3 f8 20 5d df 78 f6 11 61 cc e5 fc 6f fa 60>
    },
    lastRemoteEphemeralKey: <Buffer 05 61 5e 68 77 d4 7a b4 49 b4 57 89 12 fe ba dd 9b cc c5 9a aa 7a 55 b8 5d ce 6b aa 06 97 7c 50 5f>,
    previousCounter: 0,
    rootKey: <Buffer 26 c9 af c9 f6 6b 83 b9 97 c7 a5 64 ef 89 b7 a9 02 70 cd 49 45 61 91 f2 07 c0 96 eb ea 42 f3 dd>
  },
  indexInfo: {
    baseKey: <Buffer 05 37 d5 34 47 de 2e 9a 81 0c f1 12 ce 38 42 15 5c 20 74 ec 8e 80 bc 14 5e 32 7a 67 cb 1e e0 ad 48>,
    baseKeyType: 1,
    closed: -1,
    used: 1791205032860,
    created: 1791205032860,
    remoteIdentityKey: <Buffer 05 6a 81 70 a2 21 95 0f ae 2e 0f fa 9c af 6e 90 8e 9d 77 bd eb 32 20 53 ff ea c1 11 a3 84 41 5a 25>
  },
  pendingPreKey: {
    signedKeyId: 118234,
    baseKey: <Buffer 05 37 d5 34 47 de 2e 9a 81 0c f1 12 ce 38 42 15 5c 20 74 ec 8e 80 bc 14 5e 32 7a 67 cb 1e e0 ad 48>,
    preKeyId: 15034534
  }
}
⚠️ Koneksi terputus. Menghubungkan kembali...

✅ BOT KENSHO MART BERHASIL TERHUBUNG SEPENUHNYA!

Closing session: SessionEntry {
  _chains: {
    BXRhZTI6WoCfKnBVgBd8HOyU2H7sYLUtMpw9YX9VJvJQ: { chainKey: [Object], chainType: 1, messageKeys: {} }
  },
  registrationId: 731186759,
  currentRatchet: {
    ephemeralKeyPair: {
      pubKey: <Buffer 05 74 61 65 32 3a 5a 80 9f 2a 70 55 80 17 7c 1c ec 94 d8 7e ec 60 b5 2d 32 9c 3d 61 7f 55 26 f2 50>,
      privKey: <Buffer 38 3f 05 2e dc e1 c1 2d 82 bc 31 07 3c b0 81 b4 a2 fb 6a 83 8f e0 e2 f2 b0 d2 b7 da 73 6c 2a 4a>
    },
    lastRemoteEphemeralKey: <Buffer 05 61 5e 68 77 d4 7a b4 49 b4 57 89 12 fe ba dd 9b cc c5 9a aa 7a 55 b8 5d ce 6b aa 06 97 7c 50 5f>,
    previousCounter: 0,
    rootKey: <Buffer 61 c8 9f 17 c5 57 43 b5 d5 14 68 fd 9a 74 c9 76 41 fa 2d 5c 18 64 82 7a 4d 52 14 b9 21 32 4d 65>
  },
  indexInfo: {
    baseKey: <Buffer 05 3a b6 77 41 c8 35 0c 3a 24 51 64 db 12 bd 8c 0b a1 04 85 de ce e6 91 23 24 11 f3 58 87 f8 61 13>,
    baseKeyType: 1,
    closed: -1,
    used: 1791205043888,
    created: 1791205043888,
    remoteIdentityKey: <Buffer 05 6a 81 70 a2 21 95 0f ae 2e 0f fa 9c af 6e 90 8e 9d 77 bd eb 32 20 53 ff ea c1 11 a3 84 41 5a 25>
  },
  pendingPreKey: {
    signedKeyId: 118234,
    baseKey: <Buffer 05 3a b6 77 41 c8 35 0c 3a 24 51 64 db 12 bd 8c 0b a1 04 85 de ce e6 91 23 24 11 f3 58 87 f8 61 13>,
    preKeyId: 15034306
  }
}
Closing session: SessionEntry {
  _chains: {
    'BcUT/VIXrvSWVZqVHuqtjlu1b4yAYEPCKyQh4ISnDRda': { chainKey: [Object], chainType: 1, messageKeys: {} }
  },
  registrationId: 731186759,
  currentRatchet: {
    ephemeralKeyPair: {
      pubKey: <Buffer 05 c5 13 fd 52 17 ae f4 96 55 9a 95 1e ea ad 8e 5b b5 6f 8c 80 60 43 c2 2b 24 21 e0 84 a7 0d 17 5a>,
      privKey: <Buffer e0 10 37 f4 62 cc d2 1a 3e a6 dd 47 9a 1f 9e 62 43 d7 6f 5a 2d 51 15 37 96 8d 73 8c 36 bd e3 68>
    },
    lastRemoteEphemeralKey: <Buffer 05 61 5e 68 77 d4 7a b4 49 b4 57 89 12 fe ba dd 9b cc c5 9a aa 7a 55 b8 5d ce 6b aa 06 97 7c 50 5f>,
    previousCounter: 0,
    rootKey: <Buffer c7 fb 69 b6 a3 90 ec bb 95 dd 2c 34 4f 03 c3 3d 7a e0 f0 32 a7 74 e5 ae 85 b9 f5 38 98 14 0d 73>
  },
  indexInfo: {
    baseKey: <Buffer 05 c9 56 8f 1b 88 12 ce 3e 9f 43 e1 60 f7 e5 82 6d e8 d8 39 69 eb 80 fa 57 a0 c4 c9 32 76 04 a6 4c>,
    baseKeyType: 1,
    closed: -1,
    used: 1791205211361,
    created: 1791205211361,
    remoteIdentityKey: <Buffer 05 6a 81 70 a2 21 95 0f ae 2e 0f fa 9c af 6e 90 8e 9d 77 bd eb 32 20 53 ff ea c1 11 a3 84 41 5a 25>
  },
  pendingPreKey: {
    signedKeyId: 118234,
    baseKey: <Buffer 05 c9 56 8f 1b 88 12 ce 3e 9f 43 e1 60 f7 e5 82 6d e8 d8 39 69 eb 80 fa 57 a0 c4 c9 32 76 04 a6 4c>,
    preKeyId: 15034541
  }
}
Closing session: SessionEntry {
  _chains: {
    BfYi4LJdQlcwDzDca14kdEA3Pv13EXA6etZjxQdiFVdr: { chainKey: [Object], chainType: 1, messageKeys: {} }
  },
  registrationId: 731186759,
  currentRatchet: {
    ephemeralKeyPair: {
      pubKey: <Buffer 05 f6 22 e0 b2 5d 42 57 30 0f 30 dc 6b 5e 24 74 40 37 3e fd 77 11 70 3a 7a d6 63 c5 07 62 15 57 6b>,
      privKey: <Buffer f8 bd 1e a3 f5 13 35 80 77 fc f9 03 04 67 e9 fb 2b 41 68 21 ae d2 dc 6a 9d f9 57 8e 27 d1 ab 54>
    },
    lastRemoteEphemeralKey: <Buffer 05 61 5e 68 77 d4 7a b4 49 b4 57 89 12 fe ba dd 9b cc c5 9a aa 7a 55 b8 5d ce 6b aa 06 97 7c 50 5f>,
    previousCounter: 0,
    rootKey: <Buffer f1 d6 51 d7 5f 07 58 27 d6 79 cf 92 f6 d5 c1 6b 2d 33 fa 37 0f b1 a3 ee 20 d7 89 d0 74 f5 0b 2e>
  },
  indexInfo: {
    baseKey: <Buffer 05 98 23 f4 a9 d6 86 6c bf bb a1 4a a6 15 6a 03 52 6b 96 72 48 05 3a d4 76 ba 1a 10 5e e0 35 60 24>,
    baseKeyType: 1,
    closed: -1,
    used: 1791205216452,
    created: 1791205216452,
    remoteIdentityKey: <Buffer 05 6a 81 70 a2 21 95 0f ae 2e 0f fa 9c af 6e 90 8e 9d 77 bd eb 32 20 53 ff ea c1 11 a3 84 41 5a 25>
  },
  pendingPreKey: {
    signedKeyId: 118234,
    baseKey: <Buffer 05 98 23 f4 a9 d6 86 6c bf bb a1 4a a6 15 6a 03 52 6b 96 72 48 05 3a d4 76 ba 1a 10 5e e0 35 60 24>,
    preKeyId: 15034557
  }
}
Closing session: SessionEntry {
  _chains: {
    'BUNIaREpQBwoNrWmjzBhfy4LO2W85i0kIfD6Y+K2PbgH': { chainKey: [Object], chainType: 1, messageKeys: {} }
  },
  registrationId: 731186759,
  currentRatchet: {
    ephemeralKeyPair: {
      pubKey: <Buffer 05 43 48 69 11 29 40 1c 28 36 b5 a6 8f 30 61 7f 2e 0b 3b 65 bc e6 2d 24 21 f0 fa 63 e2 b6 3d b8 07>,
      privKey: <Buffer 40 7f 90 3e fb b7 1d 78 84 64 1f f6 33 73 f7 a4 83 a1 ea a3 50 bb eb c7 e1 7c 1b 62 f5 12 d9 52>
    },
    lastRemoteEphemeralKey: <Buffer 05 61 5e 68 77 d4 7a b4 49 b4 57 89 12 fe ba dd 9b cc c5 9a aa 7a 55 b8 5d ce 6b aa 06 97 7c 50 5f>,
    previousCounter: 0,
    rootKey: <Buffer 69 55 67 99 ae 54 ba 01 1c 9c 22 85 c3 1c b4 b3 8b 4c 27 fe ba 3d 0c fe e8 4d 4e c2 97 be 3b ef>
  },
  indexInfo: {
    baseKey: <Buffer 05 cc ec ef c8 b7 9e fc 68 6e 66 88 06 8f be a5 50 02 c6 fc 46 54 05 d7 01 82 bc 46 74 36 32 45 4b>,
    baseKeyType: 1,
    closed: -1,
    used: 1791205221720,
    created: 1791205221720,
    remoteIdentityKey: <Buffer 05 6a 81 70 a2 21 95 0f ae 2e 0f fa 9c af 6e 90 8e 9d 77 bd eb 32 20 53 ff ea c1 11 a3 84 41 5a 25>
  },
  pendingPreKey: {
    signedKeyId: 118234,
    baseKey: <Buffer 05 cc ec ef c8 b7 9e fc 68 6e 66 88 06 8f be a5 50 02 c6 fc 46 54 05 d7 01 82 bc 46 74 36 32 45 4b>,
    preKeyId: 15034606
  }
}
Closing session: SessionEntry {
  _chains: {
    BZaxcmQBk9tmbdb3n8xoh9HQ8fvBH25NmOblQNMLUEpd: { chainKey: [Object], chainType: 1, messageKeys: {} }
  },
  registrationId: 731186759,
  currentRatchet: {
    ephemeralKeyPair: {
      pubKey: <Buffer 05 96 b1 72 64 01 93 db 66 6d d6 f7 9f cc 68 87 d1 d0 f1 fb c1 1f 6e 4d 98 e6 e5 40 d3 0b 50 4a 5d>,
      privKey: <Buffer f8 00 8c 15 1d 16 9c 67 d9 a4 b8 18 cc 93 77 83 8d 37 77 39 6b db 9b 27 95 ca de c5 c7 8c 5b 50>
    },
    lastRemoteEphemeralKey: <Buffer 05 61 5e 68 77 d4 7a b4 49 b4 57 89 12 fe ba dd 9b cc c5 9a aa 7a 55 b8 5d ce 6b aa 06 97 7c 50 5f>,
    previousCounter: 0,
    rootKey: <Buffer cf e0 a0 0d a9 78 0d ed 16 4b 62 bf e5 f0 c7 04 b5 de a1 7a 61 20 fb e9 67 80 9f cd eb e1 b4 a1>
  },
  indexInfo: {
    baseKey: <Buffer 05 9f ff e2 fc af dd 2d 7e 8e 32 8f 81 07 39 54 78 cc 6d 9a 74 03 68 03 32 7d 9e cf 73 ca 61 df 31>,
    baseKeyType: 1,
    closed: -1,
    used: 1791205226981,
    created: 1791205226981,
    remoteIdentityKey: <Buffer 05 6a 81 70 a2 21 95 0f ae 2e 0f fa 9c af 6e 90 8e 9d 77 bd eb 32 20 53 ff ea c1 11 a3 84 41 5a 25>
  },
  pendingPreKey: {
    signedKeyId: 118234,
    baseKey: <Buffer 05 9f ff e2 fc af dd 2d 7e 8e 32 8f 81 07 39 54 78 cc 6d 9a 74 03 68 03 32 7d 9e cf 73 ca 61 df 31>,
    preKeyId: 15034312
  }
}
Closing session: SessionEntry {
  _chains: {
    'BV+Ez17zWFt22aQXdXNOVUC25+GY+KKf+w8TrOV1NdYI': { chainKey: [Object], chainType: 1, messageKeys: {} }
  },
  registrationId: 731186759,
  currentRatchet: {
    ephemeralKeyPair: {
      pubKey: <Buffer 05 5f 84 cf 5e f3 58 5b 76 d9 a4 17 75 73 4e 55 40 b6 e7 e1 98 f8 a2 9f fb 0f 13 ac e5 75 35 d6 08>,
      privKey: <Buffer 70 92 ac 6b 56 73 3c 3e 1d cc 02 f3 36 2a c3 ce ab c8 29 6e 1b 23 f0 76 51 67 63 ac c9 c4 e9 57>
    },
    lastRemoteEphemeralKey: <Buffer 05 61 5e 68 77 d4 7a b4 49 b4 57 89 12 fe ba dd 9b cc c5 9a aa 7a 55 b8 5d ce 6b aa 06 97 7c 50 5f>,
    previousCounter: 0,
    rootKey: <Buffer 07 2f f3 ff b9 08 0a a3 f4 de 04 35 90 a0 06 53 06 2c 2a fe cd e8 f6 c3 89 75 ee bb b8 4e e0 95>
  },
  indexInfo: {
    baseKey: <Buffer 05 c5 20 7a 9b de 82 dd 8f f4 a3 e8 4b 55 1a 6e dd d5 3f c3 3b bd 1d ac b6 8a 77 aa 15 1c 0a 15 68>,
    baseKeyType: 1,
    closed: -1,
    used: 1791205232230,
    created: 1791205232230,
    remoteIdentityKey: <Buffer 05 6a 81 70 a2 21 95 0f ae 2e 0f fa 9c af 6e 90 8e 9d 77 bd eb 32 20 53 ff ea c1 11 a3 84 41 5a 25>
  },
  pendingPreKey: {
    signedKeyId: 118234,
    baseKey: <Buffer 05 c5 20 7a 9b de 82 dd 8f f4 a3 e8 4b 55 1a 6e dd d5 3f c3 3b bd 1d ac b6 8a 77 aa 15 1c 0a 15 68>,
    preKeyId: 15034291
  }
}
Closing session: SessionEntry {
  _chains: {
    'BZVPJfOvaqx1+LMHUkWrYCdQdQBNYWr+4+sG3dDngVwo': { chainKey: [Object], chainType: 1, messageKeys: {} }
  },
  registrationId: 731186759,
  currentRatchet: {
    ephemeralKeyPair: {
      pubKey: <Buffer 05 95 4f 25 f3 af 6a ac 75 f8 b3 07 52 45 ab 60 27 50 75 00 4d 61 6a fe e3 eb 06 dd d0 e7 81 5c 28>,
      privKey: <Buffer 38 3d c1 f7 0a 58 0e 3d 9b 6b cf e1 53 8e e4 72 aa 48 72 96 03 31 8a a4 ad 60 93 de b3 4d cf 40>
    },
    lastRemoteEphemeralKey: <Buffer 05 61 5e 68 77 d4 7a b4 49 b4 57 89 12 fe ba dd 9b cc c5 9a aa 7a 55 b8 5d ce 6b aa 06 97 7c 50 5f>,
    previousCounter: 0,
    rootKey: <Buffer d8 89 29 2b 33 9d cb 5d 29 f3 b3 7c 4e 68 54 14 72 78 7c 2e 24 89 f4 d7 d0 aa d8 b9 64 5c a9 a0>
  },
  indexInfo: {
    baseKey: <Buffer 05 d9 6a 6a 61 53 fb a6 81 78 cc 39 ff d7 69 72 c0 aa c2 ed 46 05 f7 54 00 d0 1a e6 cd 96 a6 f1 0a>,
    baseKeyType: 1,
    closed: -1,
    used: 1791205235197,
    created: 1791205235197,
    remoteIdentityKey: <Buffer 05 6a 81 70 a2 21 95 0f ae 2e 0f fa 9c af 6e 90 8e 9d 77 bd eb 32 20 53 ff ea c1 11 a3 84 41 5a 25>
  },
  pendingPreKey: {
    signedKeyId: 118234,
    baseKey: <Buffer 05 d9 6a 6a 61 53 fb a6 81 78 cc 39 ff d7 69 72 c0 aa c2 ed 46 05 f7 54 00 d0 1a e6 cd 96 a6 f1 0a>,
    preKeyId: 15034289
  }
}
Closing session: SessionEntry {
  _chains: {
    'BUL9cMW+pCIhb/rdYPd/BYNYdS31ZjTHrXubIkwUodMM': { chainKey: [Object], chainType: 1, messageKeys: {} }
  },
  registrationId: 731186759,
  currentRatchet: {
    ephemeralKeyPair: {
      pubKey: <Buffer 05 42 fd 70 c5 be a4 22 21 6f fa dd 60 f7 7f 05 83 58 75 2d f5 66 34 c7 ad 7b 9b 22 4c 14 a1 d3 0c>,
      privKey: <Buffer 40 82 f1 a1 e2 92 56 0b 85 41 ad 85 85 d2 d3 94 75 06 7f 7b b8 60 b4 33 68 db 20 82 91 d7 5e 64>
    },
    lastRemoteEphemeralKey: <Buffer 05 61 5e 68 77 d4 7a b4 49 b4 57 89 12 fe ba dd 9b cc c5 9a aa 7a 55 b8 5d ce 6b aa 06 97 7c 50 5f>,
    previousCounter: 0,
    rootKey: <Buffer e7 99 b7 a7 4c 48 aa f1 16 ab 8e 0b bc 34 f8 a3 03 61 b3 93 5d ec 95 77 ad 25 48 46 d0 fd e1 e9>
  },
  indexInfo: {
    baseKey: <Buffer 05 a4 75 24 f4 90 85 e0 34 c9 16 6e 88 d0 85 01 9f 67 76 67 ad 28 33 7a 64 be 57 30 9d 55 46 ff 12>,
    baseKeyType: 1,
    closed: -1,
    used: 1791205237604,
    created: 1791205237604,
    remoteIdentityKey: <Buffer 05 6a 81 70 a2 21 95 0f ae 2e 0f fa 9c af 6e 90 8e 9d 77 bd eb 32 20 53 ff ea c1 11 a3 84 41 5a 25>
  },
  pendingPreKey: {
    signedKeyId: 118234,
    baseKey: <Buffer 05 a4 75 24 f4 90 85 e0 34 c9 16 6e 88 d0 85 01 9f 67 76 67 ad 28 33 7a 64 be 57 30 9d 55 46 ff 12>,
    preKeyId: 15034292
  }
}
Closing session: SessionEntry {
  _chains: {
    'BcjJm6N9kTw09/V+mMoJb8WL5xpPmbgplSLAuf71US91': { chainKey: [Object], chainType: 1, messageKeys: {} }
  },
  registrationId: 731186759,
  currentRatchet: {
    ephemeralKeyPair: {
      pubKey: <Buffer 05 c8 c9 9b a3 7d 91 3c 34 f7 f5 7e 98 ca 09 6f c5 8b e7 1a 4f 99 b8 29 95 22 c0 b9 fe f5 51 2f 75>,
      privKey: <Buffer 20 c6 3c fb 16 60 14 3f 32 7e d4 2f 0a b2 26 98 e1 8c 66 fe 8b 22 2b 25 98 a3 36 3e 36 c8 96 53>
    },
    lastRemoteEphemeralKey: <Buffer 05 61 5e 68 77 d4 7a b4 49 b4 57 89 12 fe ba dd 9b cc c5 9a aa 7a 55 b8 5d ce 6b aa 06 97 7c 50 5f>,
    previousCounter: 0,
    rootKey: <Buffer 7d 46 f2 d1 26 98 95 ec 5f 9e 9a 73 13 20 9d 87 db dc 3b d8 b6 13 df 8e 08 b2 aa be b0 0c 3e 4b>
  },
  indexInfo: {
    baseKey: <Buffer 05 e8 5e 75 dc 81 44 ae 29 96 fe 40 72 9e 02 da c6 ce 7e 8c de d0 f9 05 36 10 61 d6 c1 57 61 b9 1f>,
    baseKeyType: 1,
    closed: -1,
    used: 1791205242768,
    created: 1791205242768,
    remoteIdentityKey: <Buffer 05 6a 81 70 a2 21 95 0f ae 2e 0f fa 9c af 6e 90 8e 9d 77 bd eb 32 20 53 ff ea c1 11 a3 84 41 5a 25>
  },
  pendingPreKey: {
    signedKeyId: 118234,
    baseKey: <Buffer 05 e8 5e 75 dc 81 44 ae 29 96 fe 40 72 9e 02 da c6 ce 7e 8c de d0 f9 05 36 10 61 d6 c1 57 61 b9 1f>,
    preKeyId: 15034560
  }
}
Closing session: SessionEntry {
  _chains: {
    'BZAT5JNwTRPWqndrinxCEM7hmjNi+D5VRPJ080q4IvUy': { chainKey: [Object], chainType: 1, messageKeys: {} }
  },
  registrationId: 731186759,
  currentRatchet: {
    ephemeralKeyPair: {
      pubKey: <Buffer 05 90 13 e4 93 70 4d 13 d6 aa 77 6b 8a 7c 42 10 ce e1 9a 33 62 f8 3e 55 44 f2 74 f3 4a b8 22 f5 32>,
      privKey: <Buffer 68 94 de 04 94 ec a2 45 10 65 5a ce 3a da c2 43 ec 86 af 4a 3e bd ff 2c a8 50 ef bd fa 18 49 6c>
    },
    lastRemoteEphemeralKey: <Buffer 05 61 5e 68 77 d4 7a b4 49 b4 57 89 12 fe ba dd 9b cc c5 9a aa 7a 55 b8 5d ce 6b aa 06 97 7c 50 5f>,
    previousCounter: 0,
    rootKey: <Buffer 18 8e 17 3b 9a cd 61 0c 72 64 43 b1 34 4a 77 0d 60 9a 39 cf e6 f6 3e 4e 14 05 69 27 f6 01 a1 95>
  },
  indexInfo: {
    baseKey: <Buffer 05 14 8b 44 55 f6 1a e6 67 70 11 eb 13 22 10 27 2d c0 bc 48 78 20 0b f9 ab 0b 73 43 5f 99 3f 01 4d>,
    baseKeyType: 1,
    closed: -1,
    used: 1791205248414,
    created: 1791205248414,
    remoteIdentityKey: <Buffer 05 6a 81 70 a2 21 95 0f ae 2e 0f fa 9c af 6e 90 8e 9d 77 bd eb 32 20 53 ff ea c1 11 a3 84 41 5a 25>
  },
  pendingPreKey: {
    signedKeyId: 118234,
    baseKey: <Buffer 05 14 8b 44 55 f6 1a e6 67 70 11 eb 13 22 10 27 2d c0 bc 48 78 20 0b f9 ab 0b 73 43 5f 99 3f 01 4d>,
    preKeyId: 15034216
  }
}
Closing session: SessionEntry {
  _chains: {
    'Bd6+87pQK/WhjIzl+kF3WMdliPzbxNl6HpPHzscWZW90': { chainKey: [Object], chainType: 1, messageKeys: {} }
  },
  registrationId: 731186759,
  currentRatchet: {
    ephemeralKeyPair: {
      pubKey: <Buffer 05 de be f3 ba 50 2b f5 a1 8c 8c e5 fa 41 77 58 c7 65 88 fc db c4 d9 7a 1e 93 c7 ce c7 16 65 6f 74>,
      privKey: <Buffer 00 c6 6b 85 3e 2e 1a 8f 71 f2 85 ab fc 61 ce df b1 60 4c 1b 61 9a ce e8 25 9f 89 2c 06 6a 89 42>
    },
    lastRemoteEphemeralKey: <Buffer 05 61 5e 68 77 d4 7a b4 49 b4 57 89 12 fe ba dd 9b cc c5 9a aa 7a 55 b8 5d ce 6b aa 06 97 7c 50 5f>,
    previousCounter: 0,
    rootKey: <Buffer fb 07 8b 9b 45 2e 37 2a 8c 09 5f 01 fa e0 26 ba 38 ad d6 fe 17 9f 36 2a f3 b7 7f 4e d6 b0 21 da>
  },
  indexInfo: {
    baseKey: <Buffer 05 f7 f9 84 04 0a 6b d1 d5 2b fb 5d 9c a3 2b 74 2d fe bb 34 63 59 30 5f 64 a5 83 ee 59 23 4d 31 3e>,
    baseKeyType: 1,
    closed: -1,
    used: 1791205253593,
    created: 1791205253593,
    remoteIdentityKey: <Buffer 05 6a 81 70 a2 21 95 0f ae 2e 0f fa 9c af 6e 90 8e 9d 77 bd eb 32 20 53 ff ea c1 11 a3 84 41 5a 25>
  },
  pendingPreKey: {
    signedKeyId: 118234,
    baseKey: <Buffer 05 f7 f9 84 04 0a 6b d1 d5 2b fb 5d 9c a3 2b 74 2d fe bb 34 63 59 30 5f 64 a5 83 ee 59 23 4d 31 3e>,
    preKeyId: 15034586
  }
}
Closing session: SessionEntry {
  _chains: {
    BeZUfdgGYprygZRlsX8XbOVUeITTnKTiZCiSal2BIPVI: { chainKey: [Object], chainType: 1, messageKeys: {} }
  },
  registrationId: 731186759,
  currentRatchet: {
    ephemeralKeyPair: {
      pubKey: <Buffer 05 e6 54 7d d8 06 62 9a f2 81 94 65 b1 7f 17 6c e5 54 78 84 d3 9c a4 e2 64 28 92 6a 5d 81 20 f5 48>,
      privKey: <Buffer 38 4c 79 6b 46 cb c9 64 cb 00 4e 8e a2 1d 68 60 2c 06 4f 19 2f c5 44 c8 32 b3 7b a0 e7 f0 e8 71>
    },
    lastRemoteEphemeralKey: <Buffer 05 61 5e 68 77 d4 7a b4 49 b4 57 89 12 fe ba dd 9b cc c5 9a aa 7a 55 b8 5d ce 6b aa 06 97 7c 50 5f>,
    previousCounter: 0,
    rootKey: <Buffer 57 69 37 2b 8e ed 9b 5c b0 3b 48 19 f3 b7 3f be df cd 45 01 04 e7 01 02 15 ec 1b 1b e2 f7 7b f5>
  },
  indexInfo: {
    baseKey: <Buffer 05 02 fe 12 7a 41 7c 04 c4 af 4f a9 b7 20 32 b0 0d c5 6f 07 5f 8f be 1a 33 53 55 8c 2d 40 8e 40 20>,
    baseKeyType: 1,
    closed: -1,
    used: 1791205258759,
    created: 1791205258759,
    remoteIdentityKey: <Buffer 05 6a 81 70 a2 21 95 0f ae 2e 0f fa 9c af 6e 90 8e 9d 77 bd eb 32 20 53 ff ea c1 11 a3 84 41 5a 25>
  },
  pendingPreKey: {
    signedKeyId: 118234,
    baseKey: <Buffer 05 02 fe 12 7a 41 7c 04 c4 af 4f a9 b7 20 32 b0 0d c5 6f 07 5f 8f be 1a 33 53 55 8c 2d 40 8e 40 20>,
    preKeyId: 15034524
  }
}
📩 Pesan dari 165107552252138@lid: "lanjuttt duluu ajaa"
📩 Pesan dari 165107552252138@lid: "enggaaa"
📩 Pesan dari 165107552252138@lid: "lanjuttt duluu ajaaa kamuu"
📩 Pesan dari 165107552252138@lid: "kenapaa diemm"
📩 Pesan dari 165107552252138@lid: "ehhh enggaa"
⚠️ Koneksi terputus. Menghubungkan kembali...

✅ BOT KENSHO MART BERHASIL TERHUBUNG SEPENUHNYA!

Closing session: SessionEntry {
  _chains: {
    'BU+Pphn+14jIHxNpGYJETxltCX2KYm8UzjVlQJL49iML': { chainKey: [Object], chainType: 2, messageKeys: {} },
    'BRF3f3kaYn0ztoq6x+E+NyoSbl2J9v7LdjuAd5d40sda': { chainKey: [Object], chainType: 1, messageKeys: {} }
  },
  registrationId: 731186759,
  currentRatchet: {
    ephemeralKeyPair: {
      pubKey: <Buffer 05 11 77 7f 79 1a 62 7d 33 b6 8a ba c7 e1 3e 37 2a 12 6e 5d 89 f6 fe cb 76 3b 80 77 97 78 d2 c7 5a>,
      privKey: <Buffer a8 5a 15 31 39 70 07 5a 50 77 b2 23 69 67 77 a7 c3 19 a3 5e 32 78 91 e2 4d 4c a1 34 b1 8f 14 63>
    },
    lastRemoteEphemeralKey: <Buffer 05 4f 8f a6 19 fe d7 88 c8 1f 13 69 19 82 44 4f 19 6d 09 7d 8a 62 6f 14 ce 35 65 40 92 f8 f6 23 0b>,
    previousCounter: 0,
    rootKey: <Buffer b4 02 df 50 9d 2d fd cf 4a 84 bc 31 93 44 84 7d e4 29 fa 36 80 bd fc b7 5a d5 e1 6f de 32 4d 87>
  },
  indexInfo: {
    baseKey: <Buffer 05 7c fd 0b ee 9e ad 7f 02 f1 02 13 04 1e 25 47 e1 d0 ae 97 0a 88 5c 3d 32 6e 8b 14 32 6e ea 4e 07>,
    baseKeyType: 1,
    closed: -1,
    used: 1791206094657,
    created: 1791205278271,
    remoteIdentityKey: <Buffer 05 6a 81 70 a2 21 95 0f ae 2e 0f fa 9c af 6e 90 8e 9d 77 bd eb 32 20 53 ff ea c1 11 a3 84 41 5a 25>
  }
}
Closing session: SessionEntry {
  _chains: {
    'BU+Pphn+14jIHxNpGYJETxltCX2KYm8UzjVlQJL49iML': { chainKey: [Object], chainType: 2, messageKeys: [Object] },
    'BctQOxPEIeIpgTcip4omK/2d0hrneJwbxtiua3YCKsVs': { chainKey: [Object], chainType: 1, messageKeys: {} }
  },
  registrationId: 731186759,
  currentRatchet: {
    ephemeralKeyPair: {
      pubKey: <Buffer 05 cb 50 3b 13 c4 21 e2 29 81 37 22 a7 8a 26 2b fd 9d d2 1a e7 78 9c 1b c6 d8 ae 6b 76 02 2a c5 6c>,
      privKey: <Buffer 90 d7 af eb de 72 79 21 03 2f cc cd 3b 19 2a 52 60 60 77 42 ce 5d 5c 7b c0 95 ee ee f0 49 30 43>
    },
    lastRemoteEphemeralKey: <Buffer 05 4f 8f a6 19 fe d7 88 c8 1f 13 69 19 82 44 4f 19 6d 09 7d 8a 62 6f 14 ce 35 65 40 92 f8 f6 23 0b>,
    previousCounter: -1,
    rootKey: <Buffer 21 e4 81 a1 de 87 97 47 ba 4d 6c 94 2d 43 20 dd e9 3e f2 fd f1 64 f5 d9 2e b4 db 9a 16 95 43 72>
  },
  indexInfo: {
    baseKey: <Buffer 05 dd 85 c0 d9 1b 8e df a0 4f 59 25 ac 12 fe 5a f8 97 aa 8b 3f 1c 62 b4 7e 94 4d d3 42 74 b2 8a 34>,
    baseKeyType: 1,
    closed: -1,
    used: 1791206097245,
    created: 1791206097245,
    remoteIdentityKey: <Buffer 05 6a 81 70 a2 21 95 0f ae 2e 0f fa 9c af 6e 90 8e 9d 77 bd eb 32 20 53 ff ea c1 11 a3 84 41 5a 25>
  },
  pendingPreKey: {
    signedKeyId: 118234,
    baseKey: <Buffer 05 dd 85 c0 d9 1b 8e df a0 4f 59 25 ac 12 fe 5a f8 97 aa 8b 3f 1c 62 b4 7e 94 4d d3 42 74 b2 8a 34>,
    preKeyId: 15034548
  }
}
Closing session: SessionEntry {
  _chains: {
    'BU+Pphn+14jIHxNpGYJETxltCX2KYm8UzjVlQJL49iML': { chainKey: [Object], chainType: 2, messageKeys: [Object] },
    'BVtXG+FjuJ9laNPVWlmcVz/LVF6peCgP9+nB14DcsJYz': { chainKey: [Object], chainType: 1, messageKeys: {} }
  },
  registrationId: 731186759,
  currentRatchet: {
    ephemeralKeyPair: {
      pubKey: <Buffer 05 5b 57 1b e1 63 b8 9f 65 68 d3 d5 5a 59 9c 57 3f cb 54 5e a9 78 28 0f f7 e9 c1 d7 80 dc b0 96 33>,
      privKey: <Buffer c8 cf d7 26 ee 28 68 c1 13 f5 13 20 a1 15 cb 75 9b 68 71 9b 8f 80 90 2a 62 ea e8 4c c7 3e 77 75>
    },
    lastRemoteEphemeralKey: <Buffer 05 4f 8f a6 19 fe d7 88 c8 1f 13 69 19 82 44 4f 19 6d 09 7d 8a 62 6f 14 ce 35 65 40 92 f8 f6 23 0b>,
    previousCounter: -1,
    rootKey: <Buffer 22 5f b6 ad 4f f0 e1 1b a7 34 e2 e9 39 c9 aa 8a c0 49 2f f9 62 05 b6 54 c6 34 d3 34 31 fe f0 8c>
  },
  indexInfo: {
    baseKey: <Buffer 05 81 ea 3f 4a ad ea 12 56 39 7d f7 d3 98 fb 36 8b 12 9b a1 b9 53 3e 27 cd d3 30 5f 39 32 d7 77 13>,
    baseKeyType: 1,
    closed: -1,
    used: 1791206102503,
    created: 1791206102503,
    remoteIdentityKey: <Buffer 05 6a 81 70 a2 21 95 0f ae 2e 0f fa 9c af 6e 90 8e 9d 77 bd eb 32 20 53 ff ea c1 11 a3 84 41 5a 25>
  },
  pendingPreKey: {
    signedKeyId: 118234,
    baseKey: <Buffer 05 81 ea 3f 4a ad ea 12 56 39 7d f7 d3 98 fb 36 8b 12 9b a1 b9 53 3e 27 cd d3 30 5f 39 32 d7 77 13>,
    preKeyId: 15034519
  }
}
Closing session: SessionEntry {
  _chains: {
    'BU+Pphn+14jIHxNpGYJETxltCX2KYm8UzjVlQJL49iML': { chainKey: [Object], chainType: 2, messageKeys: [Object] },
    'BVa/D7urDsHJcDVcyWIj2EP05gnNbn625TMi58B7AY95': { chainKey: [Object], chainType: 1, messageKeys: {} }
  },
  registrationId: 731186759,
  currentRatchet: {
    ephemeralKeyPair: {
      pubKey: <Buffer 05 56 bf 0f bb ab 0e c1 c9 70 35 5c c9 62 23 d8 43 f4 e6 09 cd 6e 7e b6 e5 33 22 e7 c0 7b 01 8f 79>,
      privKey: <Buffer 88 c9 5c 00 d9 90 55 f0 07 59 98 64 3f 7d 6f 9b 7f f9 e7 62 b4 3b 5e 94 d7 c6 23 8d de 59 53 60>
    },
    lastRemoteEphemeralKey: <Buffer 05 4f 8f a6 19 fe d7 88 c8 1f 13 69 19 82 44 4f 19 6d 09 7d 8a 62 6f 14 ce 35 65 40 92 f8 f6 23 0b>,
    previousCounter: -1,
    rootKey: <Buffer 4f 2a 66 9a ff 31 02 3f 0c ec bf ae f2 5e 4e 6f a7 ea 17 78 cd 1e 94 9c 66 50 05 a3 1e c6 23 bc>
  },
  indexInfo: {
    baseKey: <Buffer 05 3a 97 51 60 ad 5c 0b da 8f c3 dd 4b 47 0d a9 ba ea f7 c9 07 4a 50 2a e0 4b 36 b0 32 df 49 6d 67>,
    baseKeyType: 1,
    closed: -1,
    used: 1791206107951,
    created: 1791206107951,
    remoteIdentityKey: <Buffer 05 6a 81 70 a2 21 95 0f ae 2e 0f fa 9c af 6e 90 8e 9d 77 bd eb 32 20 53 ff ea c1 11 a3 84 41 5a 25>
  },
  pendingPreKey: {
    signedKeyId: 118234,
    baseKey: <Buffer 05 3a 97 51 60 ad 5c 0b da 8f c3 dd 4b 47 0d a9 ba ea f7 c9 07 4a 50 2a e0 4b 36 b0 32 df 49 6d 67>,
    preKeyId: 15034309
  }
}
Closing session: SessionEntry {
  _chains: {
    'BU+Pphn+14jIHxNpGYJETxltCX2KYm8UzjVlQJL49iML': { chainKey: [Object], chainType: 2, messageKeys: [Object] },
    'BbXL+f4JtM9CDAU1je2cNBk9lW8HI3+RJZTD6cGuX0kW': { chainKey: [Object], chainType: 1, messageKeys: {} }
  },
  registrationId: 731186759,
  currentRatchet: {
    ephemeralKeyPair: {
      pubKey: <Buffer 05 b5 cb f9 fe 09 b4 cf 42 0c 05 35 8d ed 9c 34 19 3d 95 6f 07 23 7f 91 25 94 c3 e9 c1 ae 5f 49 16>,
      privKey: <Buffer c8 ca 5c d9 8d 96 b4 c7 1b 75 9d a7 b2 ab ed 38 32 0a 69 4b 01 ee 5c bf 13 5f fb 2c 4e 1e ae 46>
    },
    lastRemoteEphemeralKey: <Buffer 05 4f 8f a6 19 fe d7 88 c8 1f 13 69 19 82 44 4f 19 6d 09 7d 8a 62 6f 14 ce 35 65 40 92 f8 f6 23 0b>,
    previousCounter: -1,
    rootKey: <Buffer 3d fc 50 fc 5d 70 6a 3a 8a a8 16 bf 80 ed 77 fb 26 b0 1c 1f 13 40 e5 32 0c 44 a6 bc df 46 c7 05>
  },
  indexInfo: {
    baseKey: <Buffer 05 f5 94 96 c8 45 41 b9 97 63 35 8c bd 8d 57 01 62 07 8f 72 61 08 31 de 08 c6 95 96 4b 17 3e 23 49>,
    baseKeyType: 1,
    closed: -1,
    used: 1791206113278,
    created: 1791206113278,
    remoteIdentityKey: <Buffer 05 6a 81 70 a2 21 95 0f ae 2e 0f fa 9c af 6e 90 8e 9d 77 bd eb 32 20 53 ff ea c1 11 a3 84 41 5a 25>
  },
  pendingPreKey: {
    signedKeyId: 118234,
    baseKey: <Buffer 05 f5 94 96 c8 45 41 b9 97 63 35 8c bd 8d 57 01 62 07 8f 72 61 08 31 de 08 c6 95 96 4b 17 3e 23 49>,
    preKeyId: 15034561
  }
}
Closing session: SessionEntry {
  _chains: {
    'BU+Pphn+14jIHxNpGYJETxltCX2KYm8UzjVlQJL49iML': { chainKey: [Object], chainType: 2, messageKeys: [Object] },
    'BZVxA0QF1QfLX9prY4dAuojV3oqQszyShRgJ+GY6tSU1': { chainKey: [Object], chainType: 1, messageKeys: {} }
  },
  registrationId: 731186759,
  currentRatchet: {
    ephemeralKeyPair: {
      pubKey: <Buffer 05 95 71 03 44 05 d5 07 cb 5f da 6b 63 87 40 ba 88 d5 de 8a 90 b3 3c 92 85 18 09 f8 66 3a b5 25 35>,
      privKey: <Buffer e8 b1 b1 63 36 59 7e 53 a3 38 07 33 c6 0e 4a b6 55 4c ff ed a8 33 01 8e d0 99 c0 c5 56 86 7d 7b>
    },
    lastRemoteEphemeralKey: <Buffer 05 4f 8f a6 19 fe d7 88 c8 1f 13 69 19 82 44 4f 19 6d 09 7d 8a 62 6f 14 ce 35 65 40 92 f8 f6 23 0b>,
    previousCounter: -1,
    rootKey: <Buffer 09 e0 69 a7 a2 01 70 77 25 e0 a5 30 b4 d6 35 3b ae d0 69 e0 a2 0d 58 f1 5b 57 03 68 95 5e 8f 54>
  },
  indexInfo: {
    baseKey: <Buffer 05 d6 a5 28 f1 16 f5 37 12 99 1f 0e e7 89 08 f3 56 20 48 d3 81 0f 3f 6f 30 eb c7 be 8a 68 07 e8 25>,
    baseKeyType: 1,
    closed: -1,
    used: 1791206118402,
    created: 1791206118402,
    remoteIdentityKey: <Buffer 05 6a 81 70 a2 21 95 0f ae 2e 0f fa 9c af 6e 90 8e 9d 77 bd eb 32 20 53 ff ea c1 11 a3 84 41 5a 25>
  },
  pendingPreKey: {
    signedKeyId: 118234,
    baseKey: <Buffer 05 d6 a5 28 f1 16 f5 37 12 99 1f 0e e7 89 08 f3 56 20 48 d3 81 0f 3f 6f 30 eb c7 be 8a 68 07 e8 25>,
    preKeyId: 15034320
  }
}
Closing session: SessionEntry {
  _chains: {
    'BU+Pphn+14jIHxNpGYJETxltCX2KYm8UzjVlQJL49iML': { chainKey: [Object], chainType: 2, messageKeys: [Object] },
    BXThVcAlauYaOsZmNSsrMBgEZ7cjAEojzHiF2MVoAk8U: { chainKey: [Object], chainType: 1, messageKeys: {} }
  },
  registrationId: 731186759,
  currentRatchet: {
    ephemeralKeyPair: {
      pubKey: <Buffer 05 74 e1 55 c0 25 6a e6 1a 3a c6 66 35 2b 2b 30 18 04 67 b7 23 00 4a 23 cc 78 85 d8 c5 68 02 4f 14>,
      privKey: <Buffer 10 61 51 ef 6d 55 61 7e 62 52 5d 4c 5d 03 c3 ff b4 f5 09 63 57 01 fc 98 70 2d 4c 4d 5f ce c7 58>
    },
    lastRemoteEphemeralKey: <Buffer 05 4f 8f a6 19 fe d7 88 c8 1f 13 69 19 82 44 4f 19 6d 09 7d 8a 62 6f 14 ce 35 65 40 92 f8 f6 23 0b>,
    previousCounter: -1,
    rootKey: <Buffer 55 33 bf 00 d2 ee b5 51 6c 31 0e dc e4 b6 09 a3 7f 2b 8a 8b b9 79 ed 51 95 94 da 74 6c ae b5 29>
  },
  indexInfo: {
    baseKey: <Buffer 05 cc 4e 7e 04 cb 37 ef 51 6c 03 77 5c 69 76 be f7 91 fd 52 c8 ce dc 13 f0 a1 cd a1 eb e2 e0 46 41>,
    baseKeyType: 1,
    closed: -1,
    used: 1791206123881,
    created: 1791206123881,
    remoteIdentityKey: <Buffer 05 6a 81 70 a2 21 95 0f ae 2e 0f fa 9c af 6e 90 8e 9d 77 bd eb 32 20 53 ff ea c1 11 a3 84 41 5a 25>
  },
  pendingPreKey: {
    signedKeyId: 118234,
    baseKey: <Buffer 05 cc 4e 7e 04 cb 37 ef 51 6c 03 77 5c 69 76 be f7 91 fd 52 c8 ce dc 13 f0 a1 cd a1 eb e2 e0 46 41>,
    preKeyId: 15034506
  }
}
📩 Pesan dari status@broadcast: ""
📩 Pesan dari 165107552252138@lid: "lucuu yaa ituuu"
📩 Pesan dari 165107552252138@lid: "ituu lagii ceritaa"
📩 Pesan dari 165107552252138@lid: "keluarinn siahh darii cf"
⚠️ Koneksi terputus. Menghubungkan kembali...

✅ BOT KENSHO MART BERHASIL TERHUBUNG SEPENUHNYA!

Closing session: SessionEntry {
  _chains: {
    'BU+Pphn+14jIHxNpGYJETxltCX2KYm8UzjVlQJL49iML': { chainKey: [Object], chainType: 2, messageKeys: [Object] },
    'BYXlFYn9GTMmw8WTICU7p3rCNzlbXS/YtPMtmJgBVJ1P': { chainKey: [Object], chainType: 1, messageKeys: {} }
  },
  registrationId: 731186759,
  currentRatchet: {
    ephemeralKeyPair: {
      pubKey: <Buffer 05 85 e5 15 89 fd 19 33 26 c3 c5 93 20 25 3b a7 7a c2 37 39 5b 5d 2f d8 b4 f3 2d 98 98 01 54 9d 4f>,
      privKey: <Buffer 18 2a ce 5e c9 98 30 a0 5e 5c c5 4d 10 77 93 d0 03 c9 57 63 7d 75 62 e8 40 60 95 7c 36 eb c1 69>
    },
    lastRemoteEphemeralKey: <Buffer 05 4f 8f a6 19 fe d7 88 c8 1f 13 69 19 82 44 4f 19 6d 09 7d 8a 62 6f 14 ce 35 65 40 92 f8 f6 23 0b>,
    previousCounter: -1,
    rootKey: <Buffer 1a 7b 9f 61 cf 4d a5 ec 80 c7 d0 3e e5 73 19 cf ea f9 3f fb a1 2e d5 bd 6c a3 03 3e 91 6d c0 f0>
  },
  indexInfo: {
    baseKey: <Buffer 05 90 62 ba 53 ba 21 f6 fb fa 1c 24 81 8a 6c 27 30 6c 5f 79 8d db 93 ad 9a 3f 73 e7 82 ac c8 75 47>,
    baseKeyType: 1,
    closed: -1,
    used: 1791206128975,
    created: 1791206128975,
    remoteIdentityKey: <Buffer 05 6a 81 70 a2 21 95 0f ae 2e 0f fa 9c af 6e 90 8e 9d 77 bd eb 32 20 53 ff ea c1 11 a3 84 41 5a 25>
  },
  pendingPreKey: {
    signedKeyId: 118234,
    baseKey: <Buffer 05 90 62 ba 53 ba 21 f6 fb fa 1c 24 81 8a 6c 27 30 6c 5f 79 8d db 93 ad 9a 3f 73 e7 82 ac c8 75 47>,
    preKeyId: 15034585
  }
}
Closing session: SessionEntry {
  _chains: {
    'BU+Pphn+14jIHxNpGYJETxltCX2KYm8UzjVlQJL49iML': { chainKey: [Object], chainType: 2, messageKeys: [Object] },
    'BeBDOnO9rKrCTQnDBO3dvxUPQyeV5+wRIJ/5bXH7QVFd': { chainKey: [Object], chainType: 1, messageKeys: {} }
  },
  registrationId: 731186759,
  currentRatchet: {
    ephemeralKeyPair: {
      pubKey: <Buffer 05 e0 43 3a 73 bd ac aa c2 4d 09 c3 04 ed dd bf 15 0f 43 27 95 e7 ec 11 20 9f f9 6d 71 fb 41 51 5d>,
      privKey: <Buffer e0 5e f4 45 01 09 cb c7 01 69 f4 a8 a1 27 af 3e 61 60 1e 48 72 2b 60 e2 a4 16 b9 86 9c 72 92 6d>
    },
    lastRemoteEphemeralKey: <Buffer 05 4f 8f a6 19 fe d7 88 c8 1f 13 69 19 82 44 4f 19 6d 09 7d 8a 62 6f 14 ce 35 65 40 92 f8 f6 23 0b>,
    previousCounter: -1,
    rootKey: <Buffer 2a e2 4d d1 4b 85 c5 8f 31 34 07 66 ef 9e e7 d5 e1 d1 5e 0f 58 b6 f9 7b 41 fb 3c b0 47 e4 d8 3e>
  },
  indexInfo: {
    baseKey: <Buffer 05 99 12 20 9a 49 f5 a4 a2 12 4e 3d 7d 66 cc 96 b9 41 33 97 3c c2 5c e9 6c 70 83 0c 04 c8 47 c5 3f>,
    baseKeyType: 1,
    closed: -1,
    used: 1791206591163,
    created: 1791206591163,
    remoteIdentityKey: <Buffer 05 6a 81 70 a2 21 95 0f ae 2e 0f fa 9c af 6e 90 8e 9d 77 bd eb 32 20 53 ff ea c1 11 a3 84 41 5a 25>
  },
  pendingPreKey: {
    signedKeyId: 118234,
    baseKey: <Buffer 05 99 12 20 9a 49 f5 a4 a2 12 4e 3d 7d 66 cc 96 b9 41 33 97 3c c2 5c e9 6c 70 83 0c 04 c8 47 c5 3f>,
    preKeyId: 15034573
  }
}
Closing session: SessionEntry {
  _chains: {
    'BU+Pphn+14jIHxNpGYJETxltCX2KYm8UzjVlQJL49iML': { chainKey: [Object], chainType: 2, messageKeys: [Object] },
    BWIs26R18TXW2tTpRmEKXolOIlSCAZcXsGgXbfBkGakZ: { chainKey: [Object], chainType: 1, messageKeys: {} }
  },
  registrationId: 731186759,
  currentRatchet: {
    ephemeralKeyPair: {
      pubKey: <Buffer 05 62 2c db a4 75 f1 35 d6 da d4 e9 46 61 0a 5e 89 4e 22 54 82 01 97 17 b0 68 17 6d f0 64 19 a9 19>,
      privKey: <Buffer 38 1e fe 97 04 b6 f1 25 d6 7d 63 ef a0 5b 3c 3a c1 f1 e0 48 3a 93 34 ee 17 9e 5e a5 a1 ad 9b 6f>
    },
    lastRemoteEphemeralKey: <Buffer 05 4f 8f a6 19 fe d7 88 c8 1f 13 69 19 82 44 4f 19 6d 09 7d 8a 62 6f 14 ce 35 65 40 92 f8 f6 23 0b>,
    previousCounter: -1,
    rootKey: <Buffer be cc 25 6b 61 91 25 b2 63 1a 1e 56 b5 16 da 42 39 83 4b 9d e0 ca d5 86 20 8c b3 69 cc 7b 4b bf>
  },
  indexInfo: {
    baseKey: <Buffer 05 91 39 94 94 ae 6a 4a 9d 29 59 c5 04 06 c1 ad b7 e1 02 5f 46 ad 24 bb 7b d0 5b 42 7d 37 b9 52 4c>,
    baseKeyType: 1,
    closed: -1,
    used: 1791206596265,
    created: 1791206596265,
    remoteIdentityKey: <Buffer 05 6a 81 70 a2 21 95 0f ae 2e 0f fa 9c af 6e 90 8e 9d 77 bd eb 32 20 53 ff ea c1 11 a3 84 41 5a 25>
  },
  pendingPreKey: {
    signedKeyId: 118234,
    baseKey: <Buffer 05 91 39 94 94 ae 6a 4a 9d 29 59 c5 04 06 c1 ad b7 e1 02 5f 46 ad 24 bb 7b d0 5b 42 7d 37 b9 52 4c>,
    preKeyId: 15034515
  }
}
⚠️ Koneksi terputus. Menghubungkan kembali...

✅ BOT KENSHO MART BERHASIL TERHUBUNG SEPENUHNYA!

⚠️ Koneksi terputus. Menghubungkan kembali...

✅ BOT KENSHO MART BERHASIL TERHUBUNG SEPENUHNYA!

Closing session: SessionEntry {
  _chains: {
    'BU+Pphn+14jIHxNpGYJETxltCX2KYm8UzjVlQJL49iML': { chainKey: [Object], chainType: 2, messageKeys: [Object] },
    'BUIh6136THeAzMItTarGRDVxiZgWdYMmPz2H+0DIEQAP': { chainKey: [Object], chainType: 1, messageKeys: {} }
  },
  registrationId: 731186759,
  currentRatchet: {
    ephemeralKeyPair: {
      pubKey: <Buffer 05 42 21 eb 5d fa 4c 77 80 cc c2 2d 4d aa c6 44 35 71 89 98 16 75 83 26 3f 3d 87 fb 40 c8 11 00 0f>,
      privKey: <Buffer b8 04 fb 0e d5 59 3b c3 72 d3 ed 26 9c bb 4a 54 35 65 ff 30 0b 81 2e e2 ae b3 0b 5f 20 70 bc 62>
    },
    lastRemoteEphemeralKey: <Buffer 05 4f 8f a6 19 fe d7 88 c8 1f 13 69 19 82 44 4f 19 6d 09 7d 8a 62 6f 14 ce 35 65 40 92 f8 f6 23 0b>,
    previousCounter: -1,
    rootKey: <Buffer 59 87 b4 4a 4f dd c1 00 8b b1 a1 31 8a 32 1f 49 56 42 03 be cb b0 e9 f9 07 79 65 13 d2 c1 27 3d>
  },
  indexInfo: {
    baseKey: <Buffer 05 76 ad ec e3 25 3e 19 f9 28 ad 98 f7 81 9f c8 03 da 24 06 c9 54 d8 b5 a2 28 b3 29 fa b7 a0 83 13>,
    baseKeyType: 1,
    closed: -1,
    used: 1791206601578,
    created: 1791206601578,
    remoteIdentityKey: <Buffer 05 6a 81 70 a2 21 95 0f ae 2e 0f fa 9c af 6e 90 8e 9d 77 bd eb 32 20 53 ff ea c1 11 a3 84 41 5a 25>
  },
  pendingPreKey: {
    signedKeyId: 118234,
    baseKey: <Buffer 05 76 ad ec e3 25 3e 19 f9 28 ad 98 f7 81 9f c8 03 da 24 06 c9 54 d8 b5 a2 28 b3 29 fa b7 a0 83 13>,
    preKeyId: 15034218
  }
}
Closing session: SessionEntry {
  _chains: {
    'BU+Pphn+14jIHxNpGYJETxltCX2KYm8UzjVlQJL49iML': { chainKey: [Object], chainType: 2, messageKeys: [Object] },
    'BXqlHlV0LGo+TIh47hZj0BvChkBf+GoJLh4hwn24eYYl': { chainKey: [Object], chainType: 1, messageKeys: {} }
  },
  registrationId: 731186759,
  currentRatchet: {
    ephemeralKeyPair: {
      pubKey: <Buffer 05 7a a5 1e 55 74 2c 6a 3e 4c 88 78 ee 16 63 d0 1b c2 86 40 5f f8 6a 09 2e 1e 21 c2 7d b8 79 86 25>,
      privKey: <Buffer 38 de 5f 3f f8 b5 31 98 1d 1c 11 f7 50 d6 91 b5 4a 96 f5 21 be 92 f1 af 6f 1e 69 2b e5 89 1c 64>
    },
    lastRemoteEphemeralKey: <Buffer 05 4f 8f a6 19 fe d7 88 c8 1f 13 69 19 82 44 4f 19 6d 09 7d 8a 62 6f 14 ce 35 65 40 92 f8 f6 23 0b>,
    previousCounter: -1,
    rootKey: <Buffer fd 76 44 73 4c f9 06 12 14 ce 00 41 5e 6a 8a 5c 0b 90 94 09 b1 4e c6 6b 92 60 17 bd fc 34 0a 5e>
  },
  indexInfo: {
    baseKey: <Buffer 05 d2 bb 6e 6f 1f 56 a5 b1 19 0b 65 6d 7e ae f1 be 40 2b 16 db c7 ea b1 85 73 4e 68 bc 4c 1e bf 6b>,
    baseKeyType: 1,
    closed: -1,
    used: 1791210431459,
    created: 1791210431459,
    remoteIdentityKey: <Buffer 05 6a 81 70 a2 21 95 0f ae 2e 0f fa 9c af 6e 90 8e 9d 77 bd eb 32 20 53 ff ea c1 11 a3 84 41 5a 25>
  },
  pendingPreKey: {
    signedKeyId: 118234,
    baseKey: <Buffer 05 d2 bb 6e 6f 1f 56 a5 b1 19 0b 65 6d 7e ae f1 be 40 2b 16 db c7 ea b1 85 73 4e 68 bc 4c 1e bf 6b>,
    preKeyId: 15034572
  }
}
Closing session: SessionEntry {
  _chains: {
    'BU+Pphn+14jIHxNpGYJETxltCX2KYm8UzjVlQJL49iML': { chainKey: [Object], chainType: 2, messageKeys: [Object] },
    'BZaMZQdYSTOQaQJ3Swuu/gJpdnr4QqlzE/dAkpiT54V9': { chainKey: [Object], chainType: 1, messageKeys: {} }
  },
  registrationId: 731186759,
  currentRatchet: {
    ephemeralKeyPair: {
      pubKey: <Buffer 05 96 8c 65 07 58 49 33 90 69 02 77 4b 0b ae fe 02 69 76 7a f8 42 a9 73 13 f7 40 92 98 93 e7 85 7d>,
      privKey: <Buffer 28 9b f7 f1 12 82 d5 f9 e3 cd 2b 7c 9e dc b9 89 9d 3c c3 65 64 a2 33 b1 93 1c 6b 0e 47 90 f3 7e>
    },
    lastRemoteEphemeralKey: <Buffer 05 4f 8f a6 19 fe d7 88 c8 1f 13 69 19 82 44 4f 19 6d 09 7d 8a 62 6f 14 ce 35 65 40 92 f8 f6 23 0b>,
    previousCounter: -1,
    rootKey: <Buffer aa 06 c2 ba 3e 94 c2 9f d5 90 c3 a8 3f 06 7a ab b5 5e e7 ea 00 00 f8 4b 4b c6 4e bb ba 1f e5 e8>
  },
  indexInfo: {
    baseKey: <Buffer 05 ef 41 17 2b be 25 1f ef f1 f1 a9 4a bc 22 bc fa 02 21 63 d9 2a 0e 1b 8a ba c2 05 fc d7 fc a2 1d>,
    baseKeyType: 1,
    closed: -1,
    used: 1791210432194,
    created: 1791210432194,
    remoteIdentityKey: <Buffer 05 6a 81 70 a2 21 95 0f ae 2e 0f fa 9c af 6e 90 8e 9d 77 bd eb 32 20 53 ff ea c1 11 a3 84 41 5a 25>
  },
  pendingPreKey: {
    signedKeyId: 118234,
    baseKey: <Buffer 05 ef 41 17 2b be 25 1f ef f1 f1 a9 4a bc 22 bc fa 02 21 63 d9 2a 0e 1b 8a ba c2 05 fc d7 fc a2 1d>,
    preKeyId: 15034530
  }
}
Closing session: SessionEntry {
  _chains: {
    'BU+Pphn+14jIHxNpGYJETxltCX2KYm8UzjVlQJL49iML': { chainKey: [Object], chainType: 2, messageKeys: [Object] },
    'BV+QWiaZminYX2Jo6OR7/XEahdOhqCVxkmYgYS27vzEy': { chainKey: [Object], chainType: 1, messageKeys: {} }
  },
  registrationId: 731186759,
  currentRatchet: {
    ephemeralKeyPair: {
      pubKey: <Buffer 05 5f 90 5a 26 99 9a 29 d8 5f 62 68 e8 e4 7b fd 71 1a 85 d3 a1 a8 25 71 92 66 20 61 2d bb bf 31 32>,
      privKey: <Buffer a0 e7 a5 12 d9 88 37 a9 18 ea 18 3e 9f 43 2f 9f 1d b5 fd e0 31 11 34 b4 6b 34 17 7d f1 9d e9 7f>
    },
    lastRemoteEphemeralKey: <Buffer 05 4f 8f a6 19 fe d7 88 c8 1f 13 69 19 82 44 4f 19 6d 09 7d 8a 62 6f 14 ce 35 65 40 92 f8 f6 23 0b>,
    previousCounter: -1,
    rootKey: <Buffer 92 92 4d 21 4d 9c 88 46 72 d2 f2 58 0f a9 b4 c1 3b 40 be 3f cd fc 61 1d eb 1c 28 e0 61 a4 d1 79>
  },
  indexInfo: {
    baseKey: <Buffer 05 05 c4 cd d7 03 da 2b fe e1 9a 1c de 4f bf 04 38 0d 54 e4 2c 98 61 e4 68 63 15 8e 9f cf a1 99 09>,
    baseKeyType: 1,
    closed: -1,
    used: 1791210433133,
    created: 1791210433133,
    remoteIdentityKey: <Buffer 05 6a 81 70 a2 21 95 0f ae 2e 0f fa 9c af 6e 90 8e 9d 77 bd eb 32 20 53 ff ea c1 11 a3 84 41 5a 25>
  },
  pendingPreKey: {
    signedKeyId: 118234,
    baseKey: <Buffer 05 05 c4 cd d7 03 da 2b fe e1 9a 1c de 4f bf 04 38 0d 54 e4 2c 98 61 e4 68 63 15 8e 9f cf a1 99 09>,
    preKeyId: 15034504
  }
}
Closing session: SessionEntry {
  _chains: {
    'BU+Pphn+14jIHxNpGYJETxltCX2KYm8UzjVlQJL49iML': { chainKey: [Object], chainType: 2, messageKeys: [Object] },
    'BYW6rhIh01KIiRIJW7q82O/guvM8RRu7T1Rs9EGGEK4k': { chainKey: [Object], chainType: 1, messageKeys: {} }
  },
  registrationId: 731186759,
  currentRatchet: {
    ephemeralKeyPair: {
      pubKey: <Buffer 05 85 ba ae 12 21 d3 52 88 89 12 09 5b ba bc d8 ef e0 ba f3 3c 45 1b bb 4f 54 6c f4 41 86 10 ae 24>,
      privKey: <Buffer 30 ed b7 94 86 1f 68 59 63 af 73 9e 6b dc dd af cc 67 21 40 a4 82 76 ab 8d 9f 42 6b 78 b0 a1 69>
    },
    lastRemoteEphemeralKey: <Buffer 05 4f 8f a6 19 fe d7 88 c8 1f 13 69 19 82 44 4f 19 6d 09 7d 8a 62 6f 14 ce 35 65 40 92 f8 f6 23 0b>,
    previousCounter: -1,
    rootKey: <Buffer 6c 0b 51 c3 36 dd 25 bf 73 b9 d0 f1 5f b5 76 8c d8 21 e8 5c 62 a6 e0 93 e9 9c de 21 34 82 02 ad>
  },
  indexInfo: {
    baseKey: <Buffer 05 27 f1 77 3b 7c d2 fc 2f 55 1a c6 14 81 58 88 c9 8c 8b 9c 9a 8c 85 06 54 9a 94 99 2f dd e2 36 5f>,
    baseKeyType: 1,
    closed: -1,
    used: 1791210433921,
    created: 1791210433921,
    remoteIdentityKey: <Buffer 05 6a 81 70 a2 21 95 0f ae 2e 0f fa 9c af 6e 90 8e 9d 77 bd eb 32 20 53 ff ea c1 11 a3 84 41 5a 25>
  },
  pendingPreKey: {
    signedKeyId: 118234,
    baseKey: <Buffer 05 27 f1 77 3b 7c d2 fc 2f 55 1a c6 14 81 58 88 c9 8c 8b 9c 9a 8c 85 06 54 9a 94 99 2f dd e2 36 5f>,
    preKeyId: 15034213
  }
}
Closing session: SessionEntry {
  _chains: {
    'BU+Pphn+14jIHxNpGYJETxltCX2KYm8UzjVlQJL49iML': { chainKey: [Object], chainType: 2, messageKeys: [Object] },
    'BeDKV3EVw0btX7RoaW1I09dUAcOjtMqaqzE0H2nQWJ5/': { chainKey: [Object], chainType: 1, messageKeys: {} }
  },
  registrationId: 731186759,
  currentRatchet: {
    ephemeralKeyPair: {
      pubKey: <Buffer 05 e0 ca 57 71 15 c3 46 ed 5f b4 68 69 6d 48 d3 d7 54 01 c3 a3 b4 ca 9a ab 31 34 1f 69 d0 58 9e 7f>,
      privKey: <Buffer 50 4b 61 14 e8 da 81 da a3 16 86 76 03 99 c2 4a e4 de 9d f8 61 71 3b dd 92 14 e1 48 14 cb 25 4b>
    },
    lastRemoteEphemeralKey: <Buffer 05 4f 8f a6 19 fe d7 88 c8 1f 13 69 19 82 44 4f 19 6d 09 7d 8a 62 6f 14 ce 35 65 40 92 f8 f6 23 0b>,
    previousCounter: -1,
    rootKey: <Buffer a6 66 0c fd e7 7d a6 7d 2a a7 5b ad cb ac 27 8b 7f 79 ad e5 6f f1 51 3d 5f 86 eb 9b 7f ae 12 50>
  },
  indexInfo: {
    baseKey: <Buffer 05 48 51 99 3d b4 e7 38 d3 60 73 a1 a3 ab cd 3c 6d a5 c4 1e fd 19 d4 58 ad bb 95 f9 53 17 34 e6 77>,
    baseKeyType: 1,
    closed: -1,
    used: 1791210435266,
    created: 1791210435266,
    remoteIdentityKey: <Buffer 05 6a 81 70 a2 21 95 0f ae 2e 0f fa 9c af 6e 90 8e 9d 77 bd eb 32 20 53 ff ea c1 11 a3 84 41 5a 25>
  },
  pendingPreKey: {
    signedKeyId: 118234,
    baseKey: <Buffer 05 48 51 99 3d b4 e7 38 d3 60 73 a1 a3 ab cd 3c 6d a5 c4 1e fd 19 d4 58 ad bb 95 f9 53 17 34 e6 77>,
    preKeyId: 15034297
  }
}
Closing session: SessionEntry {
  _chains: {
    'BU+Pphn+14jIHxNpGYJETxltCX2KYm8UzjVlQJL49iML': { chainKey: [Object], chainType: 2, messageKeys: [Object] },
    'BSa26wQS6daWxKsrhsK1I+5pXFmUbK2CeB2hQwreDJNH': { chainKey: [Object], chainType: 1, messageKeys: {} }
  },
  registrationId: 731186759,
  currentRatchet: {
    ephemeralKeyPair: {
      pubKey: <Buffer 05 26 b6 eb 04 12 e9 d6 96 c4 ab 2b 86 c2 b5 23 ee 69 5c 59 94 6c ad 82 78 1d a1 43 0a de 0c 93 47>,
      privKey: <Buffer 90 85 13 bc 5b be 2b 76 3b a2 d9 0c d9 0c fa 9b d5 0d 6f c5 aa dc 32 a9 97 0b 8d bf 42 47 1e 7b>
    },
    lastRemoteEphemeralKey: <Buffer 05 4f 8f a6 19 fe d7 88 c8 1f 13 69 19 82 44 4f 19 6d 09 7d 8a 62 6f 14 ce 35 65 40 92 f8 f6 23 0b>,
    previousCounter: -1,
    rootKey: <Buffer 73 13 72 51 26 8f d8 09 99 66 6c b7 09 d9 dd 5e 10 d8 68 15 71 3e 29 7d fa a7 ed b7 8c 93 14 e0>
  },
  indexInfo: {
    baseKey: <Buffer 05 5e b3 d0 22 42 97 eb de 47 97 66 c0 04 e5 0c 68 b9 1c 84 45 9b 21 3b 9f 70 ac 7c 87 64 a5 fe 62>,
    baseKeyType: 1,
    closed: -1,
    used: 1791210436028,
    created: 1791210436028,
    remoteIdentityKey: <Buffer 05 6a 81 70 a2 21 95 0f ae 2e 0f fa 9c af 6e 90 8e 9d 77 bd eb 32 20 53 ff ea c1 11 a3 84 41 5a 25>
  },
  pendingPreKey: {
    signedKeyId: 118234,
    baseKey: <Buffer 05 5e b3 d0 22 42 97 eb de 47 97 66 c0 04 e5 0c 68 b9 1c 84 45 9b 21 3b 9f 70 ac 7c 87 64 a5 fe 62>,
    preKeyId: 15034275
  }
}
Closing session: SessionEntry {
  _chains: {
    'BU+Pphn+14jIHxNpGYJETxltCX2KYm8UzjVlQJL49iML': { chainKey: [Object], chainType: 2, messageKeys: [Object] },
    'BYWHmKL2KJck+F2aUsBIQQxwiSLNqnKmz3ZUWVFsODYV': { chainKey: [Object], chainType: 1, messageKeys: {} }
  },
  registrationId: 731186759,
  currentRatchet: {
    ephemeralKeyPair: {
      pubKey: <Buffer 05 85 87 98 a2 f6 28 97 24 f8 5d 9a 52 c0 48 41 0c 70 89 22 cd aa 72 a6 cf 76 54 59 51 6c 38 36 15>,
      privKey: <Buffer b8 e9 e1 f6 e8 c0 42 98 c6 55 be 6d e1 f7 93 d8 ee dd b8 45 7f 43 18 30 5b 46 82 63 0e f9 86 5e>
    },
    lastRemoteEphemeralKey: <Buffer 05 4f 8f a6 19 fe d7 88 c8 1f 13 69 19 82 44 4f 19 6d 09 7d 8a 62 6f 14 ce 35 65 40 92 f8 f6 23 0b>,
    previousCounter: -1,
    rootKey: <Buffer 6a 53 c0 fa 73 d0 bb d6 6d 33 1e 61 bf 92 00 df 34 02 8d f9 a7 20 41 88 b5 37 c3 de ce b3 4b f0>
  },
  indexInfo: {
    baseKey: <Buffer 05 c8 2a 43 da c4 a7 47 f9 2c c1 7f 83 78 3f f7 2d a7 e3 a4 24 d0 56 e2 16 4b a7 34 95 47 42 28 46>,
    baseKeyType: 1,
    closed: -1,
    used: 1791210437095,
    created: 1791210437095,
    remoteIdentityKey: <Buffer 05 6a 81 70 a2 21 95 0f ae 2e 0f fa 9c af 6e 90 8e 9d 77 bd eb 32 20 53 ff ea c1 11 a3 84 41 5a 25>
  },
  pendingPreKey: {
    signedKeyId: 118234,
    baseKey: <Buffer 05 c8 2a 43 da c4 a7 47 f9 2c c1 7f 83 78 3f f7 2d a7 e3 a4 24 d0 56 e2 16 4b a7 34 95 47 42 28 46>,
    preKeyId: 15034620
  }
}
Closing session: SessionEntry {
  _chains: {
    'BU+Pphn+14jIHxNpGYJETxltCX2KYm8UzjVlQJL49iML': { chainKey: [Object], chainType: 2, messageKeys: [Object] },
    BYRoYTyIHowY3fPe1VmmeauOze2RgjlqnhLkYmgTDXhC: { chainKey: [Object], chainType: 1, messageKeys: {} }
  },
  registrationId: 731186759,
  currentRatchet: {
    ephemeralKeyPair: {
      pubKey: <Buffer 05 84 68 61 3c 88 1e 8c 18 dd f3 de d5 59 a6 79 ab 8e cd ed 91 82 39 6a 9e 12 e4 62 68 13 0d 78 42>,
      privKey: <Buffer 20 ef d5 e6 14 24 d6 08 71 ba b1 bc 12 e7 68 b8 ee c8 a9 b0 40 ec 9a d7 c8 64 b2 0e a0 69 1b 6c>
    },
    lastRemoteEphemeralKey: <Buffer 05 4f 8f a6 19 fe d7 88 c8 1f 13 69 19 82 44 4f 19 6d 09 7d 8a 62 6f 14 ce 35 65 40 92 f8 f6 23 0b>,
    previousCounter: -1,
    rootKey: <Buffer 03 f3 67 42 91 c0 e3 a3 8f b2 76 98 30 04 a2 0f ba 51 bf 67 04 0d 63 e1 97 9e 0b 22 52 7e b7 cf>
  },
  indexInfo: {
    baseKey: <Buffer 05 56 b3 bd b3 4c 42 7a e3 e8 4f ac 40 79 06 d6 0c 79 17 5d 87 00 6f bd c4 f8 77 e2 58 a6 57 15 02>,
    baseKeyType: 1,
    closed: -1,
    used: 1791210437887,
    created: 1791210437887,
    remoteIdentityKey: <Buffer 05 6a 81 70 a2 21 95 0f ae 2e 0f fa 9c af 6e 90 8e 9d 77 bd eb 32 20 53 ff ea c1 11 a3 84 41 5a 25>
  },
  pendingPreKey: {
    signedKeyId: 118234,
    baseKey: <Buffer 05 56 b3 bd b3 4c 42 7a e3 e8 4f ac 40 79 06 d6 0c 79 17 5d 87 00 6f bd c4 f8 77 e2 58 a6 57 15 02>,
    preKeyId: 15034591
  }
}
Closing session: SessionEntry {
  _chains: {
    'BULqBhF+kD2YL1LYKj+xP6rp5p+dRVBzXgi2+JSaoxRJ': { chainKey: [Object], chainType: 2, messageKeys: {} },
    BXNt1iaKB9OVYqYxfc81J8ucNJhNTSLtRMJerqTVvjQO: { chainKey: [Object], chainType: 1, messageKeys: {} }
  },
  registrationId: 731186759,
  currentRatchet: {
    ephemeralKeyPair: {
      pubKey: <Buffer 05 73 6d d6 26 8a 07 d3 95 62 a6 31 7d cf 35 27 cb 9c 34 98 4d 4d 22 ed 44 c2 5e ae a4 d5 be 34 0e>,
      privKey: <Buffer 90 88 82 ba db ca 21 99 e7 de 80 2a cd 60 f5 7a 22 5e f5 53 89 c3 16 a4 6e 89 c8 ac f8 73 87 73>
    },
    lastRemoteEphemeralKey: <Buffer 05 42 ea 06 11 7e 90 3d 98 2f 52 d8 2a 3f b1 3f aa e9 e6 9f 9d 45 50 73 5e 08 b6 f8 94 9a a3 14 49>,
    previousCounter: 0,
    rootKey: <Buffer 78 9a 91 94 06 a7 09 a8 91 ee e5 e1 e0 66 da 53 05 bb 55 e5 74 0c c9 3d 1a dd 8a 26 9d 77 72 ab>
  },
  indexInfo: {
    baseKey: <Buffer 05 5f 41 88 27 2b 12 55 26 82 8a 42 3f e0 85 60 2f 09 6a a2 3d d3 d4 d9 4e db b5 96 be b8 1b b9 39>,
    baseKeyType: 2,
    closed: -1,
    used: 1791210438076,
    created: 1791210438076,
    remoteIdentityKey: <Buffer 05 6a 81 70 a2 21 95 0f ae 2e 0f fa 9c af 6e 90 8e 9d 77 bd eb 32 20 53 ff ea c1 11 a3 84 41 5a 25>
  }
}
Removing old closed session: SessionEntry {
  _chains: {
    'BczBRAw7zbsWwqdzqMdlfo+IEMP2TPd7/vfXg/4aKXUS': { chainKey: [Object], chainType: 2, messageKeys: {} },
    'BW60bsKzlEyWlCxtteyvue/fShk1BQXwG0UUbiiL3LF5': { chainKey: [Object], chainType: 1, messageKeys: {} }
  },
  registrationId: 731186759,
  currentRatchet: {
    ephemeralKeyPair: {
      pubKey: <Buffer 05 6e b4 6e c2 b3 94 4c 96 94 2c 6d b5 ec af b9 ef df 4a 19 35 05 05 f0 1b 45 14 6e 28 8b dc b1 79>,
      privKey: <Buffer 28 f6 42 39 11 67 ca b8 fd 66 23 ef 7f 6d 1d 9a e4 a5 b0 96 a4 46 f0 dc 81 0f 90 45 df 9b 8e 5c>
    },
    lastRemoteEphemeralKey: <Buffer 05 cc c1 44 0c 3b cd bb 16 c2 a7 73 a8 c7 65 7e 8f 88 10 c3 f6 4c f7 7b fe f7 d7 83 fe 1a 29 75 12>,
    previousCounter: 0,
    rootKey: <Buffer fd b4 7c 9b 8e db 6e 85 f1 2c f4 bf 4a 2b 1c 05 41 c4 49 63 70 00 91 01 b0 e0 28 bd c5 ee a5 ad>
  },
  indexInfo: {
    baseKey: <Buffer 05 46 79 ae 73 55 36 7d 7d 07 ec 7c d2 8c a2 44 a0 1b fc de b9 70 a8 ba 8d 3d 2a 74 a1 1f 5f b8 15>,
    baseKeyType: 2,
    closed: 1791205000698,
    used: 1791204856242,
    created: 1791204856242,
    remoteIdentityKey: <Buffer 05 6a 81 70 a2 21 95 0f ae 2e 0f fa 9c af 6e 90 8e 9d 77 bd eb 32 20 53 ff ea c1 11 a3 84 41 5a 25>
  }
}
Closing session: SessionEntry {
  _chains: {
    BfR2t8FCIrtRRDcb4eL8067dTcFLqdR9EdFQV49pn5sY: { chainKey: [Object], chainType: 1, messageKeys: {} }
  },
  registrationId: 731186759,
  currentRatchet: {
    ephemeralKeyPair: {
      pubKey: <Buffer 05 f4 76 b7 c1 42 22 bb 51 44 37 1b e1 e2 fc d3 ae dd 4d c1 4b a9 d4 7d 11 d1 50 57 8f 69 9f 9b 18>,
      privKey: <Buffer b8 2c ad bc 9d ff 78 b3 9e 4b f6 1b ad d8 83 ee 40 2e 98 50 54 6c d3 bf 5f d0 22 e0 40 23 19 71>
    },
    lastRemoteEphemeralKey: <Buffer 05 61 5e 68 77 d4 7a b4 49 b4 57 89 12 fe ba dd 9b cc c5 9a aa 7a 55 b8 5d ce 6b aa 06 97 7c 50 5f>,
    previousCounter: 0,
    rootKey: <Buffer 2e 71 65 ae af 55 35 d1 df a9 c6 da 4e 8a 61 02 5c 26 09 92 94 19 56 b8 2e 42 28 26 76 11 12 ab>
  },
  indexInfo: {
    baseKey: <Buffer 05 1c dc a9 17 68 97 82 82 76 b3 21 a3 c0 19 e9 af 4c fc fb d5 ca 30 e2 7a 17 ae 46 b1 07 92 c1 25>,
    baseKeyType: 1,
    closed: -1,
    used: 1791210438854,
    created: 1791210438854,
    remoteIdentityKey: <Buffer 05 6a 81 70 a2 21 95 0f ae 2e 0f fa 9c af 6e 90 8e 9d 77 bd eb 32 20 53 ff ea c1 11 a3 84 41 5a 25>
  },
  pendingPreKey: {
    signedKeyId: 118234,
    baseKey: <Buffer 05 1c dc a9 17 68 97 82 82 76 b3 21 a3 c0 19 e9 af 4c fc fb d5 ca 30 e2 7a 17 ae 46 b1 07 92 c1 25>,
    preKeyId: 15034217
  }
}
Removing old closed session: SessionEntry {
  _chains: {
    'BeDz8fOV9Nz8/2iqmoFqy1mEgY7DrrpR5gn5j5bgLuwL': { chainKey: [Object], chainType: 2, messageKeys: {} },
    'Bfjpq6WSz7ylMijHPx+kCSQnNtDTQgiTOU7orb2d49p+': { chainKey: [Object], chainType: 1, messageKeys: {} }
  },
  registrationId: 731186759,
  currentRatchet: {
    ephemeralKeyPair: {
      pubKey: <Buffer 05 f8 e9 ab a5 92 cf bc a5 32 28 c7 3f 1f a4 09 24 27 36 d0 d3 42 08 93 39 4e e8 ad bd 9d e3 da 7e>,
      privKey: <Buffer 48 57 77 48 f9 c6 3e 7f d0 71 ea 2e ab 6c df c8 40 91 53 5a 5e 5f 46 29 b4 c0 a4 49 07 26 a1 53>
    },
    lastRemoteEphemeralKey: <Buffer 05 e0 f3 f1 f3 95 f4 dc fc ff 68 aa 9a 81 6a cb 59 84 81 8e c3 ae ba 51 e6 09 f9 8f 96 e0 2e ec 0b>,
    previousCounter: 0,
    rootKey: <Buffer 2b 8b 91 d2 93 7f 5e 1a 80 bd 68 7f 09 16 da 4c 4d 70 06 7f 48 5f 18 ea f4 1f 5b d2 23 59 1b 8c>
  },
  indexInfo: {
    baseKey: <Buffer 05 56 74 01 62 61 90 37 29 05 18 c9 42 04 1d 3a 87 b2 d2 4e 8d 33 94 ff 55 57 f3 fc 77 2a 1a 74 10>,
    baseKeyType: 2,
    closed: 1791205006426,
    used: 1791205000704,
    created: 1791205000704,
    remoteIdentityKey: <Buffer 05 6a 81 70 a2 21 95 0f ae 2e 0f fa 9c af 6e 90 8e 9d 77 bd eb 32 20 53 ff ea c1 11 a3 84 41 5a 25>
  }
}
⚠️ Koneksi terputus. Menghubungkan kembali...

✅ BOT KENSHO MART BERHASIL TERHUBUNG SEPENUHNYA!

⚠️ Koneksi terputus. Menghubungkan kembali...

✅ BOT KENSHO MART BERHASIL TERHUBUNG SEPENUHNYA!

⚠️ Koneksi terputus. Menghubungkan kembali...

✅ BOT KENSHO MART BERHASIL TERHUBUNG SEPENUHNYA!


✅ BOT KENSHO MART BERHASIL TERHUBUNG SEPENUHNYA!

📩 Pesan dari status@broadcast: ""
📩 Pesan dari status@broadcast: ""
📩 Pesan dari status@broadcast: ""
⚠️ Koneksi terputus. Menghubungkan kembali...

✅ BOT KENSHO MART BERHASIL TERHUBUNG SEPENUHNYA!

⚠️ Koneksi terputus. Menghubungkan kembali...

✅ BOT KENSHO MART BERHASIL TERHUBUNG SEPENUHNYA!

Closing session: SessionEntry {
  _chains: {
    'BbSO2lTE8a+3BBDeaLmF1TIysBARYgZUzGdrY/yKF/RB': { chainKey: [Object], chainType: 2, messageKeys: {} },
    'Bbev9taU+9MIr8SaHfQ7+InoFTOWq78VxBqAbxlqCKto': { chainKey: [Object], chainType: 2, messageKeys: {} },
    BVbZcfhnPvec8heXpsvEACVsyss8mX0IonmAX0cqTN0Z: { chainKey: [Object], chainType: 1, messageKeys: {} }
  },
  registrationId: 731186759,
  currentRatchet: {
    ephemeralKeyPair: {
      pubKey: <Buffer 05 56 d9 71 f8 67 3e f7 9c f2 17 97 a6 cb c4 00 25 6c ca cb 3c 99 7d 08 a2 79 80 5f 47 2a 4c dd 19>,
      privKey: <Buffer 00 dc 91 de 67 24 36 60 28 8d e9 2a 88 21 d6 88 fd f1 b9 ab 61 83 76 7b 04 5a 03 27 6f 21 9d 66>
    },
    lastRemoteEphemeralKey: <Buffer 05 b7 af f6 d6 94 fb d3 08 af c4 9a 1d f4 3b f8 89 e8 15 33 96 ab bf 15 c4 1a 80 6f 19 6a 08 ab 68>,
    previousCounter: 1,
    rootKey: <Buffer f2 35 c3 b9 c5 79 f8 bf 40 3d 80 f5 f0 16 1d 33 85 86 3d 2e 04 c7 b1 fa 56 c6 d8 e5 fc 88 e2 99>
  },
  indexInfo: {
    baseKey: <Buffer 05 98 9a 56 1b 0c 05 36 4d 1b f6 00 9a 42 fc 9d 3e 8d 45 c4 c1 0a 53 20 7c 5b 8c 5b 85 27 2b 07 7a>,
    baseKeyType: 2,
    closed: -1,
    used: 1791212609783,
    created: 1791212579963,
    remoteIdentityKey: <Buffer 05 6a 81 70 a2 21 95 0f ae 2e 0f fa 9c af 6e 90 8e 9d 77 bd eb 32 20 53 ff ea c1 11 a3 84 41 5a 25>
  }
}
Closing session: SessionEntry {
  _chains: {
    BfiNuKN87qeWlOXyPfju3G5tm3nRzBHcjNmJ6WUGLIo5: { chainKey: [Object], chainType: 2, messageKeys: {} },
    BdknsMMR7hBwBDi1t8VZtUhubgi8sfhvxzsrqB5jahRp: { chainKey: [Object], chainType: 1, messageKeys: {} }
  },
  registrationId: 731186759,
  currentRatchet: {
    ephemeralKeyPair: {
      pubKey: <Buffer 05 d9 27 b0 c3 11 ee 10 70 04 38 b5 b7 c5 59 b5 48 6e 6e 08 bc b1 f8 6f c7 3b 2b a8 1e 63 6a 14 69>,
      privKey: <Buffer 20 a0 81 a1 4c 3f 64 5c ec c6 db 90 19 e4 b5 12 1c 35 62 05 7c 69 1c e3 9d c4 ce a2 41 d4 9f 4a>
    },
    lastRemoteEphemeralKey: <Buffer 05 f8 8d b8 a3 7c ee a7 96 94 e5 f2 3d f8 ee dc 6e 6d 9b 79 d1 cc 11 dc 8c d9 89 e9 65 06 2c 8a 39>,
    previousCounter: 0,
    rootKey: <Buffer 0a 14 de a2 38 ea cf b3 3d c1 cd 9f 2a 03 98 cd 92 3d cc bd 92 c3 02 1d d0 03 cc 7f ea 7d 0d 6b>
  },
  indexInfo: {
    baseKey: <Buffer 05 eb 73 9a 98 bd 94 e1 6d 0b ae 13 b2 7c 74 52 42 39 7e b1 85 b0 db 5a b7 e3 3e e7 73 29 cd 11 7d>,
    baseKeyType: 2,
    closed: -1,
    used: 1791213353572,
    created: 1791213353572,
    remoteIdentityKey: <Buffer 05 6a 81 70 a2 21 95 0f ae 2e 0f fa 9c af 6e 90 8e 9d 77 bd eb 32 20 53 ff ea c1 11 a3 84 41 5a 25>
  }
}
Closing session: SessionEntry {
  _chains: {
    'BcfL1FKnZWrtx4/thrO6tvBwf8zsrJcyHQtiNWXTNl4s': { chainKey: [Object], chainType: 1, messageKeys: {} }
  },
  registrationId: 731186759,
  currentRatchet: {
    ephemeralKeyPair: {
      pubKey: <Buffer 05 c7 cb d4 52 a7 65 6a ed c7 8f ed 86 b3 ba b6 f0 70 7f cc ec ac 97 32 1d 0b 62 35 65 d3 36 5e 2c>,
      privKey: <Buffer 10 8b 7b 1c 71 c6 b9 51 5d 26 d1 5d 66 61 2e 03 b2 9e 3b e4 9e af a4 3b b1 da 1b 44 40 bb f1 69>
    },
    lastRemoteEphemeralKey: <Buffer 05 61 5e 68 77 d4 7a b4 49 b4 57 89 12 fe ba dd 9b cc c5 9a aa 7a 55 b8 5d ce 6b aa 06 97 7c 50 5f>,
    previousCounter: 0,
    rootKey: <Buffer 7e f5 8c fb 47 48 c4 8a 4a b6 db c1 ec 48 5f 7f e7 e5 1c f7 0c 2a fe 0c ba 84 f3 90 06 8e e2 06>
  },
  indexInfo: {
    baseKey: <Buffer 05 77 09 05 bb dd 99 7c 72 9c 44 f3 38 fc 24 1d c6 bd 8b 94 ab 54 c3 d3 d7 74 ce a7 35 aa 1b 75 00>,
    baseKeyType: 1,
    closed: -1,
    used: 1791213359233,
    created: 1791213359233,
    remoteIdentityKey: <Buffer 05 6a 81 70 a2 21 95 0f ae 2e 0f fa 9c af 6e 90 8e 9d 77 bd eb 32 20 53 ff ea c1 11 a3 84 41 5a 25>
  },
  pendingPreKey: {
    signedKeyId: 118234,
    baseKey: <Buffer 05 77 09 05 bb dd 99 7c 72 9c 44 f3 38 fc 24 1d c6 bd 8b 94 ab 54 c3 d3 d7 74 ce a7 35 aa 1b 75 00>,
    preKeyId: 15034490
  }
}
Closing session: SessionEntry {
  _chains: {
    'BZHsw6yiCaqmML5xRHUG5km0POsSV/W2qZwj72Z5EHIC': { chainKey: [Object], chainType: 1, messageKeys: {} }
  },
  registrationId: 731186759,
  currentRatchet: {
    ephemeralKeyPair: {
      pubKey: <Buffer 05 91 ec c3 ac a2 09 aa a6 30 be 71 44 75 06 e6 49 b4 3c eb 12 57 f5 b6 a9 9c 23 ef 66 79 10 72 02>,
      privKey: <Buffer f0 1b c2 36 c0 52 b5 7f c6 c3 79 37 71 74 30 b4 28 97 9e 61 8f 8a fe 59 1d b4 47 6e 2a 47 09 67>
    },
    lastRemoteEphemeralKey: <Buffer 05 61 5e 68 77 d4 7a b4 49 b4 57 89 12 fe ba dd 9b cc c5 9a aa 7a 55 b8 5d ce 6b aa 06 97 7c 50 5f>,
    previousCounter: 0,
    rootKey: <Buffer f5 0c 66 6a 30 23 a8 a2 4e a5 86 1c 50 e1 c1 75 69 03 c1 a2 96 bb 7d 75 c3 dc eb 1f 23 fd 6e e1>
  },
  indexInfo: {
    baseKey: <Buffer 05 8e eb f5 67 41 68 79 16 39 94 43 b7 03 0d 03 ec 98 67 7d ad 3f f3 19 09 17 32 8c ba 94 9e 34 4f>,
    baseKeyType: 1,
    closed: -1,
    used: 1791213365439,
    created: 1791213365439,
    remoteIdentityKey: <Buffer 05 6a 81 70 a2 21 95 0f ae 2e 0f fa 9c af 6e 90 8e 9d 77 bd eb 32 20 53 ff ea c1 11 a3 84 41 5a 25>
  },
  pendingPreKey: {
    signedKeyId: 118234,
    baseKey: <Buffer 05 8e eb f5 67 41 68 79 16 39 94 43 b7 03 0d 03 ec 98 67 7d ad 3f f3 19 09 17 32 8c ba 94 9e 34 4f>,
    preKeyId: 15034325
  }
}
Closing session: SessionEntry {
  _chains: {
    'Ba+Oi8D19/6+jT3G1nVFOGTMVFCqyUJjuF6jaP/CSfxT': { chainKey: [Object], chainType: 1, messageKeys: {} }
  },
  registrationId: 731186759,
  currentRatchet: {
    ephemeralKeyPair: {
      pubKey: <Buffer 05 af 8e 8b c0 f5 f7 fe be 8d 3d c6 d6 75 45 38 64 cc 54 50 aa c9 42 63 b8 5e a3 68 ff c2 49 fc 53>,
      privKey: <Buffer 70 fa 44 58 40 c5 6d 3f 09 3e 46 de 7b f9 55 6e 11 d3 34 f0 60 8b 81 92 5f 83 48 37 d3 58 b7 65>
    },
    lastRemoteEphemeralKey: <Buffer 05 61 5e 68 77 d4 7a b4 49 b4 57 89 12 fe ba dd 9b cc c5 9a aa 7a 55 b8 5d ce 6b aa 06 97 7c 50 5f>,
    previousCounter: 0,
    rootKey: <Buffer cb b5 7a 59 61 90 2d 06 08 a9 10 ae 89 99 bb ba c4 b6 4f 34 79 c8 7b 18 02 9d 8b 01 d3 c7 e4 b9>
  },
  indexInfo: {
    baseKey: <Buffer 05 45 52 4f f0 03 c6 c6 bf 0f ef 0a b6 41 f8 f5 1f e6 6f 7e ec d1 2e 88 dd 8a 4d bc 5b 16 15 04 70>,
    baseKeyType: 1,
    closed: -1,
    used: 1791213369765,
    created: 1791213369765,
    remoteIdentityKey: <Buffer 05 6a 81 70 a2 21 95 0f ae 2e 0f fa 9c af 6e 90 8e 9d 77 bd eb 32 20 53 ff ea c1 11 a3 84 41 5a 25>
  },
  pendingPreKey: {
    signedKeyId: 118234,
    baseKey: <Buffer 05 45 52 4f f0 03 c6 c6 bf 0f ef 0a b6 41 f8 f5 1f e6 6f 7e ec d1 2e 88 dd 8a 4d bc 5b 16 15 04 70>,
    preKeyId: 15034488
  }
}
Closing session: SessionEntry {
  _chains: {
    BUwBZ4fd3UfTle7wqlFwQk2aURpwWvlWD1TzUV2q1eEI: { chainKey: [Object], chainType: 2, messageKeys: {} },
    'Bf1ChgN/R3SWb0Vk6I4xAK21Bkk4kKzlW+qruAazfopG': { chainKey: [Object], chainType: 1, messageKeys: {} }
  },
  registrationId: 731186759,
  currentRatchet: {
    ephemeralKeyPair: {
      pubKey: <Buffer 05 fd 42 86 03 7f 47 74 96 6f 45 64 e8 8e 31 00 ad b5 06 49 38 90 ac e5 5b ea ab b8 06 b3 7e 8a 46>,
      privKey: <Buffer 90 67 af 90 ba 5b 92 a3 b1 e4 78 88 41 5e e0 9f a5 32 5a aa 77 91 0c 57 55 72 c8 f3 a6 1b fa 7d>
    },
    lastRemoteEphemeralKey: <Buffer 05 4c 01 67 87 dd dd 47 d3 95 ee f0 aa 51 70 42 4d 9a 51 1a 70 5a f9 56 0f 54 f3 51 5d aa d5 e1 08>,
    previousCounter: 0,
    rootKey: <Buffer cf 13 4b 68 2f 68 bb 3f 82 c9 be 6d bd 60 b2 d9 0b 3d 94 a2 c8 32 c5 ed cf 01 a4 1d 97 44 2f 04>
  },
  indexInfo: {
    baseKey: <Buffer 05 d2 17 45 bc 45 3e 67 2d 22 79 1a b0 17 cb 7e 84 f5 ac c6 bf b4 fd 2a 0a 4e c4 d7 38 a4 0b f1 42>,
    baseKeyType: 2,
    closed: -1,
    used: 1791213369787,
    created: 1791213369787,
    remoteIdentityKey: <Buffer 05 6a 81 70 a2 21 95 0f ae 2e 0f fa 9c af 6e 90 8e 9d 77 bd eb 32 20 53 ff ea c1 11 a3 84 41 5a 25>
  }
}
Closing session: SessionEntry {
  _chains: {
    'BZ+yM75YnLIrqhuuH/GMWKf99wvSXYEsnj+aW9kEjRIg': { chainKey: [Object], chainType: 1, messageKeys: {} }
  },
  registrationId: 731186759,
  currentRatchet: {
    ephemeralKeyPair: {
      pubKey: <Buffer 05 9f b2 33 be 58 9c b2 2b aa 1b ae 1f f1 8c 58 a7 fd f7 0b d2 5d 81 2c 9e 3f 9a 5b d9 04 8d 12 20>,
      privKey: <Buffer 00 f2 b3 75 85 89 00 12 be 77 ca 1d e5 92 53 f7 79 82 8e 39 88 62 cd 78 3d 11 51 59 d4 b4 8a 5f>
    },
    lastRemoteEphemeralKey: <Buffer 05 61 5e 68 77 d4 7a b4 49 b4 57 89 12 fe ba dd 9b cc c5 9a aa 7a 55 b8 5d ce 6b aa 06 97 7c 50 5f>,
    previousCounter: 0,
    rootKey: <Buffer 46 e0 70 68 15 6e 74 59 97 f3 c8 ee fc 6d f7 83 ad a1 a1 50 d1 f7 2f 32 0a 0f b8 53 f0 b2 18 65>
  },
  indexInfo: {
    baseKey: <Buffer 05 9f a3 87 a5 7b 18 06 7a b7 94 dd 9f 20 06 04 d8 48 3e d0 a4 00 57 05 75 02 5a 37 13 93 82 c2 4c>,
    baseKeyType: 1,
    closed: -1,
    used: 1791213375416,
    created: 1791213375416,
    remoteIdentityKey: <Buffer 05 6a 81 70 a2 21 95 0f ae 2e 0f fa 9c af 6e 90 8e 9d 77 bd eb 32 20 53 ff ea c1 11 a3 84 41 5a 25>
  },
  pendingPreKey: {
    signedKeyId: 118234,
    baseKey: <Buffer 05 9f a3 87 a5 7b 18 06 7a b7 94 dd 9f 20 06 04 d8 48 3e d0 a4 00 57 05 75 02 5a 37 13 93 82 c2 4c>,
    preKeyId: 15034502
  }
}
Closing session: SessionEntry {
  _chains: {
    'BQJlFsVwaXlgWsg36VJQIKGJ+IjfWDk5BbpAGMqHnKht': { chainKey: [Object], chainType: 2, messageKeys: {} },
    'BXLIF5FaaNjH+EFaoXHOR3h68Nmb1zX9BUbBJ5RUzxNn': { chainKey: [Object], chainType: 1, messageKeys: {} }
  },
  registrationId: 731186759,
  currentRatchet: {
    ephemeralKeyPair: {
      pubKey: <Buffer 05 72 c8 17 91 5a 68 d8 c7 f8 41 5a a1 71 ce 47 78 7a f0 d9 9b d7 35 fd 05 46 c1 27 94 54 cf 13 67>,
      privKey: <Buffer 68 64 b1 18 52 17 e7 e4 f9 de 53 29 2c fd 28 7b 1d 1d cb a0 37 af ea 72 c3 8c b8 80 01 46 7e 5f>
    },
    lastRemoteEphemeralKey: <Buffer 05 02 65 16 c5 70 69 79 60 5a c8 37 e9 52 50 20 a1 89 f8 88 df 58 39 39 05 ba 40 18 ca 87 9c a8 6d>,
    previousCounter: 0,
    rootKey: <Buffer 1b b1 43 eb c9 b3 a4 7d 91 47 77 75 15 cf 03 76 ea d5 e8 ad 34 55 ae 82 d5 1c b8 5c df 8c 8b a4>
  },
  indexInfo: {
    baseKey: <Buffer 05 8e 05 41 15 b0 4d 24 33 2a 37 8d 47 22 51 d3 5d 78 d5 fe 4a 46 0f b8 f7 f6 61 e0 5c 08 73 f3 0a>,
    baseKeyType: 2,
    closed: -1,
    used: 1791213375441,
    created: 1791213375441,
    remoteIdentityKey: <Buffer 05 6a 81 70 a2 21 95 0f ae 2e 0f fa 9c af 6e 90 8e 9d 77 bd eb 32 20 53 ff ea c1 11 a3 84 41 5a 25>
  }
}
Closing session: SessionEntry {
  _chains: {
    'BVIdkaRYf8/EeJ1XbimI15gcAG0tHYR1z7/dj0AoqsNZ': { chainKey: [Object], chainType: 1, messageKeys: {} }
  },
  registrationId: 731186759,
  currentRatchet: {
    ephemeralKeyPair: {
      pubKey: <Buffer 05 52 1d 91 a4 58 7f cf c4 78 9d 57 6e 29 88 d7 98 1c 00 6d 2d 1d 84 75 cf bf dd 8f 40 28 aa c3 59>,
      privKey: <Buffer 48 09 b3 d3 6c 47 bc 2f 54 5b 6d ca a3 2b cf 1c 1a cc 37 b0 4f 12 60 56 ea 42 f2 54 48 de ec 4a>
    },
    lastRemoteEphemeralKey: <Buffer 05 61 5e 68 77 d4 7a b4 49 b4 57 89 12 fe ba dd 9b cc c5 9a aa 7a 55 b8 5d ce 6b aa 06 97 7c 50 5f>,
    previousCounter: 0,
    rootKey: <Buffer 59 c6 e8 5e d1 cb 16 8b 41 24 9a c4 83 fe 11 fc 79 c1 15 89 e6 b5 a1 12 76 2e 27 d6 80 c2 be f0>
  },
  indexInfo: {
    baseKey: <Buffer 05 af d2 9c 7b c1 5c d4 a5 ec 32 28 e9 07 05 ee 9e 2b 6b 3f ac b6 8f fe 26 db 68 c2 c2 87 c3 4d 03>,
    baseKeyType: 1,
    closed: -1,
    used: 1791213380886,
    created: 1791213380886,
    remoteIdentityKey: <Buffer 05 6a 81 70 a2 21 95 0f ae 2e 0f fa 9c af 6e 90 8e 9d 77 bd eb 32 20 53 ff ea c1 11 a3 84 41 5a 25>
  },
  pendingPreKey: {
    signedKeyId: 118234,
    baseKey: <Buffer 05 af d2 9c 7b c1 5c d4 a5 ec 32 28 e9 07 05 ee 9e 2b 6b 3f ac b6 8f fe 26 db 68 c2 c2 87 c3 4d 03>,
    preKeyId: 15034538
  }
}
Closing session: SessionEntry {
  _chains: {
    'Be+Bq4qZL9h7TjFhVNrVChs+eDI/wO1MM9wHmpFytnFq': { chainKey: [Object], chainType: 1, messageKeys: {} }
  },
  registrationId: 731186759,
  currentRatchet: {
    ephemeralKeyPair: {
      pubKey: <Buffer 05 ef 81 ab 8a 99 2f d8 7b 4e 31 61 54 da d5 0a 1b 3e 78 32 3f c0 ed 4c 33 dc 07 9a 91 72 b6 71 6a>,
      privKey: <Buffer 50 4c 62 be 0c 89 7a f8 87 61 3e 18 a7 19 6c 50 40 92 e4 e7 13 e3 14 39 e4 9f ab b0 f8 8c 8b 41>
    },
    lastRemoteEphemeralKey: <Buffer 05 61 5e 68 77 d4 7a b4 49 b4 57 89 12 fe ba dd 9b cc c5 9a aa 7a 55 b8 5d ce 6b aa 06 97 7c 50 5f>,
    previousCounter: 0,
    rootKey: <Buffer d1 af a1 f4 ce e4 ad dc c3 96 ca 4a 20 50 99 76 ec 03 bb b6 68 49 0c f1 ec 7b 86 1d 42 63 a4 7b>
  },
  indexInfo: {
    baseKey: <Buffer 05 2b f3 60 0b 99 b1 3e 14 00 27 e2 32 8f 95 0a 7b 53 89 d4 c0 42 a2 45 ce c0 18 7a c5 e1 65 1b 32>,
    baseKeyType: 1,
    closed: -1,
    used: 1791213386534,
    created: 1791213386534,
    remoteIdentityKey: <Buffer 05 6a 81 70 a2 21 95 0f ae 2e 0f fa 9c af 6e 90 8e 9d 77 bd eb 32 20 53 ff ea c1 11 a3 84 41 5a 25>
  },
  pendingPreKey: {
    signedKeyId: 118234,
    baseKey: <Buffer 05 2b f3 60 0b 99 b1 3e 14 00 27 e2 32 8f 95 0a 7b 53 89 d4 c0 42 a2 45 ce c0 18 7a c5 e1 65 1b 32>,
    preKeyId: 15034484
  }
}
📩 Pesan dari status@broadcast: ""
📩 Pesan dari 84946165198966@lid: "Ada yg meninggal nyokap nye si aris"
📩 Pesan dari 84946165198966@lid: ""
Closing session: SessionEntry {
  _chains: {
    'BVeF+kIotfOJe+P4bqmT5h6ekVQ0VdW+ZVKQ26LSakYc': { chainKey: [Object], chainType: 1, messageKeys: {} }
  },
  registrationId: 731186759,
  currentRatchet: {
    ephemeralKeyPair: {
      pubKey: <Buffer 05 57 85 fa 42 28 b5 f3 89 7b e3 f8 6e a9 93 e6 1e 9e 91 54 34 55 d5 be 65 52 90 db a2 d2 6a 46 1c>,
      privKey: <Buffer 18 a1 99 b1 d8 35 28 e9 20 34 5d 48 4a cf d6 55 f9 a9 67 d6 89 47 34 e3 e8 2a e9 7a 23 36 2e 78>
    },
    lastRemoteEphemeralKey: <Buffer 05 61 5e 68 77 d4 7a b4 49 b4 57 89 12 fe ba dd 9b cc c5 9a aa 7a 55 b8 5d ce 6b aa 06 97 7c 50 5f>,
    previousCounter: 0,
    rootKey: <Buffer 5c 88 ea dc ac 01 8b 0c c4 1a 18 37 f0 de 9d 13 f7 38 80 d7 d3 a6 32 af e9 c4 90 ff 5b 21 d4 8b>
  },
  indexInfo: {
    baseKey: <Buffer 05 a1 e8 32 69 b3 30 39 dc 4e 04 56 83 b1 96 59 32 46 c5 fe 12 e0 5d 1d d7 c3 90 ae 70 23 c3 28 6a>,
    baseKeyType: 1,
    closed: -1,
    used: 1791213391508,
    created: 1791213391508,
    remoteIdentityKey: <Buffer 05 6a 81 70 a2 21 95 0f ae 2e 0f fa 9c af 6e 90 8e 9d 77 bd eb 32 20 53 ff ea c1 11 a3 84 41 5a 25>
  },
  pendingPreKey: {
    signedKeyId: 118234,
    baseKey: <Buffer 05 a1 e8 32 69 b3 30 39 dc 4e 04 56 83 b1 96 59 32 46 c5 fe 12 e0 5d 1d d7 c3 90 ae 70 23 c3 28 6a>,
    preKeyId: 15034304
  }
}
Closing session: SessionEntry {
  _chains: {
    'BdzhIw39p+gThN5PmtAdijhHLKitHzNgikmEvn8+WaYT': { chainKey: [Object], chainType: 1, messageKeys: {} }
  },
  registrationId: 731186759,
  currentRatchet: {
    ephemeralKeyPair: {
      pubKey: <Buffer 05 dc e1 23 0d fd a7 e8 13 84 de 4f 9a d0 1d 8a 38 47 2c a8 ad 1f 33 60 8a 49 84 be 7f 3e 59 a6 13>,
      privKey: <Buffer f0 0c 85 48 dd d9 a9 0c b4 6b 18 dd 45 98 f8 7b bc 51 b8 f3 e8 f0 1b 95 2f 94 6f f8 dd 79 5a 56>
    },
    lastRemoteEphemeralKey: <Buffer 05 61 5e 68 77 d4 7a b4 49 b4 57 89 12 fe ba dd 9b cc c5 9a aa 7a 55 b8 5d ce 6b aa 06 97 7c 50 5f>,
    previousCounter: 0,
    rootKey: <Buffer 31 67 7d 76 14 e6 af bd 1f 4b 2d d4 fc 22 44 67 42 40 6f 99 02 f1 40 fa 74 f7 6a 65 33 82 6d 15>
  },
  indexInfo: {
    baseKey: <Buffer 05 12 0a 6b 1a 0a 67 f1 e3 6c 6c b4 f0 ad a0 d5 34 52 18 74 7f ec 26 5e f9 86 f9 b5 c2 b9 eb 25 36>,
    baseKeyType: 1,
    closed: -1,
    used: 1791214731140,
    created: 1791214731140,
    remoteIdentityKey: <Buffer 05 6a 81 70 a2 21 95 0f ae 2e 0f fa 9c af 6e 90 8e 9d 77 bd eb 32 20 53 ff ea c1 11 a3 84 41 5a 25>
  },
  pendingPreKey: {
    signedKeyId: 118234,
    baseKey: <Buffer 05 12 0a 6b 1a 0a 67 f1 e3 6c 6c b4 f0 ad a0 d5 34 52 18 74 7f ec 26 5e f9 86 f9 b5 c2 b9 eb 25 36>,
    preKeyId: 15034487
  }
}
Closing session: SessionEntry {
  _chains: {
    BRY085PzAzlueuh3OPtaTUQbNX3F1SQWPKFYzzedrA4m: { chainKey: [Object], chainType: 1, messageKeys: {} }
  },
  registrationId: 731186759,
  currentRatchet: {
    ephemeralKeyPair: {
      pubKey: <Buffer 05 16 34 f3 93 f3 03 39 6e 7a e8 77 38 fb 5a 4d 44 1b 35 7d c5 d5 24 16 3c a1 58 cf 37 9d ac 0e 26>,
      privKey: <Buffer f0 4e b4 e8 00 27 58 ad 4d 03 75 5c ac ce 65 7c 07 91 83 be 00 dc 5b 67 22 c5 87 ea ec 6b eb 40>
    },
    lastRemoteEphemeralKey: <Buffer 05 61 5e 68 77 d4 7a b4 49 b4 57 89 12 fe ba dd 9b cc c5 9a aa 7a 55 b8 5d ce 6b aa 06 97 7c 50 5f>,
    previousCounter: 0,
    rootKey: <Buffer d1 66 ac 7f 80 4e c1 3d f0 15 2c f7 9d 34 38 db d8 2a 99 34 5f c2 17 3b 6a 2c a6 5c da e7 e8 67>
  },
  indexInfo: {
    baseKey: <Buffer 05 04 2e 8e 8f 92 5c 62 34 ca ef c6 6f 4d 79 44 67 1e 9d a8 b3 39 41 3b 71 15 61 07 b7 bc f7 e0 64>,
    baseKeyType: 1,
    closed: -1,
    used: 1791214740744,
    created: 1791214740744,
    remoteIdentityKey: <Buffer 05 6a 81 70 a2 21 95 0f ae 2e 0f fa 9c af 6e 90 8e 9d 77 bd eb 32 20 53 ff ea c1 11 a3 84 41 5a 25>
  },
  pendingPreKey: {
    signedKeyId: 118234,
    baseKey: <Buffer 05 04 2e 8e 8f 92 5c 62 34 ca ef c6 6f 4d 79 44 67 1e 9d a8 b3 39 41 3b 71 15 61 07 b7 bc f7 e0 64>,
    preKeyId: 15034564
  }
}
Closing session: SessionEntry {
  _chains: {
    BeIczfdd2F4r3nZZJndOVQ09yrQ5IwEbP0bXvk6jKHlb: { chainKey: [Object], chainType: 1, messageKeys: {} }
  },
  registrationId: 731186759,
  currentRatchet: {
    ephemeralKeyPair: {
      pubKey: <Buffer 05 e2 1c cd f7 5d d8 5e 2b de 76 59 26 77 4e 55 0d 3d ca b4 39 23 01 1b 3f 46 d7 be 4e a3 28 79 5b>,
      privKey: <Buffer 08 f7 f0 1d 68 3e 15 b1 9f 3e 96 27 b5 76 ad 06 d6 01 19 25 4d d9 f0 b4 ad c7 d6 7b 9a 97 da 62>
    },
    lastRemoteEphemeralKey: <Buffer 05 61 5e 68 77 d4 7a b4 49 b4 57 89 12 fe ba dd 9b cc c5 9a aa 7a 55 b8 5d ce 6b aa 06 97 7c 50 5f>,
    previousCounter: 0,
    rootKey: <Buffer dd 1a a7 6b 53 fa 12 22 cf 68 01 91 24 8f 0a 23 f7 0b 14 04 e3 6a 1f f2 19 02 02 78 52 ab 12 ee>
  },
  indexInfo: {
    baseKey: <Buffer 05 4f 59 dc 6b 97 b7 76 62 55 b9 97 6e ad 10 3f 89 81 5b 53 da 31 50 79 a5 af 6e 7a 81 66 c0 5f 6f>,
    baseKeyType: 1,
    closed: -1,
    used: 1791214847816,
    created: 1791214847816,
    remoteIdentityKey: <Buffer 05 6a 81 70 a2 21 95 0f ae 2e 0f fa 9c af 6e 90 8e 9d 77 bd eb 32 20 53 ff ea c1 11 a3 84 41 5a 25>
  },
  pendingPreKey: {
    signedKeyId: 118234,
    baseKey: <Buffer 05 4f 59 dc 6b 97 b7 76 62 55 b9 97 6e ad 10 3f 89 81 5b 53 da 31 50 79 a5 af 6e 7a 81 66 c0 5f 6f>,
    preKeyId: 15034341
  }
}
Closing session: SessionEntry {
  _chains: {
    BYbGmYS2N4IDUPJjXVqgJGudsUA1C5QY9WNRPv1Jv1AL: { chainKey: [Object], chainType: 1, messageKeys: {} }
  },
  registrationId: 731186759,
  currentRatchet: {
    ephemeralKeyPair: {
      pubKey: <Buffer 05 86 c6 99 84 b6 37 82 03 50 f2 63 5d 5a a0 24 6b 9d b1 40 35 0b 94 18 f5 63 51 3e fd 49 bf 50 0b>,
      privKey: <Buffer e0 60 9e 87 f2 24 0f c1 cf fc be 31 32 a1 eb 57 8d 7f 4d 97 42 f4 36 9c 88 e8 9b 4c 71 18 56 56>
    },
    lastRemoteEphemeralKey: <Buffer 05 61 5e 68 77 d4 7a b4 49 b4 57 89 12 fe ba dd 9b cc c5 9a aa 7a 55 b8 5d ce 6b aa 06 97 7c 50 5f>,
    previousCounter: 0,
    rootKey: <Buffer 68 1e 4a 5e 7c d5 58 4f e9 0e 62 a4 8f 11 e4 9b ab 06 76 df c9 5a 80 7e d6 32 0c 24 ba ba 1e 32>
  },
  indexInfo: {
    baseKey: <Buffer 05 a7 78 4f 40 8a cd 31 02 99 f0 02 8a d6 69 f9 0a 9d af 22 62 b8 da 89 d4 e7 87 62 2d ff 1a d9 43>,
    baseKeyType: 1,
    closed: -1,
    used: 1791214896396,
    created: 1791214896396,
    remoteIdentityKey: <Buffer 05 6a 81 70 a2 21 95 0f ae 2e 0f fa 9c af 6e 90 8e 9d 77 bd eb 32 20 53 ff ea c1 11 a3 84 41 5a 25>
  },
  pendingPreKey: {
    signedKeyId: 118234,
    baseKey: <Buffer 05 a7 78 4f 40 8a cd 31 02 99 f0 02 8a d6 69 f9 0a 9d af 22 62 b8 da 89 d4 e7 87 62 2d ff 1a d9 43>,
    preKeyId: 15034493
  }
}
📩 Pesan dari 218395647725649@lid: "Dmn"
Closing session: SessionEntry {
  _chains: {
    'BVYmB76UrDjXJn/fr/fdL54lwvgZ7xUgL4l9wHV5jgNb': { chainKey: [Object], chainType: 2, messageKeys: {} },
    'BS/vyo6HtxjZR2eRxta1XYVaemizXmZlwWqH9JFhbnRb': { chainKey: [Object], chainType: 1, messageKeys: {} }
  },
  registrationId: 731186759,
  currentRatchet: {
    ephemeralKeyPair: {
      pubKey: <Buffer 05 2f ef ca 8e 87 b7 18 d9 47 67 91 c6 d6 b5 5d 85 5a 7a 68 b3 5e 66 65 c1 6a 87 f4 91 61 6e 74 5b>,
      privKey: <Buffer 80 7d 0a a0 64 c7 5f 78 1d fb a7 4e e1 c3 41 d8 08 c0 e6 59 91 02 0b 69 94 1d fb 9b c2 12 c3 61>
    },
    lastRemoteEphemeralKey: <Buffer 05 56 26 07 be 94 ac 38 d7 26 7f df af f7 dd 2f 9e 25 c2 f8 19 ef 15 20 2f 89 7d c0 75 79 8e 03 5b>,
    previousCounter: -1,
    rootKey: <Buffer 28 42 d3 08 85 82 db 50 3a b0 f9 ef c9 88 2d 82 6d 1f 63 89 08 4f 25 c4 b2 37 0f 54 93 45 46 03>
  },
  indexInfo: {
    baseKey: <Buffer 05 48 35 65 2a 98 d8 6b c8 f8 83 1e e7 a0 dc 33 a7 f9 83 62 7d 36 eb ec 7e 5a 72 d4 73 7b 9d 74 70>,
    baseKeyType: 1,
    closed: -1,
    used: 1791214977863,
    created: 1791214977863,
    remoteIdentityKey: <Buffer 05 6a 81 70 a2 21 95 0f ae 2e 0f fa 9c af 6e 90 8e 9d 77 bd eb 32 20 53 ff ea c1 11 a3 84 41 5a 25>
  },
  pendingPreKey: {
    signedKeyId: 118234,
    baseKey: <Buffer 05 48 35 65 2a 98 d8 6b c8 f8 83 1e e7 a0 dc 33 a7 f9 83 62 7d 36 eb ec 7e 5a 72 d4 73 7b 9d 74 70>,
    preKeyId: 15034250
  }
}
📩 Pesan dari 218395647725649@lid: "Diharep Imah sia"
📩 Pesan dari 218395647725649@lid: "Jeung si pebri"
Closing session: SessionEntry {
  _chains: {
    'BVYmB76UrDjXJn/fr/fdL54lwvgZ7xUgL4l9wHV5jgNb': { chainKey: [Object], chainType: 2, messageKeys: [Object] },
    BSmU84t6d58dCsXhskgbPAQihdFxkIphhxdSyK6krukv: { chainKey: [Object], chainType: 1, messageKeys: {} }
  },
  registrationId: 731186759,
  currentRatchet: {
    ephemeralKeyPair: {
      pubKey: <Buffer 05 29 94 f3 8b 7a 77 9f 1d 0a c5 e1 b2 48 1b 3c 04 22 85 d1 71 90 8a 61 87 17 52 c8 ae a4 ae e9 2f>,
      privKey: <Buffer 88 d0 42 63 5b 82 99 b5 6a ed 76 d7 bc 55 b7 39 55 e5 1d 31 29 48 5a 8e 62 35 fd bf 5f cb 4e 70>
    },
    lastRemoteEphemeralKey: <Buffer 05 56 26 07 be 94 ac 38 d7 26 7f df af f7 dd 2f 9e 25 c2 f8 19 ef 15 20 2f 89 7d c0 75 79 8e 03 5b>,
    previousCounter: -1,
    rootKey: <Buffer ea 56 b3 0c 55 32 bd 8f 68 13 ba 60 9a 16 1f 67 13 94 ac 41 59 1e 54 2a 6a 82 1c ff 21 ec 5d 13>
  },
  indexInfo: {
    baseKey: <Buffer 05 3d 0b 5e 9c 00 85 fc c2 f2 c5 ad cb 81 d0 72 75 fd 73 79 b2 31 89 df 76 e6 52 11 81 74 e6 29 20>,
    baseKeyType: 1,
    closed: -1,
    used: 1791215001159,
    created: 1791215001159,
    remoteIdentityKey: <Buffer 05 6a 81 70 a2 21 95 0f ae 2e 0f fa 9c af 6e 90 8e 9d 77 bd eb 32 20 53 ff ea c1 11 a3 84 41 5a 25>
  },
  pendingPreKey: {
    signedKeyId: 118234,
    baseKey: <Buffer 05 3d 0b 5e 9c 00 85 fc c2 f2 c5 ad cb 81 d0 72 75 fd 73 79 b2 31 89 df 76 e6 52 11 81 74 e6 29 20>,
    preKeyId: 15034333
  }
}
⚠️ Koneksi terputus. Menghubungkan kembali...

✅ BOT KENSHO MART BERHASIL TERHUBUNG SEPENUHNYA!

Closing session: SessionEntry {
  _chains: {
    'BW+KMnQgEouFPBUTK6Ym2cj6yD6jsUOLkZU3X1up860W': { chainKey: [Object], chainType: 1, messageKeys: {} }
  },
  registrationId: 731186759,
  currentRatchet: {
    ephemeralKeyPair: {
      pubKey: <Buffer 05 6f 8a 32 74 20 12 8b 85 3c 15 13 2b a6 26 d9 c8 fa c8 3e a3 b1 43 8b 91 95 37 5f 5b a9 f3 ad 16>,
      privKey: <Buffer 80 8b 62 ac ff 28 4f 41 4a 6f 45 f1 4a 56 32 48 c8 3a 13 69 51 e2 40 63 4d b7 3c bf 0b 49 8e 77>
    },
    lastRemoteEphemeralKey: <Buffer 05 61 5e 68 77 d4 7a b4 49 b4 57 89 12 fe ba dd 9b cc c5 9a aa 7a 55 b8 5d ce 6b aa 06 97 7c 50 5f>,
    previousCounter: 0,
    rootKey: <Buffer aa 7d 7a 1f 11 6b 8b 68 f9 39 20 09 5b b2 77 5c 3b 0b 2f f5 9b ab d3 48 26 f9 1b ea 97 75 a1 7e>
  },
  indexInfo: {
    baseKey: <Buffer 05 8f b4 65 6b f1 fa 58 6b 67 ec ff 3f bb 16 e9 e6 c4 f4 4f ca 68 c5 5a 4b 9e d5 6b a7 cb 74 47 06>,
    baseKeyType: 1,
    closed: -1,
    used: 1791215030711,
    created: 1791215030711,
    remoteIdentityKey: <Buffer 05 6a 81 70 a2 21 95 0f ae 2e 0f fa 9c af 6e 90 8e 9d 77 bd eb 32 20 53 ff ea c1 11 a3 84 41 5a 25>
  },
  pendingPreKey: {
    signedKeyId: 118234,
    baseKey: <Buffer 05 8f b4 65 6b f1 fa 58 6b 67 ec ff 3f bb 16 e9 e6 c4 f4 4f ca 68 c5 5a 4b 9e d5 6b a7 cb 74 47 06>,
    preKeyId: 15034310
  }
}
Closing session: SessionEntry {
  _chains: {
    'BVYmB76UrDjXJn/fr/fdL54lwvgZ7xUgL4l9wHV5jgNb': { chainKey: [Object], chainType: 2, messageKeys: [Object] },
    'BeHdaRNR/kQ26tG/0p55AHIHumRu2iwBWXaaMTNWI8dN': { chainKey: [Object], chainType: 1, messageKeys: {} }
  },
  registrationId: 731186759,
  currentRatchet: {
    ephemeralKeyPair: {
      pubKey: <Buffer 05 e1 dd 69 13 51 fe 44 36 ea d1 bf d2 9e 79 00 72 07 ba 64 6e da 2c 01 59 76 9a 31 33 56 23 c7 4d>,
      privKey: <Buffer 68 ae 56 b5 ba 55 a7 bd f0 ba 2e 5d 2b 93 f8 10 5a 38 9e 27 df 12 a8 0d c9 c3 24 d3 26 0b 78 57>
    },
    lastRemoteEphemeralKey: <Buffer 05 56 26 07 be 94 ac 38 d7 26 7f df af f7 dd 2f 9e 25 c2 f8 19 ef 15 20 2f 89 7d c0 75 79 8e 03 5b>,
    previousCounter: -1,
    rootKey: <Buffer d0 2f ae 47 7a 5d 3d 83 aa 98 98 22 19 fa fa 27 aa 0a 7c 3e 04 85 0d 52 41 58 67 ad 6b 7e 15 ef>
  },
  indexInfo: {
    baseKey: <Buffer 05 38 e4 9b 79 39 58 6c 4f 9a b4 2c 77 9b a9 77 9b a0 de b7 2d 71 44 a2 06 23 cf e1 24 08 5e 1b 28>,
    baseKeyType: 1,
    closed: -1,
    used: 1791215550705,
    created: 1791215550705,
    remoteIdentityKey: <Buffer 05 6a 81 70 a2 21 95 0f ae 2e 0f fa 9c af 6e 90 8e 9d 77 bd eb 32 20 53 ff ea c1 11 a3 84 41 5a 25>
  },
  pendingPreKey: {
    signedKeyId: 118234,
    baseKey: <Buffer 05 38 e4 9b 79 39 58 6c 4f 9a b4 2c 77 9b a9 77 9b a0 de b7 2d 71 44 a2 06 23 cf e1 24 08 5e 1b 28>,
    preKeyId: 15034499
  }
}
Closing session: SessionEntry {
  _chains: {
    'BXeWD8HTzk+l2hdgELSvjtbjH7OHAG4eppHJc3ru2OJE': { chainKey: [Object], chainType: 1, messageKeys: {} }
  },
  registrationId: 731186759,
  currentRatchet: {
    ephemeralKeyPair: {
      pubKey: <Buffer 05 77 96 0f c1 d3 ce 4f a5 da 17 60 10 b4 af 8e d6 e3 1f b3 87 00 6e 1e a6 91 c9 73 7a ee d8 e2 44>,
      privKey: <Buffer 68 05 7c 8d 6c 81 a0 77 c0 b0 24 d9 32 23 c0 96 13 dc 49 d6 d4 5d 75 75 c2 f1 97 97 7f f0 81 79>
    },
    lastRemoteEphemeralKey: <Buffer 05 61 5e 68 77 d4 7a b4 49 b4 57 89 12 fe ba dd 9b cc c5 9a aa 7a 55 b8 5d ce 6b aa 06 97 7c 50 5f>,
    previousCounter: 0,
    rootKey: <Buffer b0 17 5d 58 96 ce 3b c0 e8 ed 2b 34 fd 21 72 92 8d 2c 2f d8 86 d0 bd fc ad 8b e8 a3 96 50 d0 06>
  },
  indexInfo: {
    baseKey: <Buffer 05 cb 85 bb 49 07 52 7d c1 8c bb 6d ec 5c 70 f4 36 bf 52 07 0a c1 31 9e 7e bc 22 b1 8c 55 ec 64 4c>,
    baseKeyType: 1,
    closed: -1,
    used: 1791215551215,
    created: 1791215551215,
    remoteIdentityKey: <Buffer 05 6a 81 70 a2 21 95 0f ae 2e 0f fa 9c af 6e 90 8e 9d 77 bd eb 32 20 53 ff ea c1 11 a3 84 41 5a 25>
  },
  pendingPreKey: {
    signedKeyId: 118234,
    baseKey: <Buffer 05 cb 85 bb 49 07 52 7d c1 8c bb 6d ec 5c 70 f4 36 bf 52 07 0a c1 31 9e 7e bc 22 b1 8c 55 ec 64 4c>,
    preKeyId: 15034485
  }
}
Closing session: SessionEntry {
  _chains: {
    'BVYmB76UrDjXJn/fr/fdL54lwvgZ7xUgL4l9wHV5jgNb': { chainKey: [Object], chainType: 2, messageKeys: [Object] },
    Befxuma6l0otE8jmuuxkgkXJkxtC5YWNtwyaFhRqxKp9: { chainKey: [Object], chainType: 1, messageKeys: {} }
  },
  registrationId: 731186759,
  currentRatchet: {
    ephemeralKeyPair: {
      pubKey: <Buffer 05 e7 f1 ba 66 ba 97 4a 2d 13 c8 e6 ba ec 64 82 45 c9 93 1b 42 e5 85 8d b7 0c 9a 16 14 6a c4 aa 7d>,
      privKey: <Buffer 50 ab a3 0d c2 31 ea 68 d2 60 d8 46 0d d9 0e b5 77 14 fd 04 6b e2 f1 b4 d6 cd 9f dd 51 c2 0e 76>
    },
    lastRemoteEphemeralKey: <Buffer 05 56 26 07 be 94 ac 38 d7 26 7f df af f7 dd 2f 9e 25 c2 f8 19 ef 15 20 2f 89 7d c0 75 79 8e 03 5b>,
    previousCounter: -1,
    rootKey: <Buffer 37 22 21 31 4c 39 aa ea 92 31 10 de de 86 9b d8 b3 32 4c 1b b2 c9 3f cc e5 77 bb d4 f0 34 cf f6>
  },
  indexInfo: {
    baseKey: <Buffer 05 aa cd 32 aa 5d 10 a4 c5 80 05 c5 05 f9 2e 22 55 d6 69 b8 40 9c ca d8 ba e4 09 82 7d c0 7b 50 46>,
    baseKeyType: 1,
    closed: -1,
    used: 1791215556010,
    created: 1791215556010,
    remoteIdentityKey: <Buffer 05 6a 81 70 a2 21 95 0f ae 2e 0f fa 9c af 6e 90 8e 9d 77 bd eb 32 20 53 ff ea c1 11 a3 84 41 5a 25>
  },
  pendingPreKey: {
    signedKeyId: 118234,
    baseKey: <Buffer 05 aa cd 32 aa 5d 10 a4 c5 80 05 c5 05 f9 2e 22 55 d6 69 b8 40 9c ca d8 ba e4 09 82 7d c0 7b 50 46>,
    preKeyId: 15034342
  }
}
Closing session: SessionEntry {
  _chains: {
    'BWn2Q4/8adtpv9GvKpqWhyYwZz9AZvDm6wzd1Rz4Xad4': { chainKey: [Object], chainType: 1, messageKeys: {} }
  },
  registrationId: 731186759,
  currentRatchet: {
    ephemeralKeyPair: {
      pubKey: <Buffer 05 69 f6 43 8f fc 69 db 69 bf d1 af 2a 9a 96 87 26 30 67 3f 40 66 f0 e6 eb 0c dd d5 1c f8 5d a7 78>,
      privKey: <Buffer 28 04 0c 1c 72 0b 20 6e d7 ce cc b8 ce c8 71 14 4f 2d 1b 16 84 19 62 ef 8c ba 11 b7 4d 0d 35 5b>
    },
    lastRemoteEphemeralKey: <Buffer 05 61 5e 68 77 d4 7a b4 49 b4 57 89 12 fe ba dd 9b cc c5 9a aa 7a 55 b8 5d ce 6b aa 06 97 7c 50 5f>,
    previousCounter: 0,
    rootKey: <Buffer 24 9d 63 a1 00 86 52 8d 1e 6b cd df ed 8b f2 73 6c 59 aa 2a c3 1d cf d3 5a 4d c3 76 0b ac 74 2e>
  },
  indexInfo: {
    baseKey: <Buffer 05 86 70 8f 7a 66 02 fb cb 97 0b fe 26 53 65 d7 cd d5 c6 a0 e5 51 90 59 58 aa d2 0c a9 bd 11 c1 39>,
    baseKeyType: 1,
    closed: -1,
    used: 1791215561125,
    created: 1791215561125,
    remoteIdentityKey: <Buffer 05 6a 81 70 a2 21 95 0f ae 2e 0f fa 9c af 6e 90 8e 9d 77 bd eb 32 20 53 ff ea c1 11 a3 84 41 5a 25>
  },
  pendingPreKey: {
    signedKeyId: 118234,
    baseKey: <Buffer 05 86 70 8f 7a 66 02 fb cb 97 0b fe 26 53 65 d7 cd d5 c6 a0 e5 51 90 59 58 aa d2 0c a9 bd 11 c1 39>,
    preKeyId: 15034489
  }
}
Closing session: SessionEntry {
  _chains: {
    'BShw0GSFJnVNCyukUIgkvmBLq+t5zdYDHEDnDpiABG5y': { chainKey: [Object], chainType: 1, messageKeys: {} }
  },
  registrationId: 731186759,
  currentRatchet: {
    ephemeralKeyPair: {
      pubKey: <Buffer 05 28 70 d0 64 85 26 75 4d 0b 2b a4 50 88 24 be 60 4b ab eb 79 cd d6 03 1c 40 e7 0e 98 80 04 6e 72>,
      privKey: <Buffer c0 24 69 83 f9 79 e0 6f 73 6b 51 5f 69 23 d1 98 b7 ac bd 20 9c af f5 63 8c 59 d5 7b a9 32 81 69>
    },
    lastRemoteEphemeralKey: <Buffer 05 61 5e 68 77 d4 7a b4 49 b4 57 89 12 fe ba dd 9b cc c5 9a aa 7a 55 b8 5d ce 6b aa 06 97 7c 50 5f>,
    previousCounter: 0,
    rootKey: <Buffer f6 f2 d0 46 29 cb e9 00 58 a3 a9 94 4b de 55 ae 72 5d e4 a3 12 fe b4 8e 4c e8 1f c1 fc ec 4a a2>
  },
  indexInfo: {
    baseKey: <Buffer 05 4d 93 f5 6f 3c f1 45 56 51 a6 5e 8d 0a a5 88 4f 2f 19 4e bb 6e ff 48 a3 ae df 46 dc 24 47 f1 7f>,
    baseKeyType: 1,
    closed: -1,
    used: 1791215566559,
    created: 1791215566559,
    remoteIdentityKey: <Buffer 05 6a 81 70 a2 21 95 0f ae 2e 0f fa 9c af 6e 90 8e 9d 77 bd eb 32 20 53 ff ea c1 11 a3 84 41 5a 25>
  },
  pendingPreKey: {
    signedKeyId: 118234,
    baseKey: <Buffer 05 4d 93 f5 6f 3c f1 45 56 51 a6 5e 8d 0a a5 88 4f 2f 19 4e bb 6e ff 48 a3 ae df 46 dc 24 47 f1 7f>,
    preKeyId: 15034583
  }
}
Closing session: SessionEntry {
  _chains: {
    'BVfGE4RVw/mMyoVKDwcG+H5mrp0+f0YSUafj3l9Jc7pN': { chainKey: [Object], chainType: 1, messageKeys: {} }
  },
  registrationId: 731186759,
  currentRatchet: {
    ephemeralKeyPair: {
      pubKey: <Buffer 05 57 c6 13 84 55 c3 f9 8c ca 85 4a 0f 07 06 f8 7e 66 ae 9d 3e 7f 46 12 51 a7 e3 de 5f 49 73 ba 4d>,
      privKey: <Buffer 78 d7 2b b0 f6 1a 55 85 b1 cb 9f 53 49 84 33 40 c4 1e 28 6b bd 07 8f 69 64 1b 1e 18 53 03 e3 4f>
    },
    lastRemoteEphemeralKey: <Buffer 05 61 5e 68 77 d4 7a b4 49 b4 57 89 12 fe ba dd 9b cc c5 9a aa 7a 55 b8 5d ce 6b aa 06 97 7c 50 5f>,
    previousCounter: 0,
    rootKey: <Buffer b6 32 c9 11 a6 e3 17 91 24 ad 0e bc ae ee cc 3b 73 32 93 d9 63 ec fd 76 02 32 ab 11 f9 79 67 a3>
  },
  indexInfo: {
    baseKey: <Buffer 05 95 b8 7a 2f 6f ec 84 1a 0a 4c 28 fa 8d 3e 81 4e bd d6 e0 6c 7f 60 ad 5c 35 77 61 58 2a 09 e1 1b>,
    baseKeyType: 1,
    closed: -1,
    used: 1791215571724,
    created: 1791215571724,
    remoteIdentityKey: <Buffer 05 6a 81 70 a2 21 95 0f ae 2e 0f fa 9c af 6e 90 8e 9d 77 bd eb 32 20 53 ff ea c1 11 a3 84 41 5a 25>
  },
  pendingPreKey: {
    signedKeyId: 118234,
    baseKey: <Buffer 05 95 b8 7a 2f 6f ec 84 1a 0a 4c 28 fa 8d 3e 81 4e bd d6 e0 6c 7f 60 ad 5c 35 77 61 58 2a 09 e1 1b>,
    preKeyId: 15034343
  }
}
Closing session: SessionEntry {
  _chains: {
    'BXPz1g0/a50zIM2+m3q2BXSy6JQPD3jqOLDwdAYxfFg3': { chainKey: [Object], chainType: 1, messageKeys: {} }
  },
  registrationId: 731186759,
  currentRatchet: {
    ephemeralKeyPair: {
      pubKey: <Buffer 05 73 f3 d6 0d 3f 6b 9d 33 20 cd be 9b 7a b6 05 74 b2 e8 94 0f 0f 78 ea 38 b0 f0 74 06 31 7c 58 37>,
      privKey: <Buffer 60 28 a0 2b fb aa 1b 60 2e 88 1b 00 f4 88 7e b8 d5 45 73 0e 8c 01 dd a5 f9 ba a8 d6 d0 b8 89 4b>
    },
    lastRemoteEphemeralKey: <Buffer 05 61 5e 68 77 d4 7a b4 49 b4 57 89 12 fe ba dd 9b cc c5 9a aa 7a 55 b8 5d ce 6b aa 06 97 7c 50 5f>,
    previousCounter: 0,
    rootKey: <Buffer a2 da 9f 57 41 ff 1e a8 ed 18 65 98 bb 46 72 25 ff 9d 99 0e 82 df f6 c2 bc f5 7a bf 48 8a e8 e2>
  },
  indexInfo: {
    baseKey: <Buffer 05 d5 f3 1a 9f c5 49 cf 11 04 38 13 f4 f0 71 6b 4e a4 2f 86 98 04 4b 4b 3a 29 ba a1 20 14 73 ee 59>,
    baseKeyType: 1,
    closed: -1,
    used: 1791215576990,
    created: 1791215576990,
    remoteIdentityKey: <Buffer 05 6a 81 70 a2 21 95 0f ae 2e 0f fa 9c af 6e 90 8e 9d 77 bd eb 32 20 53 ff ea c1 11 a3 84 41 5a 25>
  },
  pendingPreKey: {
    signedKeyId: 118234,
    baseKey: <Buffer 05 d5 f3 1a 9f c5 49 cf 11 04 38 13 f4 f0 71 6b 4e a4 2f 86 98 04 4b 4b 3a 29 ba a1 20 14 73 ee 59>,
    preKeyId: 15034226
  }
}
Closing session: SessionEntry {
  _chains: {
    'Bc0LWgU/vZBpKeJMYNlkHFR79yHdiFfWH46oWun6+6p0': { chainKey: [Object], chainType: 1, messageKeys: {} }
  },
  registrationId: 731186759,
  currentRatchet: {
    ephemeralKeyPair: {
      pubKey: <Buffer 05 cd 0b 5a 05 3f bd 90 69 29 e2 4c 60 d9 64 1c 54 7b f7 21 dd 88 57 d6 1f 8e a8 5a e9 fa fb aa 74>,
      privKey: <Buffer e8 95 03 62 ed 59 bc 1d df e1 7c 33 36 79 a6 d7 34 4d 84 89 c5 9d 80 6c 9d 85 c0 83 2f f8 27 59>
    },
    lastRemoteEphemeralKey: <Buffer 05 61 5e 68 77 d4 7a b4 49 b4 57 89 12 fe ba dd 9b cc c5 9a aa 7a 55 b8 5d ce 6b aa 06 97 7c 50 5f>,
    previousCounter: 0,
    rootKey: <Buffer 4a 09 b8 b3 aa 72 5a 11 2c e4 d9 cd ea 16 d4 51 be e8 0d 02 e0 f5 6f 26 e0 d8 ff 5a ab c5 f7 78>
  },
  indexInfo: {
    baseKey: <Buffer 05 e8 30 5c 2e 48 67 f9 e8 18 f2 f3 a6 2f b2 9f 7b c4 2c 03 fd f1 10 09 bb f1 32 e3 65 ed 64 e2 00>,
    baseKeyType: 1,
    closed: -1,
    used: 1791215582344,
    created: 1791215582344,
    remoteIdentityKey: <Buffer 05 6a 81 70 a2 21 95 0f ae 2e 0f fa 9c af 6e 90 8e 9d 77 bd eb 32 20 53 ff ea c1 11 a3 84 41 5a 25>
  },
  pendingPreKey: {
    signedKeyId: 118234,
    baseKey: <Buffer 05 e8 30 5c 2e 48 67 f9 e8 18 f2 f3 a6 2f b2 9f 7b c4 2c 03 fd f1 10 09 bb f1 32 e3 65 ed 64 e2 00>,
    preKeyId: 15034302
  }
}
Closing session: SessionEntry {
  _chains: {
    'BeMRyMzPQzjriSy6YgKDmt7HZu5+AA2ALwEuaE4gyH4l': { chainKey: [Object], chainType: 1, messageKeys: {} }
  },
  registrationId: 731186759,
  currentRatchet: {
    ephemeralKeyPair: {
      pubKey: <Buffer 05 e3 11 c8 cc cf 43 38 eb 89 2c ba 62 02 83 9a de c7 66 ee 7e 00 0d 80 2f 01 2e 68 4e 20 c8 7e 25>,
      privKey: <Buffer 88 30 c4 6b aa 26 25 50 70 f8 82 df 21 6b 1f 79 17 36 4a 90 b6 c1 bc fa 32 47 f8 18 84 39 64 54>
    },
    lastRemoteEphemeralKey: <Buffer 05 61 5e 68 77 d4 7a b4 49 b4 57 89 12 fe ba dd 9b cc c5 9a aa 7a 55 b8 5d ce 6b aa 06 97 7c 50 5f>,
    previousCounter: 0,
    rootKey: <Buffer c8 82 30 4c 31 f0 52 ed 0b d4 5c 56 c6 48 6f f8 90 47 da 88 31 d9 6d 28 77 ed 0f 60 8d b9 80 13>
  },
  indexInfo: {
    baseKey: <Buffer 05 e3 b1 d4 91 db 17 97 8f 3c 72 78 7d 53 82 bf 29 0f 8a 51 fd 1e b9 9d 58 07 d1 e7 61 27 ce 59 4d>,
    baseKeyType: 1,
    closed: -1,
    used: 1791215587580,
    created: 1791215587580,
    remoteIdentityKey: <Buffer 05 6a 81 70 a2 21 95 0f ae 2e 0f fa 9c af 6e 90 8e 9d 77 bd eb 32 20 53 ff ea c1 11 a3 84 41 5a 25>
  },
  pendingPreKey: {
    signedKeyId: 118234,
    baseKey: <Buffer 05 e3 b1 d4 91 db 17 97 8f 3c 72 78 7d 53 82 bf 29 0f 8a 51 fd 1e b9 9d 58 07 d1 e7 61 27 ce 59 4d>,
    preKeyId: 15034617
  }
}
Closing session: SessionEntry {
  _chains: {
    'BSR+lxWDk8ms80ZZBY7cKWAfg6rEak6y9veNsL7VLZRC': { chainKey: [Object], chainType: 1, messageKeys: {} }
  },
  registrationId: 731186759,
  currentRatchet: {
    ephemeralKeyPair: {
      pubKey: <Buffer 05 24 7e 97 15 83 93 c9 ac f3 46 59 05 8e dc 29 60 1f 83 aa c4 6a 4e b2 f6 f7 8d b0 be d5 2d 94 42>,
      privKey: <Buffer d8 6d 86 0d 29 c7 3e 5b 4d 4f f1 66 9b 49 1a d1 23 f8 0d f9 44 b9 63 25 4c 96 f4 d9 5f f6 d7 5a>
    },
    lastRemoteEphemeralKey: <Buffer 05 61 5e 68 77 d4 7a b4 49 b4 57 89 12 fe ba dd 9b cc c5 9a aa 7a 55 b8 5d ce 6b aa 06 97 7c 50 5f>,
    previousCounter: 0,
    rootKey: <Buffer 24 91 60 bd fa 98 6f c7 ce a4 fb 6d 18 b2 3b b5 33 bf 4f c0 74 b1 4f 17 d3 87 14 d6 19 ac 38 70>
  },
  indexInfo: {
    baseKey: <Buffer 05 b8 a2 a8 e7 3f 95 8e 7a c2 d4 1b b2 3c 56 7c 5e bb b1 e0 35 fe a4 7a cc d1 69 80 60 c0 34 76 78>,
    baseKeyType: 1,
    closed: -1,
    used: 1791215636704,
    created: 1791215636704,
    remoteIdentityKey: <Buffer 05 6a 81 70 a2 21 95 0f ae 2e 0f fa 9c af 6e 90 8e 9d 77 bd eb 32 20 53 ff ea c1 11 a3 84 41 5a 25>
  },
  pendingPreKey: {
    signedKeyId: 118234,
    baseKey: <Buffer 05 b8 a2 a8 e7 3f 95 8e 7a c2 d4 1b b2 3c 56 7c 5e bb b1 e0 35 fe a4 7a cc d1 69 80 60 c0 34 76 78>,
    preKeyId: 15034321
  }
}
📩 Pesan dari 218395647725649@lid: "Menu"
📩 Pesan dari status@broadcast: "Juaraa sadunia🇮🇩❤🔥🔥❤"
⚠️ Koneksi terputus. Menghubungkan kembali...
⚠️ Koneksi terputus. Menghubungkan kembali...
⚠️ Koneksi terputus. Menghubungkan kembali...
⚠️ Koneksi terputus. Menghubungkan kembali...
⚠️ Koneksi terputus. Menghubungkan kembali...
⚠️ Koneksi terputus. Menghubungkan kembali...
⚠️ Koneksi terputus. Menghubungkan kembali...
⚠️ Koneksi terputus. Menghubungkan kembali...
⚠️ Koneksi terputus. Menghubungkan kembali...
⚠️ Koneksi terputus. Menghubungkan kembali...
⚠️ Koneksi terputus. Menghubungkan kembali...
⚠️ Koneksi terputus. Menghubungkan kembali...
⚠️ Koneksi terputus. Menghubungkan kembali...
⚠️ Koneksi terputus. Menghubungkan kembali...
⚠️ Koneksi terputus. Menghubungkan kembali...
⚠️ Koneksi terputus. Menghubungkan kembali...
⚠️ Koneksi terputus. Menghubungkan kembali...
⚠️ Koneksi terputus. Menghubungkan kembali...
⚠️ Koneksi terputus. Menghubungkan kembali...
⚠️ Koneksi terputus. Menghubungkan kembali...
⚠️ Koneksi terputus. Menghubungkan kembali...
⚠️ Koneksi terputus. Menghubungkan kembali...
⚠️ Koneksi terputus. Menghubungkan kembali...
⚠️ Koneksi terputus. Menghubungkan kembali...
⚠️ Koneksi terputus. Menghubungkan kembali...
⚠️ Koneksi terputus. Menghubungkan kembali...
⚠️ Koneksi terputus. Menghubungkan kembali...
⚠️ Koneksi terputus. Menghubungkan kembali...
⚠️ Koneksi terputus. Menghubungkan kembali...
⚠️ Koneksi terputus. Menghubungkan kembali...
⚠️ Koneksi terputus. Menghubungkan kembali...
⚠️ Koneksi terputus. Menghubungkan kembali...
⚠️ Koneksi terputus. Menghubungkan kembali...
⚠️ Koneksi terputus. Menghubungkan kembali...
⚠️ Koneksi terputus. Menghubungkan kembali...
⚠️ Koneksi terputus. Menghubungkan kembali...
⚠️ Koneksi terputus. Menghubungkan kembali...
⚠️ Koneksi terputus. Menghubungkan kembali...
⚠️ Koneksi terputus. Menghubungkan kembali...
⚠️ Koneksi terputus. Menghubungkan kembali...
⚠️ Koneksi terputus. Menghubungkan kembali...
⚠️ Koneksi terputus. Menghubungkan kembali...
⚠️ Koneksi terputus. Menghubungkan kembali...
⚠️ Koneksi terputus. Menghubungkan kembali...
⚠️ Koneksi terputus. Menghubungkan kembali...
⚠️ Koneksi terputus. Menghubungkan kembali...
⚠️ Koneksi terputus. Menghubungkan kembali...
⚠️ Koneksi terputus. Menghubungkan kembali...
⚠️ Koneksi terputus. Menghubungkan kembali...
⚠️ Koneksi terputus. Menghubungkan kembali...
⚠️ Koneksi terputus. Menghubungkan kembali...
⚠️ Koneksi terputus. Menghubungkan kembali...
⚠️ Koneksi terputus. Menghubungkan kembali...
⚠️ Koneksi terputus. Menghubungkan kembali...
⚠️ Koneksi terputus. Menghubungkan kembali...
⚠️ Koneksi terputus. Menghubungkan kembali...
⚠️ Koneksi terputus. Menghubungkan kembali...
⚠️ Koneksi terputus. Menghubungkan kembali...
⚠️ Koneksi terputus. Menghubungkan kembali...
⚠️ Koneksi terputus. Menghubungkan kembali...
⚠️ Koneksi terputus. Menghubungkan kembali...
⚠️ Koneksi terputus. Menghubungkan kembali...
⚠️ Koneksi terputus. Menghubungkan kembali...
⚠️ Koneksi terputus. Menghubungkan kembali...
⚠️ Koneksi terputus. Menghubungkan kembali...
⚠️ Koneksi terputus. Menghubungkan kembali...
⚠️ Koneksi terputus. Menghubungkan kembali...
⚠️ Koneksi terputus. Menghubungkan kembali...
⚠️ Koneksi terputus. Menghubungkan kembali...
⚠️ Koneksi terputus. Menghubungkan kembali...
⚠️ Koneksi terputus. Menghubungkan kembali...
⚠️ Koneksi terputus. Menghubungkan kembali...
⚠️ Koneksi terputus. Menghubungkan kembali...
⚠️ Koneksi terputus. Menghubungkan kembali...
⚠️ Koneksi terputus. Menghubungkan kembali...
⚠️ Koneksi terputus. Menghubungkan kembali...
⚠️ Koneksi terputus. Menghubungkan kembali...
⚠️ Koneksi terputus. Menghubungkan kembali...
⚠️ Koneksi terputus. Menghubungkan kembali...
⚠️ Koneksi terputus. Menghubungkan kembali...
⚠️ Koneksi terputus. Menghubungkan kembali...
⚠️ Koneksi terputus. Menghubungkan kembali...
⚠️ Koneksi terputus. Menghubungkan kembali...
⚠️ Koneksi terputus. Menghubungkan kembali...
⚠️ Koneksi terputus. Menghubungkan kembali...
⚠️ Koneksi terputus. Menghubungkan kembali...
⚠️ Koneksi terputus. Menghubungkan kembali...
⚠️ Koneksi terputus. Menghubungkan kembali...
⚠️ Koneksi terputus. Menghubungkan kembali...
⚠️ Koneksi terputus. Menghubungkan kembali...
⚠️ Koneksi terputus. Menghubungkan kembali...
⚠️ Koneksi terputus. Menghubungkan kembali...
⚠️ Koneksi terputus. Menghubungkan kembali...
⚠️ Koneksi terputus. Menghubungkan kembali...
⚠️ Koneksi terputus. Menghubungkan kembali...
⚠️ Koneksi terputus. Menghubungkan kembali...
⚠️ Koneksi terputus. Menghubungkan kembali...
⚠️ Koneksi terputus. Menghubungkan kembali...
⚠️ Koneksi terputus. Menghubungkan kembali...
⚠️ Koneksi terputus. Menghubungkan kembali...
⚠️ Koneksi terputus. Menghubungkan kembali...
⚠️ Koneksi terputus. Menghubungkan kembali...
⚠️ Koneksi terputus. Menghubungkan kembali...
⚠️ Koneksi terputus. Menghubungkan kembali...
⚠️ Koneksi terputus. Menghubungkan kembali...
⚠️ Koneksi terputus. Menghubungkan kembali...
⚠️ Koneksi terputus. Menghubungkan kembali...
⚠️ Koneksi terputus. Menghubungkan kembali...
⚠️ Koneksi terputus. Menghubungkan kembali...
⚠️ Koneksi terputus. Menghubungkan kembali...
⚠️ Koneksi terputus. Menghubungkan kembali...
⚠️ Koneksi terputus. Menghubungkan kembali...
⚠️ Koneksi terputus. Menghubungkan kembali...
⚠️ Koneksi terputus. Menghubungkan kembali...
⚠️ Koneksi terputus. Menghubungkan kembali...
⚠️ Koneksi terputus. Menghubungkan kembali...
⚠️ Koneksi terputus. Menghubungkan kembali...
⚠️ Koneksi terputus. Menghubungkan kembali...
⚠️ Koneksi terputus. Menghubungkan kembali...
⚠️ Koneksi terputus. Menghubungkan kembali...
⚠️ Koneksi terputus. Menghubungkan kembali...
⚠️ Koneksi terputus. Menghubungkan kembali...
⚠️ Koneksi terputus. Menghubungkan kembali...
⚠️ Koneksi terputus. Menghubungkan kembali...
⚠️ Koneksi terputus. Menghubungkan kembali...
⚠️ Koneksi terputus. Menghubungkan kembali...
⚠️ Koneksi terputus. Menghubungkan kembali...
⚠️ Koneksi terputus. Menghubungkan kembali...
⚠️ Koneksi terputus. Menghubungkan kembali...
⚠️ Koneksi terputus. Menghubungkan kembali...
⚠️ Koneksi terputus. Menghubungkan kembali...
⚠️ Koneksi terputus. Menghubungkan kembali...
⚠️ Koneksi terputus. Menghubungkan kembali...
⚠️ Koneksi terputus. Menghubungkan kembali...
⚠️ Koneksi terputus. Menghubungkan kembali...
⚠️ Koneksi terputus. Menghubungkan kembali...
⚠️ Koneksi terputus. Menghubungkan kembali...
⚠️ Koneksi terputus. Menghubungkan kembali...
⚠️ Koneksi terputus. Menghubungkan kembali...
⚠️ Koneksi terputus. Menghubungkan kembali...
⚠️ Koneksi terputus. Menghubungkan kembali...
⚠️ Koneksi terputus. Menghubungkan kembali...
⚠️ Koneksi terputus. Menghubungkan kembali...
⚠️ Koneksi terputus. Menghubungkan kembali...
⚠️ Koneksi terputus. Menghubungkan kembali...
⚠️ Koneksi terputus. Menghubungkan kembali...
⚠️ Koneksi terputus. Menghubungkan kembali...
⚠️ Koneksi terputus. Menghubungkan kembali...
⚠️ Koneksi terputus. Menghubungkan kembali...
⚠️ Koneksi terputus. Menghubungkan kembali...
⚠️ Koneksi terputus. Menghubungkan kembali...
⚠️ Koneksi terputus. Menghubungkan kembali...
⚠️ Koneksi terputus. Menghubungkan kembali...
⚠️ Koneksi terputus. Menghubungkan kembali...
⚠️ Koneksi terputus. Menghubungkan kembali...
⚠️ Koneksi terputus. Menghubungkan kembali...
⚠️ Koneksi terputus. Menghubungkan kembali...
⚠️ Koneksi terputus. Menghubungkan kembali...
⚠️ Koneksi terputus. Menghubungkan kembali...
⚠️ Koneksi terputus. Menghubungkan kembali...
⚠️ Koneksi terputus. Menghubungkan kembali...
⚠️ Koneksi terputus. Menghubungkan kembali...
⚠️ Koneksi terputus. Menghubungkan kembali...
⚠️ Koneksi terputus. Menghubungkan kembali...
⚠️ Koneksi terputus. Menghubungkan kembali...
⚠️ Koneksi terputus. Menghubungkan kembali...
⚠️ Koneksi terputus. Menghubungkan kembali...
⚠️ Koneksi terputus. Menghubungkan kembali...
⚠️ Koneksi terputus. Menghubungkan kembali...
⚠️ Koneksi terputus. Menghubungkan kembali...
⚠️ Koneksi terputus. Menghubungkan kembali...
⚠️ Koneksi terputus. Menghubungkan kembali...
⚠️ Koneksi terputus. Menghubungkan kembali...
⚠️ Koneksi terputus. Menghubungkan kembali...
⚠️ Koneksi terputus. Menghubungkan kembali...
⚠️ Koneksi terputus. Menghubungkan kembali...
⚠️ Koneksi terputus. Menghubungkan kembali...
⚠️ Koneksi terputus. Menghubungkan kembali...
⚠️ Koneksi terputus. Menghubungkan kembali...
⚠️ Koneksi terputus. Menghubungkan kembali...
⚠️ Koneksi terputus. Menghubungkan kembali...
⚠️ Koneksi terputus. Menghubungkan kembali...
⚠️ Koneksi terputus. Menghubungkan kembali...
⚠️ Koneksi terputus. Menghubungkan kembali...
⚠️ Koneksi terputus. Menghubungkan kembali...
⚠️ Koneksi terputus. Menghubungkan kembali...
⚠️ Koneksi terputus. Menghubungkan kembali...
⚠️ Koneksi terputus. Menghubungkan kembali...
⚠️ Koneksi terputus. Menghubungkan kembali...
⚠️ Koneksi terputus. Menghubungkan kembali...
⚠️ Koneksi terputus. Menghubungkan kembali...
⚠️ Koneksi terputus. Menghubungkan kembali...
⚠️ Koneksi terputus. Menghubungkan kembali...
⚠️ Koneksi terputus. Menghubungkan kembali...
⚠️ Koneksi terputus. Menghubungkan kembali...
⚠️ Koneksi terputus. Menghubungkan kembali...
⚠️ Koneksi terputus. Menghubungkan kembali...
⚠️ Koneksi terputus. Menghubungkan kembali...
⚠️ Koneksi terputus. Menghubungkan kembali...
⚠️ Koneksi terputus. Menghubungkan kembali...
⚠️ Koneksi terputus. Menghubungkan kembali...
⚠️ Koneksi terputus. Menghubungkan kembali...
⚠️ Koneksi terputus. Menghubungkan kembali...
⚠️ Koneksi terputus. Menghubungkan kembali...
⚠️ Koneksi terputus. Menghubungkan kembali...
⚠️ Koneksi terputus. Menghubungkan kembali...
⚠️ Koneksi terputus. Menghubungkan kembali...
⚠️ Koneksi terputus. Menghubungkan kembali...
⚠️ Koneksi terputus. Menghubungkan kembali...
⚠️ Koneksi terputus. Menghubungkan kembali...
⚠️ Koneksi terputus. Menghubungkan kembali...
⚠️ Koneksi terputus. Menghubungkan kembali...
⚠️ Koneksi terputus. Menghubungkan kembali...
⚠️ Koneksi terputus. Menghubungkan kembali...
⚠️ Koneksi terputus. Menghubungkan kembali...
⚠️ Koneksi terputus. Menghubungkan kembali...
⚠️ Koneksi terputus. Menghubungkan kembali...
⚠️ Koneksi terputus. Menghubungkan kembali...
⚠️ Koneksi terputus. Menghubungkan kembali...
⚠️ Koneksi terputus. Menghubungkan kembali...
⚠️ Koneksi terputus. Menghubungkan kembali...
⚠️ Koneksi terputus. Menghubungkan kembali...
⚠️ Koneksi terputus. Menghubungkan kembali...
⚠️ Koneksi terputus. Menghubungkan kembali...
⚠️ Koneksi terputus. Menghubungkan kembali...
⚠️ Koneksi terputus. Menghubungkan kembali...
⚠️ Koneksi terputus. Menghubungkan kembali...
⚠️ Koneksi terputus. Menghubungkan kembali...
⚠️ Koneksi terputus. Menghubungkan kembali...
⚠️ Koneksi terputus. Menghubungkan kembali...
⚠️ Koneksi terputus. Menghubungkan kembali...
⚠️ Koneksi terputus. Menghubungkan kembali...
⚠️ Koneksi terputus. Menghubungkan kembali...
⚠️ Koneksi terputus. Menghubungkan kembali...
⚠️ Koneksi terputus. Menghubungkan kembali...
⚠️ Koneksi terputus. Menghubungkan kembali...
⚠️ Koneksi terputus. Menghubungkan kembali...
⚠️ Koneksi terputus. Menghubungkan kembali...
⚠️ Koneksi terputus. Menghubungkan kembali...
⚠️ Koneksi terputus. Menghubungkan kembali...
⚠️ Koneksi terputus. Menghubungkan kembali...
⚠️ Koneksi terputus. Menghubungkan kembali...
⚠️ Koneksi terputus. Menghubungkan kembali...
⚠️ Koneksi terputus. Menghubungkan kembali...
⚠️ Koneksi terputus. Menghubungkan kembali...
⚠️ Koneksi terputus. Menghubungkan kembali...
⚠️ Koneksi terputus. Menghubungkan kembali...
⚠️ Koneksi terputus. Menghubungkan kembali...
⚠️ Koneksi terputus. Menghubungkan kembali...
⚠️ Koneksi terputus. Menghubungkan kembali...
⚠️ Koneksi terputus. Menghubungkan kembali...
⚠️ Koneksi terputus. Menghubungkan kembali...
⚠️ Koneksi terputus. Menghubungkan kembali...
⚠️ Koneksi terputus. Menghubungkan kembali...
⚠️ Koneksi terputus. Menghubungkan kembali...
⚠️ Koneksi terputus. Menghubungkan kembali...
⚠️ Koneksi terputus. Menghubungkan kembali...
⚠️ Koneksi terputus. Menghubungkan kembali...
⚠️ Koneksi terputus. Menghubungkan kembali...
⚠️ Koneksi terputus. Menghubungkan kembali...
⚠️ Koneksi terputus. Menghubungkan kembali...
⚠️ Koneksi terputus. Menghubungkan kembali...
⚠️ Koneksi terputus. Menghubungkan kembali...
⚠️ Koneksi terputus. Menghubungkan kembali...
⚠️ Koneksi terputus. Menghubungkan kembali...
⚠️ Koneksi terputus. Menghubungkan kembali...
⚠️ Koneksi terputus. Menghubungkan kembali...
⚠️ Koneksi terputus. Menghubungkan kembali...
⚠️ Koneksi terputus. Menghubungkan kembali...
⚠️ Koneksi terputus. Menghubungkan kembali...
⚠️ Koneksi terputus. Menghubungkan kembali...
⚠️ Koneksi terputus. Menghubungkan kembali...
⚠️ Koneksi terputus. Menghubungkan kembali...
⚠️ Koneksi terputus. Menghubungkan kembali...
⚠️ Koneksi terputus. Menghubungkan kembali...
⚠️ Koneksi terputus. Menghubungkan kembali...
⚠️ Koneksi terputus. Menghubungkan kembali...
⚠️ Koneksi terputus. Menghubungkan kembali...
⚠️ Koneksi terputus. Menghubungkan kembali...
⚠️ Koneksi terputus. Menghubungkan kembali...
⚠️ Koneksi terputus. Menghubungkan kembali...
⚠️ Koneksi terputus. Menghubungkan kembali...
⚠️ Koneksi terputus. Menghubungkan kembali...
⚠️ Koneksi terputus. Menghubungkan kembali...
⚠️ Koneksi terputus. Menghubungkan kembali...
⚠️ Koneksi terputus. Menghubungkan kembali...
⚠️ Koneksi terputus. Menghubungkan kembali...
⚠️ Koneksi terputus. Menghubungkan kembali...
⚠️ Koneksi terputus. Menghubungkan kembali...
⚠️ Koneksi terputus. Menghubungkan kembali...
⚠️ Koneksi terputus. Menghubungkan kembali...
⚠️ Koneksi terputus. Menghubungkan kembali...
⚠️ Koneksi terputus. Menghubungkan kembali...
⚠️ Koneksi terputus. Menghubungkan kembali...
⚠️ Koneksi terputus. Menghubungkan kembali...
⚠️ Koneksi terputus. Menghubungkan kembali...
⚠️ Koneksi terputus. Menghubungkan kembali...
⚠️ Koneksi terputus. Menghubungkan kembali...
⚠️ Koneksi terputus. Menghubungkan kembali...
⚠️ Koneksi terputus. Menghubungkan kembali...
⚠️ Koneksi terputus. Menghubungkan kembali...
⚠️ Koneksi terputus. Menghubungkan kembali...
⚠️ Koneksi terputus. Menghubungkan kembali...
⚠️ Koneksi terputus. Menghubungkan kembali...
⚠️ Koneksi terputus. Menghubungkan kembali...
⚠️ Koneksi terputus. Menghubungkan kembali...
⚠️ Koneksi terputus. Menghubungkan kembali...
⚠️ Koneksi terputus. Menghubungkan kembali...
⚠️ Koneksi terputus. Menghubungkan kembali...
⚠️ Koneksi terputus. Menghubungkan kembali...
⚠️ Koneksi terputus. Menghubungkan kembali...
⚠️ Koneksi terputus. Menghubungkan kembali...
⚠️ Koneksi terputus. Menghubungkan kembali...
⚠️ Koneksi terputus. Menghubungkan kembali...
⚠️ Koneksi terputus. Menghubungkan kembali...
⚠️ Koneksi terputus. Menghubungkan kembali...
⚠️ Koneksi terputus. Menghubungkan kembali...
⚠️ Koneksi terputus. Menghubungkan kembali...
⚠️ Koneksi terputus. Menghubungkan kembali...
⚠️ Koneksi terputus. Menghubungkan kembali...
⚠️ Koneksi terputus. Menghubungkan kembali...
⚠️ Koneksi terputus. Menghubungkan kembali...
⚠️ Koneksi terputus. Menghubungkan kembali...
⚠️ Koneksi terputus. Menghubungkan kembali...
⚠️ Koneksi terputus. Menghubungkan kembali...
⚠️ Koneksi terputus. Menghubungkan kembali...
⚠️ Koneksi terputus. Menghubungkan kembali...
⚠️ Koneksi terputus. Menghubungkan kembali...
⚠️ Koneksi terputus. Menghubungkan kembali...
⚠️ Koneksi terputus. Menghubungkan kembali...
⚠️ Koneksi terputus. Menghubungkan kembali...
⚠️ Koneksi terputus. Menghubungkan kembali...
⚠️ Koneksi terputus. Menghubungkan kembali...
⚠️ Koneksi terputus. Menghubungkan kembali...
⚠️ Koneksi terputus. Menghubungkan kembali...
⚠️ Koneksi terputus. Menghubungkan kembali...
⚠️ Koneksi terputus. Menghubungkan kembali...
⚠️ Koneksi terputus. Menghubungkan kembali...
⚠️ Koneksi terputus. Menghubungkan kembali...
⚠️ Koneksi terputus. Menghubungkan kembali...
⚠️ Koneksi terputus. Menghubungkan kembali...
⚠️ Koneksi terputus. Menghubungkan kembali...
⚠️ Koneksi terputus. Menghubungkan kembali...
⚠️ Koneksi terputus. Menghubungkan kembali...
⚠️ Koneksi terputus. Menghubungkan kembali...
⚠️ Koneksi terputus. Menghubungkan kembali...
⚠️ Koneksi terputus. Menghubungkan kembali...
⚠️ Koneksi terputus. Menghubungkan kembali...
⚠️ Koneksi terputus. Menghubungkan kembali...
⚠️ Koneksi terputus. Menghubungkan kembali...
⚠️ Koneksi terputus. Menghubungkan kembali...
⚠️ Koneksi terputus. Menghubungkan kembali...
⚠️ Koneksi terputus. Menghubungkan kembali...
⚠️ Koneksi terputus. Menghubungkan kembali...
⚠️ Koneksi terputus. Menghubungkan kembali...
⚠️ Koneksi terputus. Menghubungkan kembali...
⚠️ Koneksi terputus. Menghubungkan kembali...
⚠️ Koneksi terputus. Menghubungkan kembali...
⚠️ Koneksi terputus. Menghubungkan kembali...
⚠️ Koneksi terputus. Menghubungkan kembali...
⚠️ Koneksi terputus. Menghubungkan kembali...
⚠️ Koneksi terputus. Menghubungkan kembali...
⚠️ Koneksi terputus. Menghubungkan kembali...
⚠️ Koneksi terputus. Menghubungkan kembali...
⚠️ Koneksi terputus. Menghubungkan kembali...
⚠️ Koneksi terputus. Menghubungkan kembali...
⚠️ Koneksi terputus. Menghubungkan kembali...
⚠️ Koneksi terputus. Menghubungkan kembali...
⚠️ Koneksi terputus. Menghubungkan kembali...
⚠️ Koneksi terputus. Menghubungkan kembali...
⚠️ Koneksi terputus. Menghubungkan kembali...
⚠️ Koneksi terputus. Menghubungkan kembali...
⚠️ Koneksi terputus. Menghubungkan kembali...
⚠️ Koneksi terputus. Menghubungkan kembali...
⚠️ Koneksi terputus. Menghubungkan kembali...
⚠️ Koneksi terputus. Menghubungkan kembali...
⚠️ Koneksi terputus. Menghubungkan kembali...
⚠️ Koneksi terputus. Menghubungkan kembali...
⚠️ Koneksi terputus. Menghubungkan kembali...
⚠️ Koneksi terputus. Menghubungkan kembali...
⚠️ Koneksi terputus. Menghubungkan kembali...
⚠️ Koneksi terputus. Menghubungkan kembali...
⚠️ Koneksi terputus. Menghubungkan kembali...
⚠️ Koneksi terputus. Menghubungkan kembali...
⚠️ Koneksi terputus. Menghubungkan kembali...
⚠️ Koneksi terputus. Menghubungkan kembali...
⚠️ Koneksi terputus. Menghubungkan kembali...
⚠️ Koneksi terputus. Menghubungkan kembali...
⚠️ Koneksi terputus. Menghubungkan kembali...
⚠️ Koneksi terputus. Menghubungkan kembali...
⚠️ Koneksi terputus. Menghubungkan kembali...
⚠️ Koneksi terputus. Menghubungkan kembali...
⚠️ Koneksi terputus. Menghubungkan kembali...
⚠️ Koneksi terputus. Menghubungkan kembali...
⚠️ Koneksi terputus. Menghubungkan kembali...
⚠️ Koneksi terputus. Menghubungkan kembali...
⚠️ Koneksi terputus. Menghubungkan kembali...
⚠️ Koneksi terputus. Menghubungkan kembali...
⚠️ Koneksi terputus. Menghubungkan kembali...
⚠️ Koneksi terputus. Menghubungkan kembali...
⚠️ Koneksi terputus. Menghubungkan kembali...
⚠️ Koneksi terputus. Menghubungkan kembali...
⚠️ Koneksi terputus. Menghubungkan kembali...
⚠️ Koneksi terputus. Menghubungkan kembali...
⚠️ Koneksi terputus. Menghubungkan kembali...
⚠️ Koneksi terputus. Menghubungkan kembali...
⚠️ Koneksi terputus. Menghubungkan kembali...
⚠️ Koneksi terputus. Menghubungkan kembali...
⚠️ Koneksi terputus. Menghubungkan kembali...
⚠️ Koneksi terputus. Menghubungkan kembali...
⚠️ Koneksi terputus. Menghubungkan kembali...
⚠️ Koneksi terputus. Menghubungkan kembali...
⚠️ Koneksi terputus. Menghubungkan kembali...
⚠️ Koneksi terputus. Menghubungkan kembali...
⚠️ Koneksi terputus. Menghubungkan kembali...
⚠️ Koneksi terputus. Menghubungkan kembali...
⚠️ Koneksi terputus. Menghubungkan kembali...
⚠️ Koneksi terputus. Menghubungkan kembali...
⚠️ Koneksi terputus. Menghubungkan kembali...
⚠️ Koneksi terputus. Menghubungkan kembali...
⚠️ Koneksi terputus. Menghubungkan kembali...
⚠️ Koneksi terputus. Menghubungkan kembali...
⚠️ Koneksi terputus. Menghubungkan kembali...
⚠️ Koneksi terputus. Menghubungkan kembali...
⚠️ Koneksi terputus. Menghubungkan kembali...
⚠️ Koneksi terputus. Menghubungkan kembali...
⚠️ Koneksi terputus. Menghubungkan kembali...
⚠️ Koneksi terputus. Menghubungkan kembali...
⚠️ Koneksi terputus. Menghubungkan kembali...
⚠️ Koneksi terputus. Menghubungkan kembali...
⚠️ Koneksi terputus. Menghubungkan kembali...
⚠️ Koneksi terputus. Menghubungkan kembali...
⚠️ Koneksi terputus. Menghubungkan kembali...
⚠️ Koneksi terputus. Menghubungkan kembali...
⚠️ Koneksi terputus. Menghubungkan kembali...
⚠️ Koneksi terputus. Menghubungkan kembali...
⚠️ Koneksi terputus. Menghubungkan kembali...
⚠️ Koneksi terputus. Menghubungkan kembali...
⚠️ Koneksi terputus. Menghubungkan kembali...
⚠️ Koneksi terputus. Menghubungkan kembali...
⚠️ Koneksi terputus. Menghubungkan kembali...
⚠️ Koneksi terputus. Menghubungkan kembali...
⚠️ Koneksi terputus. Menghubungkan kembali...
⚠️ Koneksi terputus. Menghubungkan kembali...
⚠️ Koneksi terputus. Menghubungkan kembali...
⚠️ Koneksi terputus. Menghubungkan kembali...
⚠️ Koneksi terputus. Menghubungkan kembali...
⚠️ Koneksi terputus. Menghubungkan kembali...
⚠️ Koneksi terputus. Menghubungkan kembali...
⚠️ Koneksi terputus. Menghubungkan kembali...
⚠️ Koneksi terputus. Menghubungkan kembali...
⚠️ Koneksi terputus. Menghubungkan kembali...
⚠️ Koneksi terputus. Menghubungkan kembali...
⚠️ Koneksi terputus. Menghubungkan kembali...
⚠️ Koneksi terputus. Menghubungkan kembali...
⚠️ Koneksi terputus. Menghubungkan kembali...
⚠️ Koneksi terputus. Menghubungkan kembali...
⚠️ Koneksi terputus. Menghubungkan kembali...
⚠️ Koneksi terputus. Menghubungkan kembali...
⚠️ Koneksi terputus. Menghubungkan kembali...
⚠️ Koneksi terputus. Menghubungkan kembali...
⚠️ Koneksi terputus. Menghubungkan kembali...
⚠️ Koneksi terputus. Menghubungkan kembali...
⚠️ Koneksi terputus. Menghubungkan kembali...
⚠️ Koneksi terputus. Menghubungkan kembali...
⚠️ Koneksi terputus. Menghubungkan kembali...
⚠️ Koneksi terputus. Menghubungkan kembali...

✅ BOT KENSHO MART BERHASIL TERHUBUNG SEPENUHNYA!

Closing session: SessionEntry {
  _chains: {
    BWQH6FisjzMeJyk5RMcWk7pyLMMAGRDE2elXC1tI4vFT: { chainKey: [Object], chainType: 1, messageKeys: {} }
  },
  registrationId: 731186759,
  currentRatchet: {
    ephemeralKeyPair: {
      pubKey: <Buffer 05 64 07 e8 58 ac 8f 33 1e 27 29 39 44 c7 16 93 ba 72 2c c3 00 19 10 c4 d9 e9 57 0b 5b 48 e2 f1 53>,
      privKey: <Buffer f8 23 25 8b 94 20 73 8c 9f 95 22 fc db 2f b1 80 5d 76 b9 b6 73 5a 48 90 41 2c 09 89 69 7d cd 68>
    },
    lastRemoteEphemeralKey: <Buffer 05 61 5e 68 77 d4 7a b4 49 b4 57 89 12 fe ba dd 9b cc c5 9a aa 7a 55 b8 5d ce 6b aa 06 97 7c 50 5f>,
    previousCounter: 0,
    rootKey: <Buffer b7 ef e1 35 48 9a ca 9c 48 05 79 47 cb 74 81 4a b8 25 96 f3 d2 a6 fb 65 05 45 7f 89 4a 1f 7e ae>
  },
  indexInfo: {
    baseKey: <Buffer 05 c6 b7 84 3c be f7 30 1d 02 69 09 b4 bd 5a 32 ad 6d fb ce 1c 82 08 68 9b be a4 5e bf 91 57 6c 2c>,
    baseKeyType: 1,
    closed: -1,
    used: 1791215683945,
    created: 1791215683945,
    remoteIdentityKey: <Buffer 05 6a 81 70 a2 21 95 0f ae 2e 0f fa 9c af 6e 90 8e 9d 77 bd eb 32 20 53 ff ea c1 11 a3 84 41 5a 25>
  },
  pendingPreKey: {
    signedKeyId: 118234,
    baseKey: <Buffer 05 c6 b7 84 3c be f7 30 1d 02 69 09 b4 bd 5a 32 ad 6d fb ce 1c 82 08 68 9b be a4 5e bf 91 57 6c 2c>,
    preKeyId: 15034283
  }
}
Closing session: SessionEntry {
  _chains: {
    'BUDxdK6oIp5EKcU/8e1zEBS4lVs2qqm4vRIW5w+P8Z1P': { chainKey: [Object], chainType: 1, messageKeys: {} }
  },
  registrationId: 731186759,
  currentRatchet: {
    ephemeralKeyPair: {
      pubKey: <Buffer 05 40 f1 74 ae a8 22 9e 44 29 c5 3f f1 ed 73 10 14 b8 95 5b 36 aa a9 b8 bd 12 16 e7 0f 8f f1 9d 4f>,
      privKey: <Buffer 30 a3 9a ad 6f 0a a5 5e e7 b2 b8 ad 14 f5 33 6d 99 c7 fd 3c 58 43 88 61 2f 7b 1d a7 1b 6f 49 4f>
    },
    lastRemoteEphemeralKey: <Buffer 05 61 5e 68 77 d4 7a b4 49 b4 57 89 12 fe ba dd 9b cc c5 9a aa 7a 55 b8 5d ce 6b aa 06 97 7c 50 5f>,
    previousCounter: 0,
    rootKey: <Buffer e4 b9 04 77 64 d6 72 0d 5b a0 2b b7 ab 93 64 b9 49 e1 f5 00 4a 05 ac 78 69 25 73 65 b2 11 ee ee>
  },
  indexInfo: {
    baseKey: <Buffer 05 76 72 5f 12 ed a6 9d aa e0 8c 72 d8 57 2c e6 73 80 ad 17 f7 86 4a f0 40 2d 3a 47 a8 7c 7c dc 19>,
    baseKeyType: 1,
    closed: -1,
    used: 1791215828686,
    created: 1791215828686,
    remoteIdentityKey: <Buffer 05 6a 81 70 a2 21 95 0f ae 2e 0f fa 9c af 6e 90 8e 9d 77 bd eb 32 20 53 ff ea c1 11 a3 84 41 5a 25>
  },
  pendingPreKey: {
    signedKeyId: 118234,
    baseKey: <Buffer 05 76 72 5f 12 ed a6 9d aa e0 8c 72 d8 57 2c e6 73 80 ad 17 f7 86 4a f0 40 2d 3a 47 a8 7c 7c dc 19>,
    preKeyId: 15034529
  }
}
Closing session: SessionEntry {
  _chains: {
    'BU9oTy+NH7OaZaUHCCBa9aB22i6eVq+eYYl5rX6oHu4I': { chainKey: [Object], chainType: 2, messageKeys: {} },
    BTjKTmJZ3nB9qS6tibnVc4MO8jTanz6FSnRwyZDqapYP: { chainKey: [Object], chainType: 1, messageKeys: {} }
  },
  registrationId: 731186759,
  currentRatchet: {
    ephemeralKeyPair: {
      pubKey: <Buffer 05 38 ca 4e 62 59 de 70 7d a9 2e ad 89 b9 d5 73 83 0e f2 34 da 9f 3e 85 4a 74 70 c9 90 ea 6a 96 0f>,
      privKey: <Buffer 90 9d 08 32 7c 9a f7 fd 72 e6 32 4f 3a 3b db 65 d6 e6 ea c6 db ff 75 af 0c 7c 42 f7 ec 05 7f 5f>
    },
    lastRemoteEphemeralKey: <Buffer 05 4f 68 4f 2f 8d 1f b3 9a 65 a5 07 08 20 5a f5 a0 76 da 2e 9e 56 af 9e 61 89 79 ad 7e a8 1e ee 08>,
    previousCounter: -1,
    rootKey: <Buffer 6b 6c 83 f6 f3 be 78 9c 11 ae b2 4d 4c 4e 4e 87 d4 a1 48 76 7c e5 78 a6 38 0d 45 6b 68 05 7e 89>
  },
  indexInfo: {
    baseKey: <Buffer 05 82 8e 6b aa 33 b9 81 4a 65 90 a6 c9 fd 1f 52 f9 47 11 81 aa 99 5a 84 c2 8f e4 bf 75 a7 47 79 36>,
    baseKeyType: 1,
    closed: -1,
    used: 1791215829131,
    created: 1791215829131,
    remoteIdentityKey: <Buffer 05 6a 81 70 a2 21 95 0f ae 2e 0f fa 9c af 6e 90 8e 9d 77 bd eb 32 20 53 ff ea c1 11 a3 84 41 5a 25>
  },
  pendingPreKey: {
    signedKeyId: 118234,
    baseKey: <Buffer 05 82 8e 6b aa 33 b9 81 4a 65 90 a6 c9 fd 1f 52 f9 47 11 81 aa 99 5a 84 c2 8f e4 bf 75 a7 47 79 36>,
    preKeyId: 15034263
  }
}
📩 Pesan dari status@broadcast: "Mimpii jadii nyataa🔥🔥🇮🇩"
📩 Pesan dari 218395647725649@lid: "1"
Closing session: SessionEntry {
  _chains: {
    'BU9oTy+NH7OaZaUHCCBa9aB22i6eVq+eYYl5rX6oHu4I': { chainKey: [Object], chainType: 2, messageKeys: [Object] },
    'BbY1Gr5dNkdPJNEvsuZwCT45eUo3xGtThlRh/3lhUiQB': { chainKey: [Object], chainType: 1, messageKeys: {} }
  },
  registrationId: 731186759,
  currentRatchet: {
    ephemeralKeyPair: {
      pubKey: <Buffer 05 b6 35 1a be 5d 36 47 4f 24 d1 2f b2 e6 70 09 3e 39 79 4a 37 c4 6b 53 86 54 61 ff 79 61 52 24 01>,
      privKey: <Buffer c8 e5 d5 26 a8 66 85 9b 6e 6f c8 fa 61 f6 a1 d1 66 85 0c db a7 86 51 52 88 20 87 0a f5 30 93 64>
    },
    lastRemoteEphemeralKey: <Buffer 05 4f 68 4f 2f 8d 1f b3 9a 65 a5 07 08 20 5a f5 a0 76 da 2e 9e 56 af 9e 61 89 79 ad 7e a8 1e ee 08>,
    previousCounter: -1,
    rootKey: <Buffer a0 21 77 4a c6 15 d9 d1 ca 7d f1 bb 57 d6 3a 6d 63 fe 51 cd 83 21 c2 8f ee 37 c9 c1 4b f1 b5 f5>
  },
  indexInfo: {
    baseKey: <Buffer 05 69 4d ab fa 9e 73 8a d0 73 ad c9 39 16 42 4c f1 e5 04 37 22 0f 17 a9 af 24 c2 a8 de ae 3d d9 14>,
    baseKeyType: 1,
    closed: -1,
    used: 1791215833155,
    created: 1791215833155,
    remoteIdentityKey: <Buffer 05 6a 81 70 a2 21 95 0f ae 2e 0f fa 9c af 6e 90 8e 9d 77 bd eb 32 20 53 ff ea c1 11 a3 84 41 5a 25>
  },
  pendingPreKey: {
    signedKeyId: 118234,
    baseKey: <Buffer 05 69 4d ab fa 9e 73 8a d0 73 ad c9 39 16 42 4c f1 e5 04 37 22 0f 17 a9 af 24 c2 a8 de ae 3d d9 14>,
    preKeyId: 15034328
  }
}
📩 Pesan dari status@broadcast: "_letsgoo juaraaa_🇲🇨"
📩 Pesan dari status@broadcast: ""
📩 Pesan dari 218395647725649@lid: "11"
📩 Pesan dari 218395647725649@lid: "00"
📩 Pesan dari 218395647725649@lid: "0"
Closing session: SessionEntry {
  _chains: {
    'BTUdic58JEr+JuShTF5yYEVbdnib8hkSAalNYKKCdhZC': { chainKey: [Object], chainType: 1, messageKeys: {} }
  },
  registrationId: 731186759,
  currentRatchet: {
    ephemeralKeyPair: {
      pubKey: <Buffer 05 35 1d 89 ce 7c 24 4a fe 26 e4 a1 4c 5e 72 60 45 5b 76 78 9b f2 19 12 01 a9 4d 60 a2 82 76 16 42>,
      privKey: <Buffer 20 e4 a7 58 b2 25 05 0c aa f8 19 26 83 24 5e c7 30 ad f6 09 da c2 22 fb e8 ae e3 66 f0 f6 44 72>
    },
    lastRemoteEphemeralKey: <Buffer 05 61 5e 68 77 d4 7a b4 49 b4 57 89 12 fe ba dd 9b cc c5 9a aa 7a 55 b8 5d ce 6b aa 06 97 7c 50 5f>,
    previousCounter: 0,
    rootKey: <Buffer ac ee 22 55 8b 02 18 f3 05 98 25 86 7f f1 86 28 fa b0 59 b5 f6 f2 15 ab 5e 07 97 c2 07 6b 8f a8>
  },
  indexInfo: {
    baseKey: <Buffer 05 c5 71 a2 ad 7e 3a 9c 41 c8 11 1c 00 48 33 47 0e 4b 63 74 c8 b1 68 2c ae 09 98 9f 22 fe 6c be 48>,
    baseKeyType: 1,
    closed: -1,
    used: 1791215897006,
    created: 1791215897006,
    remoteIdentityKey: <Buffer 05 6a 81 70 a2 21 95 0f ae 2e 0f fa 9c af 6e 90 8e 9d 77 bd eb 32 20 53 ff ea c1 11 a3 84 41 5a 25>
  },
  pendingPreKey: {
    signedKeyId: 118234,
    baseKey: <Buffer 05 c5 71 a2 ad 7e 3a 9c 41 c8 11 1c 00 48 33 47 0e 4b 63 74 c8 b1 68 2c ae 09 98 9f 22 fe 6c be 48>,
    preKeyId: 15034346
  }
}
📩 Pesan dari 218395647725649@lid: "3"
📩 Pesan dari 218395647725649@lid: "31"
📩 Pesan dari status@broadcast: ""
📩 Pesan dari status@broadcast: ""
📩 Pesan dari status@broadcast: ""
Closing session: SessionEntry {
  _chains: {
    BXRXlJGIg2l8Jc9oGc8YnDsk6nGq1Lbi6h2xILcRS0UO: { chainKey: [Object], chainType: 1, messageKeys: {} }
  },
  registrationId: 731186759,
  currentRatchet: {
    ephemeralKeyPair: {
      pubKey: <Buffer 05 74 57 94 91 88 83 69 7c 25 cf 68 19 cf 18 9c 3b 24 ea 71 aa d4 b6 e2 ea 1d b1 20 b7 11 4b 45 0e>,
      privKey: <Buffer 48 75 d9 b0 7f 79 1f 39 0f a5 23 58 ab 61 87 65 e9 2e 5a 32 0b 95 87 28 fe 6f ba 65 47 24 b9 70>
    },
    lastRemoteEphemeralKey: <Buffer 05 61 5e 68 77 d4 7a b4 49 b4 57 89 12 fe ba dd 9b cc c5 9a aa 7a 55 b8 5d ce 6b aa 06 97 7c 50 5f>,
    previousCounter: 0,
    rootKey: <Buffer 99 6c 85 08 ea 15 93 ad 45 18 14 fc 16 71 30 7e 49 8b b0 ee f1 a4 bd 57 04 2a f4 49 44 4d 48 c4>
  },
  indexInfo: {
    baseKey: <Buffer 05 47 54 e7 a3 de 0e be 0a 96 7c 32 fb 39 88 c1 d6 34 86 9f 47 63 7c e9 19 93 8e 7a 95 81 79 97 1d>,
    baseKeyType: 1,
    closed: -1,
    used: 1791216109736,
    created: 1791216109736,
    remoteIdentityKey: <Buffer 05 6a 81 70 a2 21 95 0f ae 2e 0f fa 9c af 6e 90 8e 9d 77 bd eb 32 20 53 ff ea c1 11 a3 84 41 5a 25>
  },
  pendingPreKey: {
    signedKeyId: 118234,
    baseKey: <Buffer 05 47 54 e7 a3 de 0e be 0a 96 7c 32 fb 39 88 c1 d6 34 86 9f 47 63 7c e9 19 93 8e 7a 95 81 79 97 1d>,
    preKeyId: 15034473
  }
}
📩 Pesan dari status@broadcast: "🤩"
📩 Pesan dari 218395647725649@lid: "7"
📩 Pesan dari 218395647725649@lid: ""
📩 Pesan dari status@broadcast: ""
📩 Pesan dari status@broadcast: "Mimpi yang terkubur bertahun tahun akhirnya terwujud🥹🔥🔥❤️🇮🇩"
📩 Pesan dari status@broadcast: "🤩"
Closing session: SessionEntry {
  _chains: {
    'BW4ZNXc3iOX+lAQkKWnkd9ZpEZwcz5+TX9p19OTBf1J0': { chainKey: [Object], chainType: 2, messageKeys: {} },
    'BRJfWLiSnHtFwJJhl16kmjYPtPd3ikSoe6l/aOjmOcpr': { chainKey: [Object], chainType: 1, messageKeys: {} }
  },
  registrationId: 731186759,
  currentRatchet: {
    ephemeralKeyPair: {
      pubKey: <Buffer 05 12 5f 58 b8 92 9c 7b 45 c0 92 61 97 5e a4 9a 36 0f b4 f7 77 8a 44 a8 7b a9 7f 68 e8 e6 39 ca 6b>,
      privKey: <Buffer e8 26 f2 0d 3e 49 e2 bd 34 ba 4d 75 2a d4 f4 44 f8 3d cc 95 42 45 79 6c ca 87 7b e1 63 41 7f 43>
    },
    lastRemoteEphemeralKey: <Buffer 05 6e 19 35 77 37 88 e5 fe 94 04 24 29 69 e4 77 d6 69 11 9c 1c cf 9f 93 5f da 75 f4 e4 c1 7f 52 74>,
    previousCounter: 1,
    rootKey: <Buffer 28 f1 11 a6 a5 a6 82 a7 28 2e 10 c7 28 a5 d9 5f c2 f6 80 8e 54 6c 4e 65 06 73 73 1e 60 57 37 73>
  },
  indexInfo: {
    baseKey: <Buffer 05 0f 73 74 25 8c 6f 3f c1 12 21 c6 75 b1 b5 de 5b 6d a9 67 d4 53 71 1d 24 fc 5b 1b 2f d3 1e 24 23>,
    baseKeyType: 1,
    closed: -1,
    used: 1791216385847,
    created: 1791216332050,
    remoteIdentityKey: <Buffer 05 6a 81 70 a2 21 95 0f ae 2e 0f fa 9c af 6e 90 8e 9d 77 bd eb 32 20 53 ff ea c1 11 a3 84 41 5a 25>
  }
}
Closing session: SessionEntry {
  _chains: {
    'BddQyzEOd0/XxUc6CKYEGGFcAqMtCJwAjAsad0dZbBUq': { chainKey: [Object], chainType: 1, messageKeys: {} }
  },
  registrationId: 731186759,
  currentRatchet: {
    ephemeralKeyPair: {
      pubKey: <Buffer 05 d7 50 cb 31 0e 77 4f d7 c5 47 3a 08 a6 04 18 61 5c 02 a3 2d 08 9c 00 8c 0b 1a 77 47 59 6c 15 2a>,
      privKey: <Buffer 28 22 0e 20 82 a5 9b 39 00 82 0c 69 38 c9 8c 11 ce d7 bf 7d b2 77 bf 81 53 9b ed 51 33 88 fb 7b>
    },
    lastRemoteEphemeralKey: <Buffer 05 61 5e 68 77 d4 7a b4 49 b4 57 89 12 fe ba dd 9b cc c5 9a aa 7a 55 b8 5d ce 6b aa 06 97 7c 50 5f>,
    previousCounter: 0,
    rootKey: <Buffer 47 cf 45 8e ae cd bc ee cf da 1e 92 99 49 2b c6 4e 44 f9 1c 9a c9 85 47 9b 0d a4 8a 23 79 38 dd>
  },
  indexInfo: {
    baseKey: <Buffer 05 37 26 78 4a b1 a9 cc 4c d5 9b 71 02 fc 6a 9a 68 1e 22 3c 92 80 4c 01 9d 03 b2 95 77 86 38 48 6a>,
    baseKeyType: 1,
    closed: -1,
    used: 1791216444908,
    created: 1791216444908,
    remoteIdentityKey: <Buffer 05 6a 81 70 a2 21 95 0f ae 2e 0f fa 9c af 6e 90 8e 9d 77 bd eb 32 20 53 ff ea c1 11 a3 84 41 5a 25>
  },
  pendingPreKey: {
    signedKeyId: 118234,
    baseKey: <Buffer 05 37 26 78 4a b1 a9 cc 4c d5 9b 71 02 fc 6a 9a 68 1e 22 3c 92 80 4c 01 9d 03 b2 95 77 86 38 48 6a>,
    preKeyId: 15034266
  }
}
📩 Pesan dari status@broadcast: "🏆"
Closing session: SessionEntry {
  _chains: {
    'BaT4ZSSM2EeyUt8rGp1q7KYm9YNEG4Ay7u8c7v/KpPcY': { chainKey: [Object], chainType: 1, messageKeys: {} }
  },
  registrationId: 731186759,
  currentRatchet: {
    ephemeralKeyPair: {
      pubKey: <Buffer 05 a4 f8 65 24 8c d8 47 b2 52 df 2b 1a 9d 6a ec a6 26 f5 83 44 1b 80 32 ee ef 1c ee ff ca a4 f7 18>,
      privKey: <Buffer 80 65 3e 6e 5e d5 b7 e0 7d e2 5f 4d 20 d5 20 ee c7 a5 0b 7b 39 7a 95 73 e9 2f 17 28 ef 16 d7 5a>
    },
    lastRemoteEphemeralKey: <Buffer 05 61 5e 68 77 d4 7a b4 49 b4 57 89 12 fe ba dd 9b cc c5 9a aa 7a 55 b8 5d ce 6b aa 06 97 7c 50 5f>,
    previousCounter: 0,
    rootKey: <Buffer a0 5b c7 02 1f c3 bc 6f 34 e6 7a ca a3 a4 73 4e 53 3e ac 70 1d 25 d5 76 bd 04 09 ba e8 84 96 b8>
  },
  indexInfo: {
    baseKey: <Buffer 05 78 e3 6e 76 e8 be dd 7c 22 4d 72 8b b6 4e 68 5a 39 23 3b f1 e0 0e ad 61 6f 59 e7 4c 21 eb 58 43>,
    baseKeyType: 1,
    closed: -1,
    used: 1791216551099,
    created: 1791216551099,
    remoteIdentityKey: <Buffer 05 6a 81 70 a2 21 95 0f ae 2e 0f fa 9c af 6e 90 8e 9d 77 bd eb 32 20 53 ff ea c1 11 a3 84 41 5a 25>
  },
  pendingPreKey: {
    signedKeyId: 118234,
    baseKey: <Buffer 05 78 e3 6e 76 e8 be dd 7c 22 4d 72 8b b6 4e 68 5a 39 23 3b f1 e0 0e ad 61 6f 59 e7 4c 21 eb 58 43>,
    preKeyId: 15034290
  }
}
Closing session: SessionEntry {
  _chains: {
    'BSq++kgMAwa2Sim/e9Suo4OyjCBM0ir5dlryF8TkrpsI': { chainKey: [Object], chainType: 1, messageKeys: {} }
  },
  registrationId: 731186759,
  currentRatchet: {
    ephemeralKeyPair: {
      pubKey: <Buffer 05 2a be fa 48 0c 03 06 b6 4a 29 bf 7b d4 ae a3 83 b2 8c 20 4c d2 2a f9 76 5a f2 17 c4 e4 ae 9b 08>,
      privKey: <Buffer 68 60 a6 6c fe 2c b5 b1 28 1d 1e 2a 75 4a 25 40 90 8f 6d b9 ac 95 ad ab bd f5 a1 fd 12 e9 f9 62>
    },
    lastRemoteEphemeralKey: <Buffer 05 61 5e 68 77 d4 7a b4 49 b4 57 89 12 fe ba dd 9b cc c5 9a aa 7a 55 b8 5d ce 6b aa 06 97 7c 50 5f>,
    previousCounter: 0,
    rootKey: <Buffer 03 c2 a0 59 e3 4e 19 05 bc 3f 25 1e 9a e4 93 d9 28 6a 40 1c 91 d2 9c 5e dd a2 a3 7b ee 31 36 bc>
  },
  indexInfo: {
    baseKey: <Buffer 05 95 0f 1c f5 34 48 ff cd cd 3c e1 61 bc 4b 6e 6a e4 91 67 07 ec 79 02 fa db 30 ca 1b 35 ea 38 1d>,
    baseKeyType: 1,
    closed: -1,
    used: 1791216618099,
    created: 1791216618099,
    remoteIdentityKey: <Buffer 05 6a 81 70 a2 21 95 0f ae 2e 0f fa 9c af 6e 90 8e 9d 77 bd eb 32 20 53 ff ea c1 11 a3 84 41 5a 25>
  },
  pendingPreKey: {
    signedKeyId: 118234,
    baseKey: <Buffer 05 95 0f 1c f5 34 48 ff cd cd 3c e1 61 bc 4b 6e 6a e4 91 67 07 ec 79 02 fa db 30 ca 1b 35 ea 38 1d>,
    preKeyId: 15034467
  }
}
📩 Pesan dari status@broadcast: ""
📩 Pesan dari status@broadcast: "🇮🇩"
⚠️ Koneksi terputus. Menghubungkan kembali...
⚠️ Koneksi terputus. Menghubungkan kembali...
❌ Sesi terputus total. Silakan hapus folder session_baru dan jalankan ulang.
⚠️ Koneksi terputus (Status Code: 401). Reconnecting otomatis...
❌ Sesi dikeluarkam (Logged Out). Hapus folder session_baru dan tautkan ulang.
⚠️ Koneksi terputus (Status Code: 401). Reconnecting otomatis...
❌ Sesi dikeluarkam (Logged Out). Hapus folder session_baru dan tautkan ulang.

✅ BOT KENSHO MART BERHASIL TERHUBUNG SEPENUHNYA & READY!


✅ BOT KENSHO MART BERHASIL TERHUBUNG SEPENUHNYA & READY!


✅ BOT KENSHO MART BERHASIL TERHUBUNG SEPENUHNYA & READY!


✅ BOT KENSHO MART BERHASIL TERHUBUNG SEPENUHNYA & READY!


✅ BOT KENSHO MART BERHASIL TERHUBUNG SEPENUHNYA & READY!


✅ BOT KENSHO MART BERHASIL TERHUBUNG SEPENUHNYA & READY!


✅ BOT KENSHO MART BERHASIL TERHUBUNG SEPENUHNYA & READY!


✅ BOT KENSHO MART BERHASIL TERHUBUNG SEPENUHNYA & READY!


✅ BOT KENSHO MART BERHASIL TERHUBUNG SEPENUHNYA & READY!


✅ BOT KENSHO MART BERHASIL TERHUBUNG SEPENUHNYA & READY!


✅ BOT KENSHO MART BERHASIL TERHUBUNG SEPENUHNYA & READY!


✅ BOT KENSHO MART BERHASIL TERHUBUNG SEPENUHNYA & READY!


✅ BOT KENSHO MART BERHASIL TERHUBUNG SEPENUHNYA & READY!

Closing session: SessionEntry {
  _chains: {
    'Bby7n2Rj1p5GYRUWxn2/plm/2/lT9ZR9vIQnCV6F9js7': { chainKey: [Object], chainType: 2, messageKeys: [Object] },
    BX49Wfx58HPkfQTXKGxfUy8hiFenlrE6gb4WFIH7bUhP: { chainKey: [Object], chainType: 2, messageKeys: {} },
    'Bd+kABH3TgCLos4ElR/3aJyZMEGWxEOrdDIjLvUSnRcR': { chainKey: [Object], chainType: 1, messageKeys: {} }
  },
  registrationId: 1121699143,
  currentRatchet: {
    ephemeralKeyPair: {
      pubKey: <Buffer 05 df a4 00 11 f7 4e 00 8b a2 ce 04 95 1f f7 68 9c 99 30 41 96 c4 43 ab 74 32 23 2e f5 12 9d 17 11>,
      privKey: <Buffer a0 32 24 24 b4 43 15 83 31 7f bf fb 37 22 3b be 98 c7 29 54 04 1b 12 83 f3 79 5e 55 d3 be 9a 6f>
    },
    lastRemoteEphemeralKey: <Buffer 05 7e 3d 59 fc 79 f0 73 e4 7d 04 d7 28 6c 5f 53 2f 21 88 57 a7 96 b1 3a 81 be 16 14 81 fb 6d 48 4f>,
    previousCounter: 23,
    rootKey: <Buffer 70 74 59 76 ed 10 1a 52 f1 24 ef 89 13 8c e7 9b a6 2a c1 a6 93 6a e5 52 c7 80 c0 74 ed 7e 2b 43>
  },
  indexInfo: {
    baseKey: <Buffer 05 ba 4f 86 4a 18 fc 1c 7c e7 f9 85 0d 2f bd dd ee 92 e2 e1 4d c9 5e 9f 4f 8f fe 29 cb 73 a4 09 78>,
    baseKeyType: 2,
    closed: -1,
    used: 1791309064932,
    created: 1791307748264,
    remoteIdentityKey: <Buffer 05 65 9d 5a 18 07 39 62 10 e6 67 5e 19 e7 0f d6 b3 82 c6 5a 7e 38 cc c2 3b b5 c3 6c 87 61 d4 b3 69>
  }
}
Closing session: SessionEntry {
  _chains: {
    'BQgWBewej8IdJ0+WLXLpvEn3eWKILDebQadN9yQlmjJc': { chainKey: [Object], chainType: 2, messageKeys: {} },
    'BW0yNIeKY+asOs01muNSOxFnd+zwSt2bdGsXG60jSOJK': { chainKey: [Object], chainType: 1, messageKeys: {} }
  },
  registrationId: 1121699143,
  currentRatchet: {
    ephemeralKeyPair: {
      pubKey: <Buffer 05 6d 32 34 87 8a 63 e6 ac 3a cd 35 9a e3 52 3b 11 67 77 ec f0 4a dd 9b 74 6b 17 1b ad 23 48 e2 4a>,
      privKey: <Buffer 90 0a 5f 66 b0 09 56 0d ea 8a 43 11 40 0d 85 42 08 e5 67 b3 3e 45 90 a5 cb b0 29 eb 48 44 14 4d>
    },
    lastRemoteEphemeralKey: <Buffer 05 08 16 05 ec 1e 8f c2 1d 27 4f 96 2d 72 e9 bc 49 f7 79 62 88 2c 37 9b 41 a7 4d f7 24 25 9a 32 5c>,
    previousCounter: 0,
    rootKey: <Buffer b2 03 95 34 55 1a bc 0b 7f c1 66 e0 ad 80 fd b8 f6 47 08 d5 e9 6e 20 bf 81 47 28 ef 1a e8 27 21>
  },
  indexInfo: {
    baseKey: <Buffer 05 1f 8c 7d e3 c4 11 a0 f5 30 20 93 d7 a2 0c 39 6e 33 39 0f fc 3d 15 35 e3 f1 ee 02 c2 a3 98 99 1b>,
    baseKeyType: 2,
    closed: -1,
    used: 1791310222172,
    created: 1791310222172,
    remoteIdentityKey: <Buffer 05 65 9d 5a 18 07 39 62 10 e6 67 5e 19 e7 0f d6 b3 82 c6 5a 7e 38 cc c2 3b b5 c3 6c 87 61 d4 b3 69>
  }
}
Closing session: SessionEntry {
  _chains: {
    BRzAEUnMMHq265uAmwSK6kngCDa36n00DV06MMWMPc51: { chainKey: [Object], chainType: 1, messageKeys: {} }
  },
  registrationId: 1121699143,
  currentRatchet: {
    ephemeralKeyPair: {
      pubKey: <Buffer 05 1c c0 11 49 cc 30 7a b6 eb 9b 80 9b 04 8a ea 49 e0 08 36 b7 ea 7d 34 0d 5d 3a 30 c5 8c 3d ce 75>,
      privKey: <Buffer d0 c7 4d 01 13 1f 73 96 ff 66 a2 d3 d3 9f 90 42 58 91 d8 49 17 6b 46 cd 12 30 0e ae 1b 04 99 70>
    },
    lastRemoteEphemeralKey: <Buffer 05 37 72 02 da 52 58 74 0a de 2b 67 17 08 83 c8 69 63 ce 0e 31 1c 40 44 96 b9 01 4f a0 61 3e ed 7b>,
    previousCounter: 0,
    rootKey: <Buffer ea 8d 5f 7d 6e 06 d2 9c b8 b6 3d 35 02 44 dd f1 2d 97 b4 e4 9d 82 95 2b 55 3d 4b ca cf aa 13 8f>
  },
  indexInfo: {
    baseKey: <Buffer 05 63 31 5c c0 87 26 e1 5d 7a e5 76 4a 79 e8 a8 41 8b 5b 7b 37 48 09 37 36 28 bc 90 00 cb 58 63 56>,
    baseKeyType: 1,
    closed: -1,
    used: 1791310233646,
    created: 1791310233646,
    remoteIdentityKey: <Buffer 05 65 9d 5a 18 07 39 62 10 e6 67 5e 19 e7 0f d6 b3 82 c6 5a 7e 38 cc c2 3b b5 c3 6c 87 61 d4 b3 69>
  },
  pendingPreKey: {
    signedKeyId: 5078637,
    baseKey: <Buffer 05 63 31 5c c0 87 26 e1 5d 7a e5 76 4a 79 e8 a8 41 8b 5b 7b 37 48 09 37 36 28 bc 90 00 cb 58 63 56>,
    preKeyId: 6354175
  }
}
Closing session: SessionEntry {
  _chains: {
    'BaeaSDtvKB0vtc/VkPNs8YsacTIJai1TkX+erlMBqlUg': { chainKey: [Object], chainType: 1, messageKeys: {} }
  },
  registrationId: 1121699143,
  currentRatchet: {
    ephemeralKeyPair: {
      pubKey: <Buffer 05 a7 9a 48 3b 6f 28 1d 2f b5 cf d5 90 f3 6c f1 8b 1a 71 32 09 6a 2d 53 91 7f 9e ae 53 01 aa 55 20>,
      privKey: <Buffer f8 6d 51 f0 3f 90 a7 e2 2c 97 51 01 13 4a 19 33 5d fd d4 19 cd 67 7f 6d 30 5d 14 ef ca 2f 17 60>
    },
    lastRemoteEphemeralKey: <Buffer 05 37 72 02 da 52 58 74 0a de 2b 67 17 08 83 c8 69 63 ce 0e 31 1c 40 44 96 b9 01 4f a0 61 3e ed 7b>,
    previousCounter: 0,
    rootKey: <Buffer b6 ee de cd b7 b4 5f ef 16 60 96 91 d6 5e 8a b4 08 e8 fd aa 5f ab 7e 58 bd 8b 68 09 63 1d 57 f0>
  },
  indexInfo: {
    baseKey: <Buffer 05 8a ef e2 95 6e 8e 1d c5 a8 ef 28 3b 1a 9d bd ea 3c ac b4 55 78 dc a2 5d 13 d3 46 27 fa 3d e2 10>,
    baseKeyType: 1,
    closed: -1,
    used: 1791310242935,
    created: 1791310242935,
    remoteIdentityKey: <Buffer 05 65 9d 5a 18 07 39 62 10 e6 67 5e 19 e7 0f d6 b3 82 c6 5a 7e 38 cc c2 3b b5 c3 6c 87 61 d4 b3 69>
  },
  pendingPreKey: {
    signedKeyId: 5078637,
    baseKey: <Buffer 05 8a ef e2 95 6e 8e 1d c5 a8 ef 28 3b 1a 9d bd ea 3c ac b4 55 78 dc a2 5d 13 d3 46 27 fa 3d e2 10>,
    preKeyId: 6354176
  }
}
⚠️ Koneksi terputus (Status Code: 408). Reconnecting otomatis...

✅ BOT KENSHO MART BERHASIL TERHUBUNG SEPENUHNYA & READY!

⚠️ Koneksi terputus (Status Code: 428). Reconnecting otomatis...

✅ BOT KENSHO MART BERHASIL TERHUBUNG SEPENUHNYA & READY!

⚠️ Koneksi terputus (Status Code: 408). Reconnecting otomatis...

✅ BOT KENSHO MART BERHASIL TERHUBUNG SEPENUHNYA & READY!

⚠️ Koneksi terputus (Status Code: 428). Reconnecting otomatis...

✅ BOT KENSHO MART BERHASIL TERHUBUNG SEPENUHNYA & READY!

⚠️ Koneksi terputus (Status Code: 408). Reconnecting otomatis...

✅ BOT KENSHO MART BERHASIL TERHUBUNG SEPENUHNYA & READY!

⚠️ Koneksi terputus (Status Code: 408). Reconnecting otomatis...

✅ BOT KENSHO MART BERHASIL TERHUBUNG SEPENUHNYA & READY!

⚠️ Koneksi terputus (Status Code: 408). Reconnecting otomatis...

✅ BOT KENSHO MART BERHASIL TERHUBUNG SEPENUHNYA & READY!

Closing session: SessionEntry {
  _chains: {
    'BeO+J1qgDr/vYSdSnIMvNglzrOBUHqiXben7iMgvHt8j': { chainKey: [Object], chainType: 2, messageKeys: {} },
    'BQNQ1GpxLvXF6xy4oPUt1nsCwvf/g5OV/VWcVdbAWfRx': { chainKey: [Object], chainType: 1, messageKeys: {} }
  },
  registrationId: 1684761273,
  currentRatchet: {
    ephemeralKeyPair: {
      pubKey: <Buffer 05 03 50 d4 6a 71 2e f5 c5 eb 1c b8 a0 f5 2d d6 7b 02 c2 f7 ff 83 93 95 fd 55 9c 55 d6 c0 59 f4 71>,
      privKey: <Buffer 28 b1 ba c5 37 86 16 46 59 4a 34 27 70 95 cf 2b 30 a7 9b bf f1 f5 7e be dd 97 c4 34 aa e2 59 69>
    },
    lastRemoteEphemeralKey: <Buffer 05 e3 be 27 5a a0 0e bf ef 61 27 52 9c 83 2f 36 09 73 ac e0 54 1e a8 97 6d e9 fb 88 c8 2f 1e df 23>,
    previousCounter: 0,
    rootKey: <Buffer fd 9a c4 86 31 ec b1 81 73 6c 60 e2 05 8b 9c 5a 6c 1c 24 7b 93 a9 9e e1 18 c4 38 94 e6 e4 e1 90>
  },
  indexInfo: {
    baseKey: <Buffer 05 cd 2d 83 46 56 d9 06 63 9b 34 f4 bb 7f a8 18 2f ff 85 49 55 89 75 03 c5 50 00 ed 4a 68 c3 0e 5b>,
    baseKeyType: 2,
    closed: -1,
    used: 1791376459367,
    created: 1791376459367,
    remoteIdentityKey: <Buffer 05 d8 9f 84 94 2a 37 97 b1 a1 79 a9 32 ab af 2d cf d7 e6 49 4b f8 d6 47 2d f5 56 d5 2e de 0c e7 3e>
  }
}
Closing session: SessionEntry {
  _chains: {
    'BT+T0dZ1p3PSTq3Vu4Cel9zdRHLyI5gPKSrU7CCVRc0R': { chainKey: [Object], chainType: 2, messageKeys: {} },
    BUCCXINKOAzK0RcZTmHdjx1HCcuOvs1dkTF5bsGNRF8i: { chainKey: [Object], chainType: 1, messageKeys: {} }
  },
  registrationId: 370339047,
  currentRatchet: {
    ephemeralKeyPair: {
      pubKey: <Buffer 05 40 82 5c 83 4a 38 0c ca d1 17 19 4e 61 dd 8f 1d 47 09 cb 8e be cd 5d 91 31 79 6e c1 8d 44 5f 22>,
      privKey: <Buffer f0 58 4a 0d 38 be 18 7d 10 b9 05 fa 7c 09 5b f6 ca 54 50 f4 c4 3b 36 66 77 24 ec bc a9 65 29 75>
    },
    lastRemoteEphemeralKey: <Buffer 05 3f 93 d1 d6 75 a7 73 d2 4e ad d5 bb 80 9e 97 dc dd 44 72 f2 23 98 0f 29 2a d4 ec 20 95 45 cd 11>,
    previousCounter: 0,
    rootKey: <Buffer d0 8e bc 93 73 ee 69 fa 01 f0 58 41 a1 b3 b9 52 cd e7 32 21 82 4a cc 51 33 d9 fd 4e 81 85 ed 60>
  },
  indexInfo: {
    baseKey: <Buffer 05 24 eb 77 24 f1 ab 33 af 10 44 78 dd 1f 58 26 1f ba 74 90 93 96 80 26 63 39 3e 08 9a e6 24 9f 6a>,
    baseKeyType: 2,
    closed: -1,
    used: 1791376809141,
    created: 1791376809141,
    remoteIdentityKey: <Buffer 05 cb a5 59 2d 12 b9 41 9d c3 f1 1a 92 bd 2e 8f 2b b5 7b 69 dd 42 9a 74 88 4c 8c 66 45 53 a3 31 26>
  }
}
Closing session: SessionEntry {
  _chains: {
    'BYWtVoB+ADI+TWbbGuc2p3nzOwHvyCLC5vJ66WlBLo0Y': { chainKey: [Object], chainType: 2, messageKeys: {} },
    BUwq6T92izQ7OcsAVqgWHxfqqW56Ntq0WmQsKng7P7EK: { chainKey: [Object], chainType: 1, messageKeys: {} }
  },
  registrationId: 666370946,
  currentRatchet: {
    ephemeralKeyPair: {
      pubKey: <Buffer 05 4c 2a e9 3f 76 8b 34 3b 39 cb 00 56 a8 16 1f 17 ea a9 6e 7a 36 da b4 5a 64 2c 2a 78 3b 3f b1 0a>,
      privKey: <Buffer a8 0b 8f c0 68 80 99 67 65 18 ed 6d 0e 1b c1 37 11 7f 67 11 26 80 b7 40 79 c5 9e b3 a7 16 78 65>
    },
    lastRemoteEphemeralKey: <Buffer 05 85 ad 56 80 7e 00 32 3e 4d 66 db 1a e7 36 a7 79 f3 3b 01 ef c8 22 c2 e6 f2 7a e9 69 41 2e 8d 18>,
    previousCounter: 0,
    rootKey: <Buffer 9e bd c6 ca 42 b2 84 56 26 0e f2 16 fd 6a 3c 11 9d 49 6b 50 3e 35 6d 2c 09 2f 33 ae f8 22 07 63>
  },
  indexInfo: {
    baseKey: <Buffer 05 8f 51 49 a2 7a 2a 9f 10 9f 1f 83 27 0e 54 a7 93 84 88 aa ea 49 e8 37 01 5e 61 f1 0e 45 de 7f 1e>,
    baseKeyType: 2,
    closed: -1,
    used: 1791376830885,
    created: 1791376830885,
    remoteIdentityKey: <Buffer 05 32 f2 91 8d 35 a9 0a 78 b6 57 56 d7 ee fd 64 73 fa 0e a6 a5 fd 89 44 13 14 a5 99 a4 0b 7e 9b 3d>
  }
}
⚠️ Koneksi terputus (Status Code: 428). Reconnecting otomatis...

✅ BOT KENSHO MART BERHASIL TERHUBUNG SEPENUHNYA & READY!

Closing session: SessionEntry {
  _chains: {
    'BbcTvgvv2XyrurAmYJQUIMBsy+TYO/EgiNGL2L0Vohsk': { chainKey: [Object], chainType: 2, messageKeys: {} },
    'BfIS0bpRZtGykWI2mtVE88i/MrrtMMLKvnRjxtV2WcNZ': { chainKey: [Object], chainType: 1, messageKeys: {} }
  },
  registrationId: 1032322686,
  currentRatchet: {
    ephemeralKeyPair: {
      pubKey: <Buffer 05 f2 12 d1 ba 51 66 d1 b2 91 62 36 9a d5 44 f3 c8 bf 32 ba ed 30 c2 ca be 74 63 c6 d5 76 59 c3 59>,
      privKey: <Buffer c8 83 41 7f a8 40 99 5b e2 ad bf f2 75 4c c5 6a 61 be 79 9c db 5c 92 1a 67 84 e2 e8 a8 cb 52 6c>
    },
    lastRemoteEphemeralKey: <Buffer 05 b7 13 be 0b ef d9 7c ab ba b0 26 60 94 14 20 c0 6c cb e4 d8 3b f1 20 88 d1 8b d8 bd 15 a2 1b 24>,
    previousCounter: 0,
    rootKey: <Buffer 3a 4e fe 0c 2d de b3 29 e0 a6 6b 4e 3f 51 b8 58 59 32 82 7e af 3b d4 7b 84 c2 88 85 dc ec 54 09>
  },
  indexInfo: {
    baseKey: <Buffer 05 0a be 54 a9 86 1f d9 0c ff 07 4a c8 11 43 0b da c9 97 18 b9 99 96 55 ac 31 c4 77 3c 7b 8d 47 74>,
    baseKeyType: 2,
    closed: -1,
    used: 1791377166476,
    created: 1791377166476,
    remoteIdentityKey: <Buffer 05 03 1b 58 4f 9a 5f b7 0b fc 03 13 3d 26 8d e4 df a2 6d de f6 b5 e4 a8 b3 f6 ce 03 4d cc 57 4c 4a>
  }
}
Closing session: SessionEntry {
  _chains: {
    'BehJJARyy0ZcPmd9lfeRpkhtbN2L76ScIAepopt+8VI1': { chainKey: [Object], chainType: 2, messageKeys: {} },
    'BT5c18ECdCQ2E8UHpYPEVhE+n3Xxvuuibi8rH6wHZvA1': { chainKey: [Object], chainType: 1, messageKeys: {} }
  },
  registrationId: 780371292,
  currentRatchet: {
    ephemeralKeyPair: {
      pubKey: <Buffer 05 3e 5c d7 c1 02 74 24 36 13 c5 07 a5 83 c4 56 11 3e 9f 75 f1 be eb a2 6e 2f 2b 1f ac 07 66 f0 35>,
      privKey: <Buffer 70 07 bc 92 21 cc 18 ed da b7 ee 4e 48 77 68 03 65 83 52 a9 07 98 c4 99 fc 54 b9 80 52 d0 e5 63>
    },
    lastRemoteEphemeralKey: <Buffer 05 e8 49 24 04 72 cb 46 5c 3e 67 7d 95 f7 91 a6 48 6d 6c dd 8b ef a4 9c 20 07 a9 a2 9b 7e f1 52 35>,
    previousCounter: 0,
    rootKey: <Buffer dc be ee 2a b6 69 06 54 ea 7b a1 67 bb fa 34 50 2d 07 65 02 db 9e 55 13 fe 0a fa 2c 6a c4 ba 64>
  },
  indexInfo: {
    baseKey: <Buffer 05 42 89 98 51 f9 ad ea c9 9e 05 56 4f 00 ef cb 50 92 9e b3 0a dc 7f 74 8f fd a6 fc ae ef 36 45 6f>,
    baseKeyType: 2,
    closed: -1,
    used: 1791380671889,
    created: 1791380671889,
    remoteIdentityKey: <Buffer 05 03 4f db bb af 44 31 15 20 fa 4e 46 45 d9 fd 54 d4 0d 20 cc 3d 53 7f c9 5d 97 28 8d 7b c5 63 49>
  }
}
⚠️ Koneksi terputus (Status Code: 408). Reconnecting otomatis...

✅ BOT KENSHO MART BERHASIL TERHUBUNG SEPENUHNYA & READY!

Closing session: SessionEntry {
  _chains: {
    BatR0mRUfCg5LhYG9whrSMFUvfPnzmGFRP77UTgrnK96: { chainKey: [Object], chainType: 2, messageKeys: {} },
    'BUJQ471M850fGVdAHskRNhBnGxc+rpcl0l//dMToBShD': { chainKey: [Object], chainType: 1, messageKeys: {} }
  },
  registrationId: 276142168,
  currentRatchet: {
    ephemeralKeyPair: {
      pubKey: <Buffer 05 42 50 e3 bd 4c f3 9d 1f 19 57 40 1e c9 11 36 10 67 1b 17 3e ae 97 25 d2 5f ff 74 c4 e8 05 28 43>,
      privKey: <Buffer 98 aa 81 2c 92 d7 36 fe 6e 46 be ec a4 3e 0a 9d 0a 27 9d 76 5c 6c e8 4f f7 a2 f8 ca d4 2e be 66>
    },
    lastRemoteEphemeralKey: <Buffer 05 ab 51 d2 64 54 7c 28 39 2e 16 06 f7 08 6b 48 c1 54 bd f3 e7 ce 61 85 44 fe fb 51 38 2b 9c af 7a>,
    previousCounter: 0,
    rootKey: <Buffer 1b 6e fa 07 83 8f 8f d4 3c 59 99 72 90 75 17 df e8 7d 03 22 f3 67 ab 30 70 60 dc 43 f4 ac 8c 02>
  },
  indexInfo: {
    baseKey: <Buffer 05 50 53 11 37 0d a4 e4 2e f6 fc 37 b7 89 48 de d9 27 77 f9 a7 81 56 43 ac 84 73 81 24 c4 ab 6b 72>,
    baseKeyType: 2,
    closed: -1,
    used: 1791377765350,
    created: 1791377765350,
    remoteIdentityKey: <Buffer 05 a9 5f 97 e3 71 88 f5 3f 21 70 9c 26 90 a2 68 cb 7d 44 10 06 7f c2 82 11 3f cb bc 1a e1 3a c9 22>
  }
}
⚠️ Koneksi terputus (Status Code: 408). Reconnecting otomatis...

✅ BOT KENSHO MART BERHASIL TERHUBUNG SEPENUHNYA & READY!

⚠️ Koneksi terputus (Status Code: 408). Reconnecting otomatis...

✅ BOT KENSHO MART BERHASIL TERHUBUNG SEPENUHNYA & READY!

⚠️ Koneksi terputus (Status Code: 428). Reconnecting otomatis...

✅ BOT KENSHO MART BERHASIL TERHUBUNG SEPENUHNYA & READY!

Closing session: SessionEntry {
  _chains: {
    'BcJQX5zDA0W58AEblwV+E95fC2exNOpucIJTeiQ6Ka4L': { chainKey: [Object], chainType: 2, messageKeys: {} },
    'BWRA53V1GC+UOPGr3UsTPvwozuj3QTEZ6Su7C2cjk6xx': { chainKey: [Object], chainType: 1, messageKeys: {} }
  },
  registrationId: 883180789,
  currentRatchet: {
    ephemeralKeyPair: {
      pubKey: <Buffer 05 64 40 e7 75 75 18 2f 94 38 f1 ab dd 4b 13 3e fc 28 ce e8 f7 41 31 19 e9 2b bb 0b 67 23 93 ac 71>,
      privKey: <Buffer 20 60 2c 3b b3 1f f0 ef 81 67 67 e1 63 42 c1 3c 89 5b a5 c0 8f 93 30 d7 14 8e 6e 76 d5 53 2c 65>
    },
    lastRemoteEphemeralKey: <Buffer 05 c2 50 5f 9c c3 03 45 b9 f0 01 1b 97 05 7e 13 de 5f 0b 67 b1 34 ea 6e 70 82 53 7a 24 3a 29 ae 0b>,
    previousCounter: 0,
    rootKey: <Buffer 73 77 03 fe 54 4a ba 81 23 b2 57 85 48 cf d7 66 26 d5 87 47 f5 fc 91 ad e0 ec 91 5b a0 89 b0 9e>
  },
  indexInfo: {
    baseKey: <Buffer 05 a4 d7 0e ae 03 ae c2 d0 d7 f0 d5 0c 16 86 21 f4 fd 48 e9 87 c6 6d e4 d8 f0 7b d4 e1 b6 2e 69 59>,
    baseKeyType: 2,
    closed: -1,
    used: 1791321598917,
    created: 1791321598917,
    remoteIdentityKey: <Buffer 05 73 2f 73 aa e3 77 d4 bf 60 a0 c6 61 d0 43 31 60 bc 6a 07 ed ff 84 f7 2b f8 9b 17 48 8a 94 f0 6f>
  }
}
Closing session: SessionEntry {
  _chains: {
    'BebeeCdNC5Tq0vgXst9TAS3159dHV0jAXh+xXvGA7nNt': { chainKey: [Object], chainType: 2, messageKeys: {} },
    'BSwMYs82BtilK2w/TlKFijal4UW5Zlmt9iVDB1AkSEVS': { chainKey: [Object], chainType: 1, messageKeys: {} }
  },
  registrationId: 245887093,
  currentRatchet: {
    ephemeralKeyPair: {
      pubKey: <Buffer 05 2c 0c 62 cf 36 06 d8 a5 2b 6c 3f 4e 52 85 8a 36 a5 e1 45 b9 66 59 ad f6 25 43 07 50 24 48 45 52>,
      privKey: <Buffer f0 45 4f f8 8a 67 6c b6 cf 95 ab b7 db ad ae 5e 49 bc 4e 18 cd 24 20 1f 32 61 41 04 5e be 2a 6f>
    },
    lastRemoteEphemeralKey: <Buffer 05 e6 de 78 27 4d 0b 94 ea d2 f8 17 b2 df 53 01 2d f5 e7 d7 47 57 48 c0 5e 1f b1 5e f1 80 ee 73 6d>,
    previousCounter: 0,
    rootKey: <Buffer 55 a9 a5 73 ca b0 a0 32 50 53 43 dd ef eb 52 2a d5 b2 70 ed 42 65 09 88 68 0d 38 32 21 74 75 e8>
  },
  indexInfo: {
    baseKey: <Buffer 05 77 c6 45 e6 ed 44 f8 8a 5e 3c 4c 5b 64 1e 87 c2 1a 11 cd 97 fa b4 a9 c0 5c 69 f2 a2 13 a2 67 11>,
    baseKeyType: 2,
    closed: -1,
    used: 1791376388711,
    created: 1791376388711,
    remoteIdentityKey: <Buffer 05 e6 58 e6 e7 39 f4 1f d7 2f 45 64 f5 f3 71 16 38 d0 80 33 53 7e 10 68 7d db 2a 95 2f a1 81 f6 63>
  }
}
