2026-10-03T07:29:29: PM2 log: App [bot-wa:0] starting in -fork mode-
2026-10-03T07:29:29: PM2 log: App [bot-wa:0] online
2026-10-03T07:29:29: PM2 warn: [pidusage] We couldn't find uptime from /proc/uptime, using os.uptime() value
2026-10-03T07:29:32: PM2 warn: [pidusage] We couldn't find uptime from /proc/uptime, using os.uptime() value
2026-10-03T07:29:55: PM2 warn: [pidusage] We couldn't find uptime from /proc/uptime, using os.uptime() value
2026-10-03T07:29:55: PM2 log: Stopping app:bot-wa id:0
2026-10-03T07:29:55: PM2 log: App [bot-wa:0] exited with code [0] via signal [SIGINT]
2026-10-03T07:29:55: PM2 log: pid=23044 msg=process tree killed (1 pids)
2026-10-03T07:51:24: PM2 log: App [bot-wa:0] starting in -fork mode-
2026-10-03T07:51:24: PM2 log: App [bot-wa:0] online
2026-10-03T07:51:24: PM2 warn: [pidusage] We couldn't find uptime from /proc/uptime, using os.uptime() value
2026-10-03T07:51:31: PM2 warn: [pidusage] We couldn't find uptime from /proc/uptime, using os.uptime() value
2026-10-03T07:52:18: PM2 warn: [pidusage] We couldn't find uptime from /proc/uptime, using os.uptime() value
2026-10-03T07:52:22: PM2 warn: [pidusage] We couldn't find uptime from /proc/uptime, using os.uptime() value
2026-10-03T07:52:22: PM2 log: Stopping app:bot-wa id:0
2026-10-03T07:52:22: PM2 log: App [bot-wa:0] exited with code [0] via signal [SIGINT]
2026-10-03T07:52:22: PM2 log: pid=26693 msg=process tree killed (1 pids)
2026-10-03T07:53:58: PM2 log: App [bot-wa:0] starting in -fork mode-
2026-10-03T07:53:58: PM2 log: App [bot-wa:0] online
2026-10-03T07:53:58: PM2 warn: [pidusage] We couldn't find uptime from /proc/uptime, using os.uptime() value
2026-10-03T07:54:31: PM2 warn: [pidusage] We couldn't find uptime from /proc/uptime, using os.uptime() value
2026-10-03T07:54:36: PM2 warn: [pidusage] We couldn't find uptime from /proc/uptime, using os.uptime() value
2026-10-03T07:55:11: PM2 warn: [pidusage] We couldn't find uptime from /proc/uptime, using os.uptime() value
2026-10-03T07:55:48: PM2 warn: [pidusage] We couldn't find uptime from /proc/uptime, using os.uptime() value
2026-10-03T07:56:02: PM2 warn: [pidusage] We couldn't find uptime from /proc/uptime, using os.uptime() value
2026-10-03T07:56:02: PM2 log: Stopping app:bot-wa id:0
2026-10-03T07:56:02: PM2 log: App [bot-wa:0] exited with code [0] via signal [SIGINT]
2026-10-03T07:56:02: PM2 log: pid=28054 msg=process tree killed (1 pids)
2026-10-03T07:56:02: PM2 log: App [bot-wa:0] starting in -fork mode-
2026-10-03T07:56:02: PM2 log: App [bot-wa:0] online
2026-10-03T07:56:02: PM2 warn: [pidusage] We couldn't find uptime from /proc/uptime, using os.uptime() value
2026-10-03T07:56:18: PM2 warn: [pidusage] We couldn't find uptime from /proc/uptime, using os.uptime() value
2026-10-03T07:56:49: PM2 warn: [pidusage] We couldn't find uptime from /proc/uptime, using os.uptime() value
2026-10-03T07:57:19: PM2 warn: [pidusage] We couldn't find uptime from /proc/uptime, using os.uptime() value
2026-10-03T07:58:00: PM2 warn: [pidusage] We couldn't find uptime from /proc/uptime, using os.uptime() value
2026-10-03T07:58:42: PM2 warn: [pidusage] We couldn't find uptime from /proc/uptime, using os.uptime() value
2026-10-03T07:59:12: PM2 warn: [pidusage] We couldn't find uptime from /proc/uptime, using os.uptime() value
2026-10-03T07:59:36: PM2 warn: [pidusage] We couldn't find uptime from /proc/uptime, using os.uptime() value
2026-10-03T07:59:36: PM2 log: Stopping app:bot-wa id:0
2026-10-03T07:59:37: PM2 log: App [bot-wa:0] exited with code [0] via signal [SIGINT]
2026-10-03T07:59:37: PM2 log: pid=28931 msg=process tree killed (1 pids)
2026-10-03T07:59:37: PM2 log: App [bot-wa:0] starting in -fork mode-
2026-10-03T07:59:37: PM2 log: App [bot-wa:0] online
2026-10-03T07:59:37: PM2 warn: [pidusage] We couldn't find uptime from /proc/uptime, using os.uptime() value
2026-10-03T07:59:54: PM2 warn: [pidusage] We couldn't find uptime from /proc/uptime, using os.uptime() value
2026-10-03T08:00:24: PM2 warn: [pidusage] We couldn't find uptime from /proc/uptime, using os.uptime() value
2026-10-03T08:00:43: PM2 warn: [pidusage] We couldn't find uptime from /proc/uptime, using os.uptime() value
2026-10-03T08:01:04: PM2 warn: [pidusage] We couldn't find uptime from /proc/uptime, using os.uptime() value
2026-10-03T08:01:34: PM2 warn: [pidusage] We couldn't find uptime from /proc/uptime, using os.uptime() value
2026-10-03T08:02:04: PM2 warn: [pidusage] We couldn't find uptime from /proc/uptime, using os.uptime() value
2026-10-03T08:03:48: PM2 warn: [pidusage] We couldn't find uptime from /proc/uptime, using os.uptime() value
2026-10-03T08:04:14: PM2 warn: [pidusage] We couldn't find uptime from /proc/uptime, using os.uptime() value
2026-10-03T08:04:14: PM2 log: Stopping app:bot-wa id:0
2026-10-03T08:04:15: PM2 log: App [bot-wa:0] exited with code [0] via signal [SIGINT]
2026-10-03T08:04:15: PM2 log: pid=30369 msg=process tree killed (1 pids)
2026-10-03T08:04:15: PM2 log: App [bot-wa:0] starting in -fork mode-
2026-10-03T08:04:15: PM2 log: App [bot-wa:0] online
2026-10-03T08:04:15: PM2 warn: [pidusage] We couldn't find uptime from /proc/uptime, using os.uptime() value
2026-10-03T08:04:18: PM2 warn: [pidusage] We couldn't find uptime from /proc/uptime, using os.uptime() value
2026-10-03T08:04:48: PM2 warn: [pidusage] We couldn't find uptime from /proc/uptime, using os.uptime() value
2026-10-03T08:04:49: PM2 warn: [pidusage] We couldn't find uptime from /proc/uptime, using os.uptime() value
2026-10-03T08:05:18: PM2 warn: [pidusage] We couldn't find uptime from /proc/uptime, using os.uptime() value
2026-10-03T08:06:04: PM2 warn: [pidusage] We couldn't find uptime from /proc/uptime, using os.uptime() value
2026-10-03T08:06:24: PM2 warn: [pidusage] We couldn't find uptime from /proc/uptime, using os.uptime() value
2026-10-03T08:06:24: PM2 log: Stopping app:bot-wa id:0
2026-10-03T08:06:24: PM2 log: App [bot-wa:0] exited with code [0] via signal [SIGINT]
2026-10-03T08:06:24: PM2 log: pid=32656 msg=process tree killed (1 pids)
2026-10-03T08:06:24: PM2 log: App [bot-wa:0] starting in -fork mode-
2026-10-03T08:06:24: PM2 log: App [bot-wa:0] online
2026-10-03T08:06:24: PM2 warn: [pidusage] We couldn't find uptime from /proc/uptime, using os.uptime() value
2026-10-03T08:07:14: PM2 warn: [pidusage] We couldn't find uptime from /proc/uptime, using os.uptime() value
2026-10-03T08:07:18: PM2 warn: [pidusage] We couldn't find uptime from /proc/uptime, using os.uptime() value
2026-10-03T08:07:18: PM2 log: Stopping app:bot-wa id:0
2026-10-03T08:07:18: PM2 log: App [bot-wa:0] exited with code [0] via signal [SIGINT]
2026-10-03T08:07:18: PM2 log: pid=1398 msg=process tree killed (1 pids)
2026-10-03T08:07:18: PM2 log: App [bot-wa:0] starting in -fork mode-
2026-10-03T08:07:18: PM2 log: App [bot-wa:0] online
2026-10-03T08:07:18: PM2 warn: [pidusage] We couldn't find uptime from /proc/uptime, using os.uptime() value
2026-10-03T08:07:48: PM2 warn: [pidusage] We couldn't find uptime from /proc/uptime, using os.uptime() value
2026-10-03T08:08:15: PM2 warn: [pidusage] We couldn't find uptime from /proc/uptime, using os.uptime() value
2026-10-03T08:08:18: PM2 warn: [pidusage] We couldn't find uptime from /proc/uptime, using os.uptime() value
2026-10-03T08:08:48: PM2 warn: [pidusage] We couldn't find uptime from /proc/uptime, using os.uptime() value
2026-10-03T08:10:06: PM2 warn: [pidusage] We couldn't find uptime from /proc/uptime, using os.uptime() value
2026-10-03T08:10:12: PM2 warn: [pidusage] We couldn't find uptime from /proc/uptime, using os.uptime() value
2026-10-03T08:10:12: PM2 log: Stopping app:bot-wa id:0
2026-10-03T08:10:13: PM2 log: App [bot-wa:0] exited with code [0] via signal [SIGINT]
2026-10-03T08:10:13: PM2 log: pid=1591 msg=process tree killed (1 pids)
2026-10-03T08:10:13: PM2 log: App [bot-wa:0] starting in -fork mode-
2026-10-03T08:10:13: PM2 log: App [bot-wa:0] online
2026-10-03T08:10:13: PM2 warn: [pidusage] We couldn't find uptime from /proc/uptime, using os.uptime() value
2026-10-03T08:10:47: PM2 warn: [pidusage] We couldn't find uptime from /proc/uptime, using os.uptime() value
2026-10-03T08:11:10: PM2 warn: [pidusage] We couldn't find uptime from /proc/uptime, using os.uptime() value
2026-10-03T08:11:17: PM2 warn: [pidusage] We couldn't find uptime from /proc/uptime, using os.uptime() value
2026-10-03T08:12:19: PM2 warn: [pidusage] We couldn't find uptime from /proc/uptime, using os.uptime() value
2026-10-03T08:12:24: PM2 warn: [pidusage] We couldn't find uptime from /proc/uptime, using os.uptime() value
2026-10-03T08:12:24: PM2 log: Stopping app:bot-wa id:0
2026-10-03T08:12:24: PM2 log: App [bot-wa:0] exited with code [0] via signal [SIGINT]
2026-10-03T08:12:24: PM2 log: pid=4127 msg=process tree killed (1 pids)
2026-10-03T08:12:24: PM2 log: App [bot-wa:0] starting in -fork mode-
2026-10-03T08:12:24: PM2 log: App [bot-wa:0] online
2026-10-03T08:12:24: PM2 warn: [pidusage] We couldn't find uptime from /proc/uptime, using os.uptime() value
2026-10-03T08:12:37: PM2 warn: [pidusage] We couldn't find uptime from /proc/uptime, using os.uptime() value
2026-10-03T08:12:49: PM2 warn: [pidusage] We couldn't find uptime from /proc/uptime, using os.uptime() value
2026-10-03T08:13:59: PM2 warn: [pidusage] We couldn't find uptime from /proc/uptime, using os.uptime() value
2026-10-03T08:14:14: PM2 warn: [pidusage] We couldn't find uptime from /proc/uptime, using os.uptime() value
2026-10-03T08:14:14: PM2 log: Stopping app:bot-wa id:0
2026-10-03T08:14:14: PM2 log: App [bot-wa:0] exited with code [0] via signal [SIGINT]
2026-10-03T08:14:14: PM2 log: pid=5496 msg=process tree killed (1 pids)
2026-10-03T08:14:14: PM2 log: App [bot-wa:0] starting in -fork mode-
2026-10-03T08:14:14: PM2 log: App [bot-wa:0] online
2026-10-03T08:14:14: PM2 warn: [pidusage] We couldn't find uptime from /proc/uptime, using os.uptime() value
2026-10-03T08:14:28: PM2 warn: [pidusage] We couldn't find uptime from /proc/uptime, using os.uptime() value
2026-10-03T08:14:29: PM2 warn: [pidusage] We couldn't find uptime from /proc/uptime, using os.uptime() value
2026-10-03T08:14:59: PM2 warn: [pidusage] We couldn't find uptime from /proc/uptime, using os.uptime() value
2026-10-03T08:16:06: PM2 warn: [pidusage] We couldn't find uptime from /proc/uptime, using os.uptime() value
2026-10-03T08:16:11: PM2 warn: [pidusage] We couldn't find uptime from /proc/uptime, using os.uptime() value
2026-10-03T08:16:11: PM2 log: Stopping app:bot-wa id:0
2026-10-03T08:16:11: PM2 log: App [bot-wa:0] exited with code [0] via signal [SIGINT]
2026-10-03T08:16:11: PM2 log: pid=6671 msg=process tree killed (1 pids)
2026-10-03T08:16:11: PM2 log: App [bot-wa:0] starting in -fork mode-
2026-10-03T08:16:11: PM2 log: App [bot-wa:0] online
2026-10-03T08:16:11: PM2 warn: [pidusage] We couldn't find uptime from /proc/uptime, using os.uptime() value
2026-10-03T08:16:21: PM2 warn: [pidusage] We couldn't find uptime from /proc/uptime, using os.uptime() value
2026-10-03T08:16:36: PM2 warn: [pidusage] We couldn't find uptime from /proc/uptime, using os.uptime() value
2026-10-03T08:17:06: PM2 warn: [pidusage] We couldn't find uptime from /proc/uptime, using os.uptime() value
2026-10-03T08:18:00: PM2 warn: [pidusage] We couldn't find uptime from /proc/uptime, using os.uptime() value
2026-10-03T08:18:04: PM2 warn: [pidusage] We couldn't find uptime from /proc/uptime, using os.uptime() value
2026-10-03T08:18:04: PM2 log: Stopping app:bot-wa id:0
2026-10-03T08:18:04: PM2 log: App [bot-wa:0] exited with code [0] via signal [SIGINT]
2026-10-03T08:18:04: PM2 log: pid=7710 msg=process tree killed (1 pids)
2026-10-03T08:18:04: PM2 log: App [bot-wa:0] starting in -fork mode-
2026-10-03T08:18:05: PM2 log: App [bot-wa:0] online
2026-10-03T08:18:05: PM2 warn: [pidusage] We couldn't find uptime from /proc/uptime, using os.uptime() value
2026-10-03T08:18:14: PM2 warn: [pidusage] We couldn't find uptime from /proc/uptime, using os.uptime() value
2026-10-03T08:18:30: PM2 warn: [pidusage] We couldn't find uptime from /proc/uptime, using os.uptime() value
2026-10-03T08:19:03: PM2 warn: [pidusage] We couldn't find uptime from /proc/uptime, using os.uptime() value
2026-10-03T08:19:49: PM2 warn: [pidusage] We couldn't find uptime from /proc/uptime, using os.uptime() value
2026-10-03T08:20:56: PM2 warn: [pidusage] We couldn't find uptime from /proc/uptime, using os.uptime() value
2026-10-03T08:21:02: PM2 warn: [pidusage] We couldn't find uptime from /proc/uptime, using os.uptime() value
2026-10-03T08:21:02: PM2 log: Stopping app:bot-wa id:0
2026-10-03T08:21:02: PM2 log: App [bot-wa:0] exited with code [0] via signal [SIGINT]
2026-10-03T08:21:02: PM2 log: pid=8390 msg=process tree killed (1 pids)
2026-10-03T08:21:02: PM2 log: App [bot-wa:0] starting in -fork mode-
2026-10-03T08:21:02: PM2 log: App [bot-wa:0] online
2026-10-03T08:21:02: PM2 warn: [pidusage] We couldn't find uptime from /proc/uptime, using os.uptime() value
2026-10-03T08:21:36: PM2 warn: [pidusage] We couldn't find uptime from /proc/uptime, using os.uptime() value
2026-10-03T08:21:39: PM2 warn: [pidusage] We couldn't find uptime from /proc/uptime, using os.uptime() value
2026-10-03T08:21:39: PM2 log: Stopping app:bot-wa id:0
2026-10-03T08:21:40: PM2 log: App [bot-wa:0] exited with code [0] via signal [SIGINT]
2026-10-03T08:21:40: PM2 log: pid=9942 msg=process tree killed (1 pids)
2026-10-03T08:21:40: PM2 log: App [bot-wa:0] starting in -fork mode-
2026-10-03T08:21:40: PM2 log: App [bot-wa:0] online
2026-10-03T08:21:40: PM2 warn: [pidusage] We couldn't find uptime from /proc/uptime, using os.uptime() value
2026-10-03T08:26:03: PM2 warn: [pidusage] We couldn't find uptime from /proc/uptime, using os.uptime() value
2026-10-03T08:26:06: PM2 warn: [pidusage] We couldn't find uptime from /proc/uptime, using os.uptime() value
2026-10-03T08:26:06: PM2 log: Stopping app:bot-wa id:0
2026-10-03T08:26:06: PM2 log: App [bot-wa:0] exited with code [0] via signal [SIGINT]
2026-10-03T08:26:07: PM2 log: pid=10195 msg=process tree killed (1 pids)
2026-10-03T08:26:07: PM2 log: App [bot-wa:0] starting in -fork mode-
2026-10-03T08:26:07: PM2 log: App [bot-wa:0] online
2026-10-03T08:26:07: PM2 warn: [pidusage] We couldn't find uptime from /proc/uptime, using os.uptime() value
2026-10-03T08:26:25: PM2 warn: [pidusage] We couldn't find uptime from /proc/uptime, using os.uptime() value
2026-10-03T08:26:33: PM2 warn: [pidusage] We couldn't find uptime from /proc/uptime, using os.uptime() value
2026-10-03T08:27:02: PM2 warn: [pidusage] We couldn't find uptime from /proc/uptime, using os.uptime() value
2026-10-03T08:27:03: PM2 warn: [pidusage] We couldn't find uptime from /proc/uptime, using os.uptime() value
2026-10-03T08:27:44: PM2 warn: [pidusage] We couldn't find uptime from /proc/uptime, using os.uptime() value
2026-10-03T08:27:50: PM2 warn: [pidusage] We couldn't find uptime from /proc/uptime, using os.uptime() value
2026-10-03T08:27:50: PM2 log: Stopping app:bot-wa id:0
2026-10-03T08:27:50: PM2 log: App [bot-wa:0] exited with code [0] via signal [SIGINT]
2026-10-03T08:27:50: PM2 log: pid=11070 msg=process tree killed (1 pids)
2026-10-03T08:27:50: PM2 log: App [bot-wa:0] starting in -fork mode-
2026-10-03T08:27:50: PM2 log: App [bot-wa:0] online
2026-10-03T08:27:50: PM2 warn: [pidusage] We couldn't find uptime from /proc/uptime, using os.uptime() value
2026-10-03T08:28:26: PM2 warn: [pidusage] We couldn't find uptime from /proc/uptime, using os.uptime() value
2026-10-03T08:28:29: PM2 warn: [pidusage] We couldn't find uptime from /proc/uptime, using os.uptime() value
2026-10-03T08:28:56: PM2 warn: [pidusage] We couldn't find uptime from /proc/uptime, using os.uptime() value
2026-10-03T08:29:36: PM2 warn: [pidusage] We couldn't find uptime from /proc/uptime, using os.uptime() value
2026-10-03T08:33:16: PM2 warn: [pidusage] We couldn't find uptime from /proc/uptime, using os.uptime() value
2026-10-03T08:33:21: PM2 warn: [pidusage] We couldn't find uptime from /proc/uptime, using os.uptime() value
2026-10-03T08:33:21: PM2 log: Stopping app:bot-wa id:0
2026-10-03T08:33:21: PM2 log: App [bot-wa:0] exited with code [0] via signal [SIGINT]
2026-10-03T08:33:21: PM2 log: pid=12022 msg=process tree killed (1 pids)
2026-10-03T08:33:21: PM2 log: App [bot-wa:0] starting in -fork mode-
2026-10-03T08:33:21: PM2 log: App [bot-wa:0] online
2026-10-03T08:33:21: PM2 warn: [pidusage] We couldn't find uptime from /proc/uptime, using os.uptime() value
2026-10-03T08:33:34: PM2 warn: [pidusage] We couldn't find uptime from /proc/uptime, using os.uptime() value
2026-10-03T08:33:46: PM2 warn: [pidusage] We couldn't find uptime from /proc/uptime, using os.uptime() value
2026-10-03T08:34:30: PM2 warn: [pidusage] We couldn't find uptime from /proc/uptime, using os.uptime() value
2026-10-03T08:35:00: PM2 warn: [pidusage] We couldn't find uptime from /proc/uptime, using os.uptime() value
2026-10-03T17:57:36: PM2 warn: [pidusage] We couldn't find uptime from /proc/uptime, using os.uptime() value
2026-10-03T18:07:59: PM2 warn: [pidusage] We couldn't find uptime from /proc/uptime, using os.uptime() value
2026-10-03T18:08:05: PM2 warn: [pidusage] We couldn't find uptime from /proc/uptime, using os.uptime() value
2026-10-03T18:08:29: PM2 warn: [pidusage] We couldn't find uptime from /proc/uptime, using os.uptime() value
2026-10-03T18:08:59: PM2 warn: [pidusage] We couldn't find uptime from /proc/uptime, using os.uptime() value
2026-10-03T18:10:35: PM2 log: ===============================================================================
2026-10-03T18:10:35: PM2 log: --- New PM2 Daemon started ----------------------------------------------------
2026-10-03T18:10:35: PM2 log: Time                 : Sat Oct 03 2026 18:10:35 GMT+0700 (Western Indonesia Time)
2026-10-03T18:10:35: PM2 log: PM2 version          : 7.0.4
2026-10-03T18:10:35: PM2 log: Node.js version      : 26.4.0
2026-10-03T18:10:35: PM2 log: Current arch         : arm64
2026-10-03T18:10:35: PM2 log: PM2 home             : /data/data/com.termux/files/home/.pm2
2026-10-03T18:10:35: PM2 log: PM2 PID file         : /data/data/com.termux/files/home/.pm2/pm2.pid
2026-10-03T18:10:35: PM2 log: RPC socket file      : /data/data/com.termux/files/home/.pm2/rpc.sock
2026-10-03T18:10:35: PM2 log: BUS socket file      : /data/data/com.termux/files/home/.pm2/pub.sock
2026-10-03T18:10:35: PM2 log: Application log path : /data/data/com.termux/files/home/.pm2/logs
2026-10-03T18:10:35: PM2 log: Worker Interval      : 30000
2026-10-03T18:10:35: PM2 log: Process dump file    : /data/data/com.termux/files/home/.pm2/dump.pm2
2026-10-03T18:10:35: PM2 log: Concurrent actions   : 2
2026-10-03T18:10:35: PM2 log: SIGTERM timeout      : 1600
2026-10-03T18:10:35: PM2 log: Runtime Binary       : /data/data/com.termux/files/usr/bin/node
2026-10-03T18:10:35: PM2 log: ===============================================================================
2026-10-03T18:39:04: PM2 log: App [bot-wa:0] starting in -fork mode-
2026-10-03T18:39:04: PM2 log: App [bot-wa:0] online
2026-10-03T18:39:04: PM2 warn: [pidusage] We couldn't find uptime from /proc/uptime, using os.uptime() value
2026-10-03T18:39:04: PM2 error: Error while calling "getconf CLK_TCK" Error: Command failed: getconf CLK_TCK
/data/data/com.termux/files/usr/bin/sh: 1: getconf: not found

    at genericNodeError (node:internal/errors:998:15)
    at wrappedFn (node:internal/errors:543:14)
    at ChildProcess.exithandler (node:child_process:417:12)
    at ChildProcess.emit (node:events:509:20)
    at ChildProcess.emit (node:domain:536:15)
    at maybeClose (node:internal/child_process:1125:16)
    at Socket.<anonymous> (node:internal/child_process:497:11)
    at Socket.emit (node:events:509:20)
    at Socket.emit (node:domain:536:15)
    at Pipe.<anonymous> (node:net:355:12) {
  code: 127,
  killed: false,
  signal: null,
  cmd: 'getconf CLK_TCK'
}
2026-10-03T18:39:04: PM2 error: Error while calling "getconf PAGESIZE" Error: Command failed: getconf PAGESIZE
/data/data/com.termux/files/usr/bin/sh: 1: getconf: not found

    at genericNodeError (node:internal/errors:998:15)
    at wrappedFn (node:internal/errors:543:14)
    at ChildProcess.exithandler (node:child_process:417:12)
    at ChildProcess.emit (node:events:509:20)
    at ChildProcess.emit (node:domain:536:15)
    at maybeClose (node:internal/child_process:1125:16)
    at Socket.<anonymous> (node:internal/child_process:497:11)
    at Socket.emit (node:events:509:20)
    at Socket.emit (node:domain:536:15)
    at Pipe.<anonymous> (node:net:355:12) {
  code: 127,
  killed: false,
  signal: null,
  cmd: 'getconf PAGESIZE'
}
2026-10-03T18:39:05: PM2 warn: [pidusage] We couldn't find uptime from /proc/uptime, using os.uptime() value
2026-10-03T18:39:08: PM2 warn: [pidusage] We couldn't find uptime from /proc/uptime, using os.uptime() value
2026-10-03T18:39:14: PM2 warn: [pidusage] We couldn't find uptime from /proc/uptime, using os.uptime() value
2026-10-03T18:39:14: PM2 warn: [pidusage] We couldn't find uptime from /proc/uptime, using os.uptime() value
2026-10-03T18:39:50: PM2 warn: [pidusage] We couldn't find uptime from /proc/uptime, using os.uptime() value
2026-10-03T18:39:53: PM2 warn: [pidusage] We couldn't find uptime from /proc/uptime, using os.uptime() value
2026-10-03T18:40:20: PM2 warn: [pidusage] We couldn't find uptime from /proc/uptime, using os.uptime() value
2026-10-03T18:40:52: PM2 warn: [pidusage] We couldn't find uptime from /proc/uptime, using os.uptime() value
2026-10-03T18:41:01: PM2 warn: [pidusage] We couldn't find uptime from /proc/uptime, using os.uptime() value
2026-10-03T18:41:01: PM2 log: Stopping app:bot-wa id:0
2026-10-03T18:41:01: PM2 log: App [bot-wa:0] exited with code [0] via signal [SIGINT]
2026-10-03T18:41:01: PM2 log: pid=13964 msg=process tree killed (1 pids)
2026-10-03T18:41:02: PM2 log: App [bot-wa:0] starting in -fork mode-
2026-10-03T18:41:02: PM2 log: App [bot-wa:0] online
2026-10-03T18:41:02: PM2 warn: [pidusage] We couldn't find uptime from /proc/uptime, using os.uptime() value
2026-10-03T18:41:12: PM2 warn: [pidusage] We couldn't find uptime from /proc/uptime, using os.uptime() value
2026-10-03T18:41:22: PM2 warn: [pidusage] We couldn't find uptime from /proc/uptime, using os.uptime() value
2026-10-03T18:41:48: PM2 warn: [pidusage] We couldn't find uptime from /proc/uptime, using os.uptime() value
2026-10-03T18:41:48: PM2 log: Stopping app:bot-wa id:0
2026-10-03T18:41:48: PM2 log: App [bot-wa:0] exited with code [0] via signal [SIGINT]
2026-10-03T18:41:49: PM2 log: pid=14608 msg=process tree killed (1 pids)
2026-10-03T18:41:50: PM2 log: App [bot-wa:0] starting in -fork mode-
2026-10-03T18:41:50: PM2 log: App [bot-wa:0] online
2026-10-03T18:41:50: PM2 warn: [pidusage] We couldn't find uptime from /proc/uptime, using os.uptime() value
2026-10-03T18:41:50: PM2 warn: [pidusage] We couldn't find uptime from /proc/uptime, using os.uptime() value
2026-10-03T18:41:52: PM2 warn: [pidusage] We couldn't find uptime from /proc/uptime, using os.uptime() value
2026-10-03T18:42:27: PM2 warn: [pidusage] We couldn't find uptime from /proc/uptime, using os.uptime() value
2026-10-03T18:42:57: PM2 warn: [pidusage] We couldn't find uptime from /proc/uptime, using os.uptime() value
2026-10-03T18:43:25: PM2 warn: [pidusage] We couldn't find uptime from /proc/uptime, using os.uptime() value
2026-10-03T18:43:25: PM2 log: Stopping app:bot-wa id:0
2026-10-03T18:43:25: PM2 log: App [bot-wa:0] exited with code [0] via signal [SIGINT]
2026-10-03T18:43:25: PM2 log: pid=14996 msg=process tree killed (1 pids)
2026-10-03T18:43:26: PM2 log: App [bot-wa:0] starting in -fork mode-
2026-10-03T18:43:26: PM2 log: App [bot-wa:0] online
2026-10-03T18:43:26: PM2 warn: [pidusage] We couldn't find uptime from /proc/uptime, using os.uptime() value
2026-10-03T18:43:27: PM2 warn: [pidusage] We couldn't find uptime from /proc/uptime, using os.uptime() value
2026-10-03T18:43:27: PM2 warn: [pidusage] We couldn't find uptime from /proc/uptime, using os.uptime() value
2026-10-03T18:44:15: PM2 warn: [pidusage] We couldn't find uptime from /proc/uptime, using os.uptime() value
2026-10-03T18:44:20: PM2 warn: [pidusage] We couldn't find uptime from /proc/uptime, using os.uptime() value
2026-10-03T18:44:20: PM2 log: Stopping app:bot-wa id:0
2026-10-03T18:44:20: PM2 log: App [bot-wa:0] exited with code [0] via signal [SIGINT]
2026-10-03T18:44:20: PM2 log: pid=15853 msg=process tree killed (1 pids)
2026-10-03T18:45:59: PM2 log: App [bot-wa:0] starting in -fork mode-
2026-10-03T18:45:59: PM2 log: App [bot-wa:0] online
2026-10-03T18:45:59: PM2 warn: [pidusage] We couldn't find uptime from /proc/uptime, using os.uptime() value
2026-10-03T18:46:17: PM2 warn: [pidusage] We couldn't find uptime from /proc/uptime, using os.uptime() value
2026-10-03T18:46:20: PM2 warn: [pidusage] We couldn't find uptime from /proc/uptime, using os.uptime() value
2026-10-03T18:46:20: PM2 log: Stopping app:bot-wa id:0
2026-10-03T18:46:20: PM2 log: App [bot-wa:0] exited with code [0] via signal [SIGINT]
2026-10-03T18:46:20: PM2 log: pid=17317 msg=process tree killed (1 pids)
2026-10-03T18:46:20: PM2 log: App [bot-wa:0] starting in -fork mode-
2026-10-03T18:46:20: PM2 log: App [bot-wa:0] online
2026-10-03T18:46:20: PM2 warn: [pidusage] We couldn't find uptime from /proc/uptime, using os.uptime() value
2026-10-03T18:46:53: PM2 warn: [pidusage] We couldn't find uptime from /proc/uptime, using os.uptime() value
2026-10-03T18:47:33: PM2 warn: [pidusage] We couldn't find uptime from /proc/uptime, using os.uptime() value
2026-10-03T18:47:36: PM2 warn: [pidusage] We couldn't find uptime from /proc/uptime, using os.uptime() value
2026-10-03T18:47:37: PM2 warn: [pidusage] We couldn't find uptime from /proc/uptime, using os.uptime() value
2026-10-03T18:47:46: PM2 warn: [pidusage] We couldn't find uptime from /proc/uptime, using os.uptime() value
2026-10-03T18:47:46: PM2 warn: [pidusage] We couldn't find uptime from /proc/uptime, using os.uptime() value
2026-10-03T18:48:03: PM2 warn: [pidusage] We couldn't find uptime from /proc/uptime, using os.uptime() value
2026-10-03T18:49:08: PM2 warn: [pidusage] We couldn't find uptime from /proc/uptime, using os.uptime() value
2026-10-03T18:49:12: PM2 warn: [pidusage] We couldn't find uptime from /proc/uptime, using os.uptime() value
2026-10-03T18:49:12: PM2 log: Stopping app:bot-wa id:0
2026-10-03T18:49:12: PM2 log: App [bot-wa:0] exited with code [0] via signal [SIGINT]
2026-10-03T18:49:12: PM2 log: pid=17819 msg=process tree killed (1 pids)
2026-10-03T18:49:12: PM2 log: App [bot-wa:0] starting in -fork mode-
2026-10-03T18:49:12: PM2 log: App [bot-wa:0] online
2026-10-03T18:49:12: PM2 warn: [pidusage] We couldn't find uptime from /proc/uptime, using os.uptime() value
2026-10-03T18:49:13: PM2 warn: [pidusage] We couldn't find uptime from /proc/uptime, using os.uptime() value
2026-10-03T18:49:21: PM2 warn: [pidusage] We couldn't find uptime from /proc/uptime, using os.uptime() value
2026-10-03T18:49:21: PM2 warn: [pidusage] We couldn't find uptime from /proc/uptime, using os.uptime() value
2026-10-03T18:49:46: PM2 warn: [pidusage] We couldn't find uptime from /proc/uptime, using os.uptime() value
2026-10-03T18:49:51: PM2 warn: [pidusage] We couldn't find uptime from /proc/uptime, using os.uptime() value
2026-10-03T18:49:51: PM2 log: Stopping app:bot-wa id:0
2026-10-03T18:49:51: PM2 log: App [bot-wa:0] exited with code [0] via signal [SIGINT]
2026-10-03T18:49:51: PM2 log: pid=19261 msg=process tree killed (1 pids)
2026-10-03T18:49:53: PM2 log: App [bot-wa:0] starting in -fork mode-
2026-10-03T18:49:53: PM2 log: App [bot-wa:0] online
2026-10-03T18:49:53: PM2 warn: [pidusage] We couldn't find uptime from /proc/uptime, using os.uptime() value
2026-10-03T18:49:54: PM2 warn: [pidusage] We couldn't find uptime from /proc/uptime, using os.uptime() value
2026-10-03T18:50:00: PM2 warn: [pidusage] We couldn't find uptime from /proc/uptime, using os.uptime() value
2026-10-03T18:50:16: PM2 warn: [pidusage] We couldn't find uptime from /proc/uptime, using os.uptime() value
2026-10-03T18:50:46: PM2 warn: [pidusage] We couldn't find uptime from /proc/uptime, using os.uptime() value
2026-10-03T18:51:16: PM2 warn: [pidusage] We couldn't find uptime from /proc/uptime, using os.uptime() value
2026-10-03T18:51:46: PM2 warn: [pidusage] We couldn't find uptime from /proc/uptime, using os.uptime() value
2026-10-03T18:52:16: PM2 warn: [pidusage] We couldn't find uptime from /proc/uptime, using os.uptime() value
2026-10-03T18:52:46: PM2 warn: [pidusage] We couldn't find uptime from /proc/uptime, using os.uptime() value
2026-10-03T18:53:16: PM2 warn: [pidusage] We couldn't find uptime from /proc/uptime, using os.uptime() value
2026-10-03T18:53:46: PM2 warn: [pidusage] We couldn't find uptime from /proc/uptime, using os.uptime() value
2026-10-03T18:54:16: PM2 warn: [pidusage] We couldn't find uptime from /proc/uptime, using os.uptime() value
2026-10-03T18:54:46: PM2 warn: [pidusage] We couldn't find uptime from /proc/uptime, using os.uptime() value
2026-10-03T18:55:16: PM2 warn: [pidusage] We couldn't find uptime from /proc/uptime, using os.uptime() value
2026-10-03T18:55:46: PM2 warn: [pidusage] We couldn't find uptime from /proc/uptime, using os.uptime() value
2026-10-03T18:56:16: PM2 warn: [pidusage] We couldn't find uptime from /proc/uptime, using os.uptime() value
2026-10-03T18:56:46: PM2 warn: [pidusage] We couldn't find uptime from /proc/uptime, using os.uptime() value
2026-10-03T18:57:16: PM2 warn: [pidusage] We couldn't find uptime from /proc/uptime, using os.uptime() value
2026-10-03T18:57:46: PM2 warn: [pidusage] We couldn't find uptime from /proc/uptime, using os.uptime() value
2026-10-03T18:58:16: PM2 warn: [pidusage] We couldn't find uptime from /proc/uptime, using os.uptime() value
2026-10-03T18:58:46: PM2 warn: [pidusage] We couldn't find uptime from /proc/uptime, using os.uptime() value
2026-10-03T18:59:16: PM2 warn: [pidusage] We couldn't find uptime from /proc/uptime, using os.uptime() value
2026-10-03T18:59:46: PM2 warn: [pidusage] We couldn't find uptime from /proc/uptime, using os.uptime() value
2026-10-03T19:00:16: PM2 warn: [pidusage] We couldn't find uptime from /proc/uptime, using os.uptime() value
2026-10-03T19:00:46: PM2 warn: [pidusage] We couldn't find uptime from /proc/uptime, using os.uptime() value
2026-10-03T19:01:16: PM2 warn: [pidusage] We couldn't find uptime from /proc/uptime, using os.uptime() value
2026-10-03T19:01:46: PM2 warn: [pidusage] We couldn't find uptime from /proc/uptime, using os.uptime() value
2026-10-03T19:02:16: PM2 warn: [pidusage] We couldn't find uptime from /proc/uptime, using os.uptime() value
2026-10-03T19:02:46: PM2 warn: [pidusage] We couldn't find uptime from /proc/uptime, using os.uptime() value
2026-10-03T19:03:16: PM2 warn: [pidusage] We couldn't find uptime from /proc/uptime, using os.uptime() value
2026-10-03T19:03:46: PM2 warn: [pidusage] We couldn't find uptime from /proc/uptime, using os.uptime() value
2026-10-03T19:07:35: PM2 warn: [pidusage] We couldn't find uptime from /proc/uptime, using os.uptime() value
2026-10-03T19:08:05: PM2 warn: [pidusage] We couldn't find uptime from /proc/uptime, using os.uptime() value
2026-10-03T19:08:35: PM2 warn: [pidusage] We couldn't find uptime from /proc/uptime, using os.uptime() value
2026-10-03T19:09:05: PM2 warn: [pidusage] We couldn't find uptime from /proc/uptime, using os.uptime() value
2026-10-03T19:09:35: PM2 warn: [pidusage] We couldn't find uptime from /proc/uptime, using os.uptime() value
2026-10-03T19:10:05: PM2 warn: [pidusage] We couldn't find uptime from /proc/uptime, using os.uptime() value
2026-10-03T19:10:35: PM2 warn: [pidusage] We couldn't find uptime from /proc/uptime, using os.uptime() value
2026-10-03T19:11:05: PM2 warn: [pidusage] We couldn't find uptime from /proc/uptime, using os.uptime() value
2026-10-03T19:11:35: PM2 warn: [pidusage] We couldn't find uptime from /proc/uptime, using os.uptime() value
2026-10-03T19:12:05: PM2 warn: [pidusage] We couldn't find uptime from /proc/uptime, using os.uptime() value
2026-10-03T19:12:35: PM2 warn: [pidusage] We couldn't find uptime from /proc/uptime, using os.uptime() value
2026-10-03T19:13:05: PM2 warn: [pidusage] We couldn't find uptime from /proc/uptime, using os.uptime() value
2026-10-03T19:13:35: PM2 warn: [pidusage] We couldn't find uptime from /proc/uptime, using os.uptime() value
2026-10-03T19:14:05: PM2 warn: [pidusage] We couldn't find uptime from /proc/uptime, using os.uptime() value
2026-10-03T19:14:35: PM2 warn: [pidusage] We couldn't find uptime from /proc/uptime, using os.uptime() value
2026-10-03T19:15:05: PM2 warn: [pidusage] We couldn't find uptime from /proc/uptime, using os.uptime() value
2026-10-03T19:15:35: PM2 warn: [pidusage] We couldn't find uptime from /proc/uptime, using os.uptime() value
2026-10-03T19:16:05: PM2 warn: [pidusage] We couldn't find uptime from /proc/uptime, using os.uptime() value
2026-10-03T19:20:00: PM2 warn: [pidusage] We couldn't find uptime from /proc/uptime, using os.uptime() value
2026-10-03T19:25:23: PM2 warn: [pidusage] We couldn't find uptime from /proc/uptime, using os.uptime() value
2026-10-03T19:25:53: PM2 warn: [pidusage] We couldn't find uptime from /proc/uptime, using os.uptime() value
2026-10-03T19:26:23: PM2 warn: [pidusage] We couldn't find uptime from /proc/uptime, using os.uptime() value
2026-10-03T19:26:53: PM2 warn: [pidusage] We couldn't find uptime from /proc/uptime, using os.uptime() value
2026-10-03T19:30:46: PM2 warn: [pidusage] We couldn't find uptime from /proc/uptime, using os.uptime() value
2026-10-03T19:31:16: PM2 warn: [pidusage] We couldn't find uptime from /proc/uptime, using os.uptime() value
2026-10-03T19:31:54: PM2 warn: [pidusage] We couldn't find uptime from /proc/uptime, using os.uptime() value
2026-10-03T19:32:24: PM2 warn: [pidusage] We couldn't find uptime from /proc/uptime, using os.uptime() value
2026-10-03T19:32:54: PM2 warn: [pidusage] We couldn't find uptime from /proc/uptime, using os.uptime() value
2026-10-03T19:33:24: PM2 warn: [pidusage] We couldn't find uptime from /proc/uptime, using os.uptime() value
2026-10-03T19:34:13: PM2 warn: [pidusage] We couldn't find uptime from /proc/uptime, using os.uptime() value
2026-10-03T19:34:43: PM2 warn: [pidusage] We couldn't find uptime from /proc/uptime, using os.uptime() value
2026-10-03T19:35:13: PM2 warn: [pidusage] We couldn't find uptime from /proc/uptime, using os.uptime() value
2026-10-03T19:35:43: PM2 warn: [pidusage] We couldn't find uptime from /proc/uptime, using os.uptime() value
2026-10-03T19:36:13: PM2 warn: [pidusage] We couldn't find uptime from /proc/uptime, using os.uptime() value
2026-10-03T19:36:43: PM2 warn: [pidusage] We couldn't find uptime from /proc/uptime, using os.uptime() value
2026-10-03T19:37:13: PM2 warn: [pidusage] We couldn't find uptime from /proc/uptime, using os.uptime() value
2026-10-03T19:37:43: PM2 warn: [pidusage] We couldn't find uptime from /proc/uptime, using os.uptime() value
2026-10-03T19:38:13: PM2 warn: [pidusage] We couldn't find uptime from /proc/uptime, using os.uptime() value
2026-10-03T19:38:43: PM2 warn: [pidusage] We couldn't find uptime from /proc/uptime, using os.uptime() value
2026-10-03T19:39:34: PM2 warn: [pidusage] We couldn't find uptime from /proc/uptime, using os.uptime() value
2026-10-03T19:40:04: PM2 warn: [pidusage] We couldn't find uptime from /proc/uptime, using os.uptime() value
2026-10-03T19:41:17: PM2 warn: [pidusage] We couldn't find uptime from /proc/uptime, using os.uptime() value
2026-10-03T19:41:47: PM2 warn: [pidusage] We couldn't find uptime from /proc/uptime, using os.uptime() value
2026-10-03T19:42:17: PM2 warn: [pidusage] We couldn't find uptime from /proc/uptime, using os.uptime() value
2026-10-03T19:42:47: PM2 warn: [pidusage] We couldn't find uptime from /proc/uptime, using os.uptime() value
2026-10-03T19:43:17: PM2 warn: [pidusage] We couldn't find uptime from /proc/uptime, using os.uptime() value
2026-10-03T19:43:47: PM2 warn: [pidusage] We couldn't find uptime from /proc/uptime, using os.uptime() value
2026-10-03T19:44:17: PM2 warn: [pidusage] We couldn't find uptime from /proc/uptime, using os.uptime() value
2026-10-03T19:44:47: PM2 warn: [pidusage] We couldn't find uptime from /proc/uptime, using os.uptime() value
2026-10-03T19:45:17: PM2 warn: [pidusage] We couldn't find uptime from /proc/uptime, using os.uptime() value
2026-10-03T19:45:47: PM2 warn: [pidusage] We couldn't find uptime from /proc/uptime, using os.uptime() value
2026-10-03T19:46:17: PM2 warn: [pidusage] We couldn't find uptime from /proc/uptime, using os.uptime() value
2026-10-03T19:46:47: PM2 warn: [pidusage] We couldn't find uptime from /proc/uptime, using os.uptime() value
2026-10-03T19:52:39: PM2 warn: [pidusage] We couldn't find uptime from /proc/uptime, using os.uptime() value
2026-10-03T20:13:36: PM2 warn: [pidusage] We couldn't find uptime from /proc/uptime, using os.uptime() value
2026-10-03T20:14:06: PM2 warn: [pidusage] We couldn't find uptime from /proc/uptime, using os.uptime() value
2026-10-03T20:14:44: PM2 warn: [pidusage] We couldn't find uptime from /proc/uptime, using os.uptime() value
2026-10-03T20:15:14: PM2 warn: [pidusage] We couldn't find uptime from /proc/uptime, using os.uptime() value
2026-10-03T20:15:44: PM2 warn: [pidusage] We couldn't find uptime from /proc/uptime, using os.uptime() value
2026-10-03T20:16:20: PM2 warn: [pidusage] We couldn't find uptime from /proc/uptime, using os.uptime() value
2026-10-03T20:16:50: PM2 warn: [pidusage] We couldn't find uptime from /proc/uptime, using os.uptime() value
2026-10-03T20:17:20: PM2 warn: [pidusage] We couldn't find uptime from /proc/uptime, using os.uptime() value
2026-10-03T20:19:43: PM2 warn: [pidusage] We couldn't find uptime from /proc/uptime, using os.uptime() value
2026-10-03T20:20:13: PM2 warn: [pidusage] We couldn't find uptime from /proc/uptime, using os.uptime() value
2026-10-03T20:20:43: PM2 warn: [pidusage] We couldn't find uptime from /proc/uptime, using os.uptime() value
2026-10-03T20:22:04: PM2 warn: [pidusage] We couldn't find uptime from /proc/uptime, using os.uptime() value
2026-10-03T20:22:34: PM2 warn: [pidusage] We couldn't find uptime from /proc/uptime, using os.uptime() value
2026-10-03T20:23:04: PM2 warn: [pidusage] We couldn't find uptime from /proc/uptime, using os.uptime() value
2026-10-03T20:23:34: PM2 warn: [pidusage] We couldn't find uptime from /proc/uptime, using os.uptime() value
2026-10-03T20:24:04: PM2 warn: [pidusage] We couldn't find uptime from /proc/uptime, using os.uptime() value
2026-10-03T20:25:52: PM2 warn: [pidusage] We couldn't find uptime from /proc/uptime, using os.uptime() value
2026-10-03T20:26:22: PM2 warn: [pidusage] We couldn't find uptime from /proc/uptime, using os.uptime() value
2026-10-03T20:26:52: PM2 warn: [pidusage] We couldn't find uptime from /proc/uptime, using os.uptime() value
2026-10-03T20:27:22: PM2 warn: [pidusage] We couldn't find uptime from /proc/uptime, using os.uptime() value
2026-10-03T20:27:52: PM2 warn: [pidusage] We couldn't find uptime from /proc/uptime, using os.uptime() value
2026-10-03T20:28:22: PM2 warn: [pidusage] We couldn't find uptime from /proc/uptime, using os.uptime() value
2026-10-03T20:28:52: PM2 warn: [pidusage] We couldn't find uptime from /proc/uptime, using os.uptime() value
2026-10-03T20:29:22: PM2 warn: [pidusage] We couldn't find uptime from /proc/uptime, using os.uptime() value
2026-10-03T20:29:52: PM2 warn: [pidusage] We couldn't find uptime from /proc/uptime, using os.uptime() value
2026-10-03T20:30:22: PM2 warn: [pidusage] We couldn't find uptime from /proc/uptime, using os.uptime() value
2026-10-03T20:30:52: PM2 warn: [pidusage] We couldn't find uptime from /proc/uptime, using os.uptime() value
2026-10-03T20:31:22: PM2 warn: [pidusage] We couldn't find uptime from /proc/uptime, using os.uptime() value
2026-10-03T20:31:52: PM2 warn: [pidusage] We couldn't find uptime from /proc/uptime, using os.uptime() value
2026-10-03T20:32:22: PM2 warn: [pidusage] We couldn't find uptime from /proc/uptime, using os.uptime() value
2026-10-03T20:32:52: PM2 warn: [pidusage] We couldn't find uptime from /proc/uptime, using os.uptime() value
2026-10-03T20:33:22: PM2 warn: [pidusage] We couldn't find uptime from /proc/uptime, using os.uptime() value
2026-10-03T20:33:52: PM2 warn: [pidusage] We couldn't find uptime from /proc/uptime, using os.uptime() value
2026-10-03T20:34:22: PM2 warn: [pidusage] We couldn't find uptime from /proc/uptime, using os.uptime() value
2026-10-03T20:34:52: PM2 warn: [pidusage] We couldn't find uptime from /proc/uptime, using os.uptime() value
2026-10-03T20:35:22: PM2 warn: [pidusage] We couldn't find uptime from /proc/uptime, using os.uptime() value
2026-10-03T20:35:52: PM2 warn: [pidusage] We couldn't find uptime from /proc/uptime, using os.uptime() value
2026-10-03T20:36:22: PM2 warn: [pidusage] We couldn't find uptime from /proc/uptime, using os.uptime() value
2026-10-03T20:36:52: PM2 warn: [pidusage] We couldn't find uptime from /proc/uptime, using os.uptime() value
2026-10-03T20:37:22: PM2 warn: [pidusage] We couldn't find uptime from /proc/uptime, using os.uptime() value
2026-10-03T20:37:52: PM2 warn: [pidusage] We couldn't find uptime from /proc/uptime, using os.uptime() value
2026-10-03T20:38:02: PM2 warn: [pidusage] We couldn't find uptime from /proc/uptime, using os.uptime() value
2026-10-03T20:38:02: PM2 log: Stopping app:bot-wa id:0
2026-10-03T20:38:02: PM2 log: App [bot-wa:0] exited with code [0] via signal [SIGINT]
2026-10-03T20:38:02: PM2 log: pid=19605 msg=process tree killed (1 pids)
2026-10-03T20:38:02: PM2 log: App [bot-wa:0] starting in -fork mode-
2026-10-03T20:38:02: PM2 log: App [bot-wa:0] online
2026-10-03T20:38:02: PM2 warn: [pidusage] We couldn't find uptime from /proc/uptime, using os.uptime() value
2026-10-03T20:38:43: PM2 warn: [pidusage] We couldn't find uptime from /proc/uptime, using os.uptime() value
2026-10-03T20:38:46: PM2 warn: [pidusage] We couldn't find uptime from /proc/uptime, using os.uptime() value
2026-10-03T20:39:13: PM2 warn: [pidusage] We couldn't find uptime from /proc/uptime, using os.uptime() value
2026-10-03T20:46:46: PM2 warn: [pidusage] We couldn't find uptime from /proc/uptime, using os.uptime() value
2026-10-03T20:47:12: PM2 warn: [pidusage] We couldn't find uptime from /proc/uptime, using os.uptime() value
2026-10-03T20:47:12: PM2 log: Stopping app:bot-wa id:0
2026-10-03T20:47:12: PM2 log: App [bot-wa:0] exited with code [0] via signal [SIGINT]
2026-10-03T20:47:12: PM2 log: pid=31233 msg=process tree killed (1 pids)
2026-10-03T20:47:12: PM2 log: App [bot-wa:0] starting in -fork mode-
2026-10-03T20:47:12: PM2 log: App [bot-wa:0] online
2026-10-03T20:47:12: PM2 warn: [pidusage] We couldn't find uptime from /proc/uptime, using os.uptime() value
2026-10-03T20:47:16: PM2 warn: [pidusage] We couldn't find uptime from /proc/uptime, using os.uptime() value
2026-10-03T20:47:39: PM2 warn: [pidusage] We couldn't find uptime from /proc/uptime, using os.uptime() value
2026-10-03T20:47:46: PM2 warn: [pidusage] We couldn't find uptime from /proc/uptime, using os.uptime() value
2026-10-03T20:48:17: PM2 warn: [pidusage] We couldn't find uptime from /proc/uptime, using os.uptime() value
2026-10-03T20:48:47: PM2 warn: [pidusage] We couldn't find uptime from /proc/uptime, using os.uptime() value
2026-10-03T20:49:19: PM2 warn: [pidusage] We couldn't find uptime from /proc/uptime, using os.uptime() value
2026-10-03T20:49:49: PM2 warn: [pidusage] We couldn't find uptime from /proc/uptime, using os.uptime() value
2026-10-03T20:50:19: PM2 warn: [pidusage] We couldn't find uptime from /proc/uptime, using os.uptime() value
2026-10-03T20:50:49: PM2 warn: [pidusage] We couldn't find uptime from /proc/uptime, using os.uptime() value
2026-10-03T20:51:19: PM2 warn: [pidusage] We couldn't find uptime from /proc/uptime, using os.uptime() value
2026-10-03T20:51:49: PM2 warn: [pidusage] We couldn't find uptime from /proc/uptime, using os.uptime() value
2026-10-03T20:52:19: PM2 warn: [pidusage] We couldn't find uptime from /proc/uptime, using os.uptime() value
2026-10-03T20:52:34: PM2 warn: [pidusage] We couldn't find uptime from /proc/uptime, using os.uptime() value
2026-10-03T20:52:34: PM2 log: Stopping app:bot-wa id:0
2026-10-03T20:52:34: PM2 log: App [bot-wa:0] exited with code [0] via signal [SIGINT]
2026-10-03T20:52:34: PM2 log: pid=5301 msg=process tree killed (1 pids)
2026-10-03T20:52:35: PM2 log: App [bot-wa:0] starting in -fork mode-
2026-10-03T20:52:35: PM2 log: App [bot-wa:0] online
2026-10-03T20:52:35: PM2 warn: [pidusage] We couldn't find uptime from /proc/uptime, using os.uptime() value
2026-10-03T20:52:36: PM2 warn: [pidusage] We couldn't find uptime from /proc/uptime, using os.uptime() value
2026-10-03T20:52:49: PM2 warn: [pidusage] We couldn't find uptime from /proc/uptime, using os.uptime() value
2026-10-03T20:53:19: PM2 warn: [pidusage] We couldn't find uptime from /proc/uptime, using os.uptime() value
2026-10-03T20:53:49: PM2 warn: [pidusage] We couldn't find uptime from /proc/uptime, using os.uptime() value
2026-10-03T20:54:19: PM2 warn: [pidusage] We couldn't find uptime from /proc/uptime, using os.uptime() value
2026-10-03T20:54:49: PM2 warn: [pidusage] We couldn't find uptime from /proc/uptime, using os.uptime() value
2026-10-03T20:55:19: PM2 warn: [pidusage] We couldn't find uptime from /proc/uptime, using os.uptime() value
2026-10-03T20:55:49: PM2 warn: [pidusage] We couldn't find uptime from /proc/uptime, using os.uptime() value
2026-10-03T20:56:19: PM2 warn: [pidusage] We couldn't find uptime from /proc/uptime, using os.uptime() value
2026-10-03T21:02:13: PM2 warn: [pidusage] We couldn't find uptime from /proc/uptime, using os.uptime() value
2026-10-03T21:03:51: PM2 warn: [pidusage] We couldn't find uptime from /proc/uptime, using os.uptime() value
2026-10-03T21:04:21: PM2 warn: [pidusage] We couldn't find uptime from /proc/uptime, using os.uptime() value
2026-10-03T21:04:36: PM2 warn: [pidusage] We couldn't find uptime from /proc/uptime, using os.uptime() value
2026-10-03T21:04:36: PM2 log: Stopping app:bot-wa id:0
2026-10-03T21:04:36: PM2 log: App [bot-wa:0] exited with code [0] via signal [SIGINT]
2026-10-03T21:04:36: PM2 log: pid=8155 msg=process tree killed (1 pids)
2026-10-03T21:04:36: PM2 log: App [bot-wa:0] starting in -fork mode-
2026-10-03T21:04:36: PM2 log: App [bot-wa:0] online
2026-10-03T21:04:36: PM2 warn: [pidusage] We couldn't find uptime from /proc/uptime, using os.uptime() value
2026-10-03T21:04:37: PM2 warn: [pidusage] We couldn't find uptime from /proc/uptime, using os.uptime() value
2026-10-03T21:04:51: PM2 warn: [pidusage] We couldn't find uptime from /proc/uptime, using os.uptime() value
2026-10-03T21:05:21: PM2 warn: [pidusage] We couldn't find uptime from /proc/uptime, using os.uptime() value
2026-10-03T21:05:32: PM2 warn: [pidusage] We couldn't find uptime from /proc/uptime, using os.uptime() value
2026-10-03T21:05:32: PM2 log: Stopping app:bot-wa id:0
2026-10-03T21:05:32: PM2 log: App [bot-wa:0] exited with code [0] via signal [SIGINT]
2026-10-03T21:05:32: PM2 log: pid=11603 msg=process tree killed (1 pids)
2026-10-03T21:06:54: PM2 log: App [bot-wa:0] starting in -fork mode-
2026-10-03T21:06:54: PM2 log: App [bot-wa:0] online
2026-10-03T21:06:54: PM2 warn: [pidusage] We couldn't find uptime from /proc/uptime, using os.uptime() value
2026-10-03T21:06:55: PM2 warn: [pidusage] We couldn't find uptime from /proc/uptime, using os.uptime() value
2026-10-03T21:07:22: PM2 warn: [pidusage] We couldn't find uptime from /proc/uptime, using os.uptime() value
2026-10-03T21:07:52: PM2 warn: [pidusage] We couldn't find uptime from /proc/uptime, using os.uptime() value
2026-10-03T21:08:22: PM2 warn: [pidusage] We couldn't find uptime from /proc/uptime, using os.uptime() value
2026-10-03T21:08:52: PM2 warn: [pidusage] We couldn't find uptime from /proc/uptime, using os.uptime() value
2026-10-03T21:09:22: PM2 warn: [pidusage] We couldn't find uptime from /proc/uptime, using os.uptime() value
2026-10-03T21:09:52: PM2 warn: [pidusage] We couldn't find uptime from /proc/uptime, using os.uptime() value
2026-10-03T21:10:22: PM2 warn: [pidusage] We couldn't find uptime from /proc/uptime, using os.uptime() value
2026-10-03T21:10:33: PM2 warn: [pidusage] We couldn't find uptime from /proc/uptime, using os.uptime() value
2026-10-03T21:10:33: PM2 log: Stopping app:bot-wa id:0
2026-10-03T21:10:33: PM2 log: App [bot-wa:0] exited with code [0] via signal [SIGINT]
2026-10-03T21:10:33: PM2 log: pid=12775 msg=process tree killed (1 pids)
2026-10-03T21:12:52: PM2 log: App [bot-wa:0] starting in -fork mode-
2026-10-03T21:12:52: PM2 log: App [bot-wa:0] online
2026-10-03T21:12:52: PM2 warn: [pidusage] We couldn't find uptime from /proc/uptime, using os.uptime() value
2026-10-03T21:12:53: PM2 warn: [pidusage] We couldn't find uptime from /proc/uptime, using os.uptime() value
2026-10-03T21:13:22: PM2 warn: [pidusage] We couldn't find uptime from /proc/uptime, using os.uptime() value
2026-10-03T21:13:52: PM2 warn: [pidusage] We couldn't find uptime from /proc/uptime, using os.uptime() value
2026-10-03T21:14:22: PM2 warn: [pidusage] We couldn't find uptime from /proc/uptime, using os.uptime() value
2026-10-03T21:14:52: PM2 warn: [pidusage] We couldn't find uptime from /proc/uptime, using os.uptime() value
2026-10-03T21:15:22: PM2 warn: [pidusage] We couldn't find uptime from /proc/uptime, using os.uptime() value
2026-10-03T21:15:52: PM2 warn: [pidusage] We couldn't find uptime from /proc/uptime, using os.uptime() value
2026-10-03T21:16:22: PM2 warn: [pidusage] We couldn't find uptime from /proc/uptime, using os.uptime() value
2026-10-03T21:16:52: PM2 warn: [pidusage] We couldn't find uptime from /proc/uptime, using os.uptime() value
2026-10-03T21:17:22: PM2 warn: [pidusage] We couldn't find uptime from /proc/uptime, using os.uptime() value
2026-10-03T21:17:34: PM2 warn: [pidusage] We couldn't find uptime from /proc/uptime, using os.uptime() value
2026-10-03T21:17:34: PM2 log: Stopping app:bot-wa id:0
2026-10-03T21:17:34: PM2 log: App [bot-wa:0] exited with code [0] via signal [SIGINT]
2026-10-03T21:17:34: PM2 log: pid=15317 msg=process tree killed (1 pids)
2026-10-03T21:17:34: PM2 log: App [bot-wa:0] starting in -fork mode-
2026-10-03T21:17:34: PM2 log: App [bot-wa:0] online
2026-10-03T21:17:34: PM2 warn: [pidusage] We couldn't find uptime from /proc/uptime, using os.uptime() value
2026-10-03T21:17:52: PM2 warn: [pidusage] We couldn't find uptime from /proc/uptime, using os.uptime() value
2026-10-03T21:18:22: PM2 warn: [pidusage] We couldn't find uptime from /proc/uptime, using os.uptime() value
2026-10-03T21:18:52: PM2 warn: [pidusage] We couldn't find uptime from /proc/uptime, using os.uptime() value
2026-10-03T21:19:14: PM2 warn: [pidusage] We couldn't find uptime from /proc/uptime, using os.uptime() value
2026-10-03T21:19:22: PM2 warn: [pidusage] We couldn't find uptime from /proc/uptime, using os.uptime() value
2026-10-03T21:19:52: PM2 warn: [pidusage] We couldn't find uptime from /proc/uptime, using os.uptime() value
2026-10-03T21:20:22: PM2 warn: [pidusage] We couldn't find uptime from /proc/uptime, using os.uptime() value
2026-10-03T21:20:54: PM2 warn: [pidusage] We couldn't find uptime from /proc/uptime, using os.uptime() value
2026-10-03T21:21:24: PM2 warn: [pidusage] We couldn't find uptime from /proc/uptime, using os.uptime() value
2026-10-03T21:21:54: PM2 warn: [pidusage] We couldn't find uptime from /proc/uptime, using os.uptime() value
2026-10-03T21:22:26: PM2 warn: [pidusage] We couldn't find uptime from /proc/uptime, using os.uptime() value
2026-10-03T21:22:56: PM2 warn: [pidusage] We couldn't find uptime from /proc/uptime, using os.uptime() value
2026-10-03T21:23:26: PM2 warn: [pidusage] We couldn't find uptime from /proc/uptime, using os.uptime() value
2026-10-03T21:23:56: PM2 warn: [pidusage] We couldn't find uptime from /proc/uptime, using os.uptime() value
2026-10-03T21:24:26: PM2 warn: [pidusage] We couldn't find uptime from /proc/uptime, using os.uptime() value
2026-10-03T21:24:56: PM2 warn: [pidusage] We couldn't find uptime from /proc/uptime, using os.uptime() value
2026-10-03T21:25:16: PM2 warn: [pidusage] We couldn't find uptime from /proc/uptime, using os.uptime() value
2026-10-03T21:25:16: PM2 log: Stopping app:bot-wa id:0
2026-10-03T21:25:16: PM2 log: App [bot-wa:0] exited with code [0] via signal [SIGINT]
2026-10-03T21:25:16: PM2 log: pid=16406 msg=process tree killed (1 pids)
2026-10-03T21:25:16: PM2 log: App [bot-wa:0] starting in -fork mode-
2026-10-03T21:25:16: PM2 log: App [bot-wa:0] online
2026-10-03T21:25:16: PM2 warn: [pidusage] We couldn't find uptime from /proc/uptime, using os.uptime() value
2026-10-03T21:25:26: PM2 warn: [pidusage] We couldn't find uptime from /proc/uptime, using os.uptime() value
2026-10-03T21:25:56: PM2 warn: [pidusage] We couldn't find uptime from /proc/uptime, using os.uptime() value
2026-10-03T21:26:26: PM2 warn: [pidusage] We couldn't find uptime from /proc/uptime, using os.uptime() value
2026-10-03T21:26:56: PM2 warn: [pidusage] We couldn't find uptime from /proc/uptime, using os.uptime() value
2026-10-03T21:27:26: PM2 warn: [pidusage] We couldn't find uptime from /proc/uptime, using os.uptime() value
2026-10-03T21:27:56: PM2 warn: [pidusage] We couldn't find uptime from /proc/uptime, using os.uptime() value
2026-10-03T21:28:39: PM2 warn: [pidusage] We couldn't find uptime from /proc/uptime, using os.uptime() value
2026-10-03T21:29:09: PM2 warn: [pidusage] We couldn't find uptime from /proc/uptime, using os.uptime() value
2026-10-03T21:29:39: PM2 warn: [pidusage] We couldn't find uptime from /proc/uptime, using os.uptime() value
2026-10-03T21:30:09: PM2 warn: [pidusage] We couldn't find uptime from /proc/uptime, using os.uptime() value
2026-10-03T21:30:39: PM2 warn: [pidusage] We couldn't find uptime from /proc/uptime, using os.uptime() value
2026-10-03T21:31:09: PM2 warn: [pidusage] We couldn't find uptime from /proc/uptime, using os.uptime() value
2026-10-03T21:31:39: PM2 warn: [pidusage] We couldn't find uptime from /proc/uptime, using os.uptime() value
2026-10-03T21:32:09: PM2 warn: [pidusage] We couldn't find uptime from /proc/uptime, using os.uptime() value
2026-10-03T21:32:39: PM2 warn: [pidusage] We couldn't find uptime from /proc/uptime, using os.uptime() value
2026-10-03T21:33:09: PM2 warn: [pidusage] We couldn't find uptime from /proc/uptime, using os.uptime() value
2026-10-03T21:33:38: PM2 warn: [pidusage] We couldn't find uptime from /proc/uptime, using os.uptime() value
2026-10-03T21:33:38: PM2 log: Stopping app:bot-wa id:0
2026-10-03T21:33:38: PM2 log: App [bot-wa:0] exited with code [0] via signal [SIGINT]
2026-10-03T21:33:38: PM2 log: pid=19609 msg=process tree killed (1 pids)
2026-10-03T21:33:38: PM2 log: App [bot-wa:0] starting in -fork mode-
2026-10-03T21:33:38: PM2 log: App [bot-wa:0] online
2026-10-03T21:33:38: PM2 warn: [pidusage] We couldn't find uptime from /proc/uptime, using os.uptime() value
2026-10-03T21:33:39: PM2 warn: [pidusage] We couldn't find uptime from /proc/uptime, using os.uptime() value
2026-10-03T21:33:39: PM2 warn: [pidusage] We couldn't find uptime from /proc/uptime, using os.uptime() value
2026-10-03T21:34:09: PM2 warn: [pidusage] We couldn't find uptime from /proc/uptime, using os.uptime() value
2026-10-03T21:34:39: PM2 warn: [pidusage] We couldn't find uptime from /proc/uptime, using os.uptime() value
2026-10-03T21:35:09: PM2 warn: [pidusage] We couldn't find uptime from /proc/uptime, using os.uptime() value
2026-10-03T21:35:39: PM2 warn: [pidusage] We couldn't find uptime from /proc/uptime, using os.uptime() value
2026-10-03T21:36:09: PM2 warn: [pidusage] We couldn't find uptime from /proc/uptime, using os.uptime() value
2026-10-03T21:36:39: PM2 warn: [pidusage] We couldn't find uptime from /proc/uptime, using os.uptime() value
2026-10-03T21:37:09: PM2 warn: [pidusage] We couldn't find uptime from /proc/uptime, using os.uptime() value
2026-10-03T21:37:39: PM2 warn: [pidusage] We couldn't find uptime from /proc/uptime, using os.uptime() value
2026-10-03T21:38:09: PM2 warn: [pidusage] We couldn't find uptime from /proc/uptime, using os.uptime() value
2026-10-03T21:38:39: PM2 warn: [pidusage] We couldn't find uptime from /proc/uptime, using os.uptime() value
2026-10-03T21:38:43: PM2 warn: [pidusage] We couldn't find uptime from /proc/uptime, using os.uptime() value
2026-10-03T21:38:43: PM2 log: Stopping app:bot-wa id:0
2026-10-03T21:38:43: PM2 log: App [bot-wa:0] exited with code [0] via signal [SIGINT]
2026-10-03T21:38:43: PM2 log: pid=21536 msg=process tree killed (1 pids)
2026-10-03T21:38:43: PM2 log: App [bot-wa:0] starting in -fork mode-
2026-10-03T21:38:43: PM2 log: App [bot-wa:0] online
2026-10-03T21:38:43: PM2 warn: [pidusage] We couldn't find uptime from /proc/uptime, using os.uptime() value
2026-10-03T21:38:44: PM2 warn: [pidusage] We couldn't find uptime from /proc/uptime, using os.uptime() value
2026-10-03T21:39:09: PM2 warn: [pidusage] We couldn't find uptime from /proc/uptime, using os.uptime() value
2026-10-03T21:39:40: PM2 warn: [pidusage] We couldn't find uptime from /proc/uptime, using os.uptime() value
2026-10-03T21:40:10: PM2 warn: [pidusage] We couldn't find uptime from /proc/uptime, using os.uptime() value
2026-10-03T21:40:40: PM2 warn: [pidusage] We couldn't find uptime from /proc/uptime, using os.uptime() value
2026-10-03T21:41:10: PM2 warn: [pidusage] We couldn't find uptime from /proc/uptime, using os.uptime() value
2026-10-03T21:43:36: PM2 warn: [pidusage] We couldn't find uptime from /proc/uptime, using os.uptime() value
2026-10-03T21:44:06: PM2 warn: [pidusage] We couldn't find uptime from /proc/uptime, using os.uptime() value
2026-10-03T21:44:36: PM2 warn: [pidusage] We couldn't find uptime from /proc/uptime, using os.uptime() value
2026-10-03T21:46:35: PM2 warn: [pidusage] We couldn't find uptime from /proc/uptime, using os.uptime() value
2026-10-03T21:47:05: PM2 warn: [pidusage] We couldn't find uptime from /proc/uptime, using os.uptime() value
2026-10-03T21:47:35: PM2 warn: [pidusage] We couldn't find uptime from /proc/uptime, using os.uptime() value
2026-10-03T21:48:05: PM2 warn: [pidusage] We couldn't find uptime from /proc/uptime, using os.uptime() value
2026-10-03T21:48:35: PM2 warn: [pidusage] We couldn't find uptime from /proc/uptime, using os.uptime() value
2026-10-03T21:49:05: PM2 warn: [pidusage] We couldn't find uptime from /proc/uptime, using os.uptime() value
2026-10-03T21:49:35: PM2 warn: [pidusage] We couldn't find uptime from /proc/uptime, using os.uptime() value
2026-10-03T21:50:05: PM2 warn: [pidusage] We couldn't find uptime from /proc/uptime, using os.uptime() value
2026-10-03T21:50:35: PM2 warn: [pidusage] We couldn't find uptime from /proc/uptime, using os.uptime() value
2026-10-03T21:51:05: PM2 warn: [pidusage] We couldn't find uptime from /proc/uptime, using os.uptime() value
2026-10-03T21:51:35: PM2 warn: [pidusage] We couldn't find uptime from /proc/uptime, using os.uptime() value
2026-10-03T21:52:25: PM2 warn: [pidusage] We couldn't find uptime from /proc/uptime, using os.uptime() value
2026-10-03T21:52:55: PM2 warn: [pidusage] We couldn't find uptime from /proc/uptime, using os.uptime() value
2026-10-03T21:53:25: PM2 warn: [pidusage] We couldn't find uptime from /proc/uptime, using os.uptime() value
2026-10-03T21:53:55: PM2 warn: [pidusage] We couldn't find uptime from /proc/uptime, using os.uptime() value
2026-10-03T21:54:25: PM2 warn: [pidusage] We couldn't find uptime from /proc/uptime, using os.uptime() value
2026-10-03T21:55:22: PM2 warn: [pidusage] We couldn't find uptime from /proc/uptime, using os.uptime() value
2026-10-03T21:55:52: PM2 warn: [pidusage] We couldn't find uptime from /proc/uptime, using os.uptime() value
2026-10-03T21:59:36: PM2 warn: [pidusage] We couldn't find uptime from /proc/uptime, using os.uptime() value
2026-10-03T22:00:06: PM2 warn: [pidusage] We couldn't find uptime from /proc/uptime, using os.uptime() value
2026-10-03T22:02:54: PM2 warn: [pidusage] We couldn't find uptime from /proc/uptime, using os.uptime() value
2026-10-03T22:03:24: PM2 warn: [pidusage] We couldn't find uptime from /proc/uptime, using os.uptime() value
2026-10-03T22:03:54: PM2 warn: [pidusage] We couldn't find uptime from /proc/uptime, using os.uptime() value
2026-10-03T22:05:09: PM2 warn: [pidusage] We couldn't find uptime from /proc/uptime, using os.uptime() value
2026-10-03T22:05:48: PM2 warn: [pidusage] We couldn't find uptime from /proc/uptime, using os.uptime() value
2026-10-03T22:08:14: PM2 warn: [pidusage] We couldn't find uptime from /proc/uptime, using os.uptime() value
2026-10-03T22:08:44: PM2 warn: [pidusage] We couldn't find uptime from /proc/uptime, using os.uptime() value
2026-10-03T22:09:14: PM2 warn: [pidusage] We couldn't find uptime from /proc/uptime, using os.uptime() value
2026-10-03T22:09:44: PM2 warn: [pidusage] We couldn't find uptime from /proc/uptime, using os.uptime() value
2026-10-03T22:10:14: PM2 warn: [pidusage] We couldn't find uptime from /proc/uptime, using os.uptime() value
2026-10-03T22:14:19: PM2 warn: [pidusage] We couldn't find uptime from /proc/uptime, using os.uptime() value
2026-10-03T22:14:49: PM2 warn: [pidusage] We couldn't find uptime from /proc/uptime, using os.uptime() value
2026-10-03T22:15:19: PM2 warn: [pidusage] We couldn't find uptime from /proc/uptime, using os.uptime() value
2026-10-03T22:15:49: PM2 warn: [pidusage] We couldn't find uptime from /proc/uptime, using os.uptime() value
2026-10-03T22:16:19: PM2 warn: [pidusage] We couldn't find uptime from /proc/uptime, using os.uptime() value
2026-10-03T22:16:49: PM2 warn: [pidusage] We couldn't find uptime from /proc/uptime, using os.uptime() value
2026-10-03T22:17:19: PM2 warn: [pidusage] We couldn't find uptime from /proc/uptime, using os.uptime() value
2026-10-03T22:17:49: PM2 warn: [pidusage] We couldn't find uptime from /proc/uptime, using os.uptime() value
2026-10-03T22:18:19: PM2 warn: [pidusage] We couldn't find uptime from /proc/uptime, using os.uptime() value
2026-10-03T22:18:49: PM2 warn: [pidusage] We couldn't find uptime from /proc/uptime, using os.uptime() value
2026-10-03T22:19:19: PM2 warn: [pidusage] We couldn't find uptime from /proc/uptime, using os.uptime() value
2026-10-03T22:19:49: PM2 warn: [pidusage] We couldn't find uptime from /proc/uptime, using os.uptime() value
2026-10-03T22:20:19: PM2 warn: [pidusage] We couldn't find uptime from /proc/uptime, using os.uptime() value
2026-10-03T22:20:49: PM2 warn: [pidusage] We couldn't find uptime from /proc/uptime, using os.uptime() value
2026-10-03T22:25:33: PM2 warn: [pidusage] We couldn't find uptime from /proc/uptime, using os.uptime() value
2026-10-03T22:31:27: PM2 warn: [pidusage] We couldn't find uptime from /proc/uptime, using os.uptime() value
2026-10-03T22:31:57: PM2 warn: [pidusage] We couldn't find uptime from /proc/uptime, using os.uptime() value
2026-10-03T22:39:23: PM2 warn: [pidusage] We couldn't find uptime from /proc/uptime, using os.uptime() value
2026-10-03T22:40:06: PM2 warn: [pidusage] We couldn't find uptime from /proc/uptime, using os.uptime() value
2026-10-03T22:40:36: PM2 warn: [pidusage] We couldn't find uptime from /proc/uptime, using os.uptime() value
2026-10-03T22:41:06: PM2 warn: [pidusage] We couldn't find uptime from /proc/uptime, using os.uptime() value
2026-10-03T22:41:36: PM2 warn: [pidusage] We couldn't find uptime from /proc/uptime, using os.uptime() value
2026-10-03T22:42:06: PM2 warn: [pidusage] We couldn't find uptime from /proc/uptime, using os.uptime() value
2026-10-03T22:53:32: PM2 warn: [pidusage] We couldn't find uptime from /proc/uptime, using os.uptime() value
2026-10-03T22:54:01: PM2 warn: [pidusage] We couldn't find uptime from /proc/uptime, using os.uptime() value
2026-10-03T22:58:53: PM2 warn: [pidusage] We couldn't find uptime from /proc/uptime, using os.uptime() value
2026-10-03T23:21:29: PM2 warn: [pidusage] We couldn't find uptime from /proc/uptime, using os.uptime() value
2026-10-03T23:25:29: PM2 warn: [pidusage] We couldn't find uptime from /proc/uptime, using os.uptime() value
2026-10-03T23:25:59: PM2 warn: [pidusage] We couldn't find uptime from /proc/uptime, using os.uptime() value
2026-10-03T23:26:29: PM2 warn: [pidusage] We couldn't find uptime from /proc/uptime, using os.uptime() value
2026-10-03T23:26:59: PM2 warn: [pidusage] We couldn't find uptime from /proc/uptime, using os.uptime() value
2026-10-03T23:27:29: PM2 warn: [pidusage] We couldn't find uptime from /proc/uptime, using os.uptime() value
2026-10-03T23:28:01: PM2 warn: [pidusage] We couldn't find uptime from /proc/uptime, using os.uptime() value
2026-10-03T23:28:31: PM2 warn: [pidusage] We couldn't find uptime from /proc/uptime, using os.uptime() value
2026-10-03T23:29:01: PM2 warn: [pidusage] We couldn't find uptime from /proc/uptime, using os.uptime() value
2026-10-03T23:29:31: PM2 warn: [pidusage] We couldn't find uptime from /proc/uptime, using os.uptime() value
2026-10-03T23:30:01: PM2 warn: [pidusage] We couldn't find uptime from /proc/uptime, using os.uptime() value
2026-10-03T23:30:31: PM2 warn: [pidusage] We couldn't find uptime from /proc/uptime, using os.uptime() value
2026-10-04T01:10:25: PM2 warn: [pidusage] We couldn't find uptime from /proc/uptime, using os.uptime() value
2026-10-04T01:10:59: PM2 warn: [pidusage] We couldn't find uptime from /proc/uptime, using os.uptime() value
2026-10-04T02:14:34: PM2 warn: [pidusage] We couldn't find uptime from /proc/uptime, using os.uptime() value
2026-10-04T02:15:04: PM2 warn: [pidusage] We couldn't find uptime from /proc/uptime, using os.uptime() value
2026-10-04T03:01:40: PM2 warn: [pidusage] We couldn't find uptime from /proc/uptime, using os.uptime() value
2026-10-04T03:02:10: PM2 warn: [pidusage] We couldn't find uptime from /proc/uptime, using os.uptime() value
2026-10-04T03:02:40: PM2 warn: [pidusage] We couldn't find uptime from /proc/uptime, using os.uptime() value
2026-10-04T03:03:10: PM2 warn: [pidusage] We couldn't find uptime from /proc/uptime, using os.uptime() value
2026-10-04T03:03:40: PM2 warn: [pidusage] We couldn't find uptime from /proc/uptime, using os.uptime() value
2026-10-04T03:04:10: PM2 warn: [pidusage] We couldn't find uptime from /proc/uptime, using os.uptime() value
2026-10-04T03:04:40: PM2 warn: [pidusage] We couldn't find uptime from /proc/uptime, using os.uptime() value
2026-10-04T03:05:10: PM2 warn: [pidusage] We couldn't find uptime from /proc/uptime, using os.uptime() value
2026-10-04T03:05:40: PM2 warn: [pidusage] We couldn't find uptime from /proc/uptime, using os.uptime() value
2026-10-04T03:06:10: PM2 warn: [pidusage] We couldn't find uptime from /proc/uptime, using os.uptime() value
2026-10-04T03:06:40: PM2 warn: [pidusage] We couldn't find uptime from /proc/uptime, using os.uptime() value
2026-10-04T03:07:10: PM2 warn: [pidusage] We couldn't find uptime from /proc/uptime, using os.uptime() value
2026-10-04T03:07:40: PM2 warn: [pidusage] We couldn't find uptime from /proc/uptime, using os.uptime() value
2026-10-04T03:08:10: PM2 warn: [pidusage] We couldn't find uptime from /proc/uptime, using os.uptime() value
2026-10-04T03:08:40: PM2 warn: [pidusage] We couldn't find uptime from /proc/uptime, using os.uptime() value
2026-10-04T03:09:10: PM2 warn: [pidusage] We couldn't find uptime from /proc/uptime, using os.uptime() value
2026-10-04T03:09:40: PM2 warn: [pidusage] We couldn't find uptime from /proc/uptime, using os.uptime() value
2026-10-04T03:10:10: PM2 warn: [pidusage] We couldn't find uptime from /proc/uptime, using os.uptime() value
2026-10-04T03:38:05: PM2 warn: [pidusage] We couldn't find uptime from /proc/uptime, using os.uptime() value
2026-10-04T03:38:35: PM2 warn: [pidusage] We couldn't find uptime from /proc/uptime, using os.uptime() value
2026-10-04T03:39:05: PM2 warn: [pidusage] We couldn't find uptime from /proc/uptime, using os.uptime() value
2026-10-04T03:39:35: PM2 warn: [pidusage] We couldn't find uptime from /proc/uptime, using os.uptime() value
2026-10-04T03:40:05: PM2 warn: [pidusage] We couldn't find uptime from /proc/uptime, using os.uptime() value
2026-10-04T03:40:35: PM2 warn: [pidusage] We couldn't find uptime from /proc/uptime, using os.uptime() value
2026-10-04T03:41:05: PM2 warn: [pidusage] We couldn't find uptime from /proc/uptime, using os.uptime() value
2026-10-04T03:41:35: PM2 warn: [pidusage] We couldn't find uptime from /proc/uptime, using os.uptime() value
2026-10-04T03:42:05: PM2 warn: [pidusage] We couldn't find uptime from /proc/uptime, using os.uptime() value
2026-10-04T03:42:35: PM2 warn: [pidusage] We couldn't find uptime from /proc/uptime, using os.uptime() value
2026-10-04T03:43:05: PM2 warn: [pidusage] We couldn't find uptime from /proc/uptime, using os.uptime() value
2026-10-04T03:43:35: PM2 warn: [pidusage] We couldn't find uptime from /proc/uptime, using os.uptime() value
2026-10-04T03:44:05: PM2 warn: [pidusage] We couldn't find uptime from /proc/uptime, using os.uptime() value
2026-10-04T03:44:35: PM2 warn: [pidusage] We couldn't find uptime from /proc/uptime, using os.uptime() value
2026-10-04T03:45:05: PM2 warn: [pidusage] We couldn't find uptime from /proc/uptime, using os.uptime() value
2026-10-04T03:45:35: PM2 warn: [pidusage] We couldn't find uptime from /proc/uptime, using os.uptime() value
2026-10-04T03:46:05: PM2 warn: [pidusage] We couldn't find uptime from /proc/uptime, using os.uptime() value
2026-10-04T03:46:35: PM2 warn: [pidusage] We couldn't find uptime from /proc/uptime, using os.uptime() value
2026-10-04T03:47:05: PM2 warn: [pidusage] We couldn't find uptime from /proc/uptime, using os.uptime() value
2026-10-04T03:47:35: PM2 warn: [pidusage] We couldn't find uptime from /proc/uptime, using os.uptime() value
2026-10-04T03:48:05: PM2 warn: [pidusage] We couldn't find uptime from /proc/uptime, using os.uptime() value
2026-10-04T03:48:35: PM2 warn: [pidusage] We couldn't find uptime from /proc/uptime, using os.uptime() value
2026-10-04T03:49:05: PM2 warn: [pidusage] We couldn't find uptime from /proc/uptime, using os.uptime() value
2026-10-04T03:49:35: PM2 warn: [pidusage] We couldn't find uptime from /proc/uptime, using os.uptime() value
2026-10-04T03:50:05: PM2 warn: [pidusage] We couldn't find uptime from /proc/uptime, using os.uptime() value
2026-10-04T03:50:35: PM2 warn: [pidusage] We couldn't find uptime from /proc/uptime, using os.uptime() value
2026-10-04T03:51:05: PM2 warn: [pidusage] We couldn't find uptime from /proc/uptime, using os.uptime() value
2026-10-04T03:51:35: PM2 warn: [pidusage] We couldn't find uptime from /proc/uptime, using os.uptime() value
2026-10-04T03:52:05: PM2 warn: [pidusage] We couldn't find uptime from /proc/uptime, using os.uptime() value
2026-10-04T03:52:35: PM2 warn: [pidusage] We couldn't find uptime from /proc/uptime, using os.uptime() value
2026-10-04T03:53:05: PM2 warn: [pidusage] We couldn't find uptime from /proc/uptime, using os.uptime() value
2026-10-04T03:53:35: PM2 warn: [pidusage] We couldn't find uptime from /proc/uptime, using os.uptime() value
2026-10-04T03:54:05: PM2 warn: [pidusage] We couldn't find uptime from /proc/uptime, using os.uptime() value
2026-10-04T03:54:35: PM2 warn: [pidusage] We couldn't find uptime from /proc/uptime, using os.uptime() value
2026-10-04T03:55:05: PM2 warn: [pidusage] We couldn't find uptime from /proc/uptime, using os.uptime() value
2026-10-04T03:55:35: PM2 warn: [pidusage] We couldn't find uptime from /proc/uptime, using os.uptime() value
2026-10-04T03:56:05: PM2 warn: [pidusage] We couldn't find uptime from /proc/uptime, using os.uptime() value
2026-10-04T03:56:35: PM2 warn: [pidusage] We couldn't find uptime from /proc/uptime, using os.uptime() value
2026-10-04T03:57:05: PM2 warn: [pidusage] We couldn't find uptime from /proc/uptime, using os.uptime() value
2026-10-04T03:57:35: PM2 warn: [pidusage] We couldn't find uptime from /proc/uptime, using os.uptime() value
2026-10-04T03:58:05: PM2 warn: [pidusage] We couldn't find uptime from /proc/uptime, using os.uptime() value
2026-10-04T03:58:35: PM2 warn: [pidusage] We couldn't find uptime from /proc/uptime, using os.uptime() value
2026-10-04T03:59:05: PM2 warn: [pidusage] We couldn't find uptime from /proc/uptime, using os.uptime() value
2026-10-04T03:59:35: PM2 warn: [pidusage] We couldn't find uptime from /proc/uptime, using os.uptime() value
2026-10-04T04:00:05: PM2 warn: [pidusage] We couldn't find uptime from /proc/uptime, using os.uptime() value
2026-10-04T04:00:35: PM2 warn: [pidusage] We couldn't find uptime from /proc/uptime, using os.uptime() value
2026-10-04T04:01:05: PM2 warn: [pidusage] We couldn't find uptime from /proc/uptime, using os.uptime() value
2026-10-04T04:01:35: PM2 warn: [pidusage] We couldn't find uptime from /proc/uptime, using os.uptime() value
2026-10-04T04:02:05: PM2 warn: [pidusage] We couldn't find uptime from /proc/uptime, using os.uptime() value
2026-10-04T04:02:44: PM2 warn: [pidusage] We couldn't find uptime from /proc/uptime, using os.uptime() value
2026-10-04T04:17:41: PM2 warn: [pidusage] We couldn't find uptime from /proc/uptime, using os.uptime() value
2026-10-04T04:18:11: PM2 warn: [pidusage] We couldn't find uptime from /proc/uptime, using os.uptime() value
2026-10-04T04:18:41: PM2 warn: [pidusage] We couldn't find uptime from /proc/uptime, using os.uptime() value
2026-10-04T04:19:13: PM2 warn: [pidusage] We couldn't find uptime from /proc/uptime, using os.uptime() value
2026-10-04T04:20:38: PM2 warn: [pidusage] We couldn't find uptime from /proc/uptime, using os.uptime() value
2026-10-04T04:21:08: PM2 warn: [pidusage] We couldn't find uptime from /proc/uptime, using os.uptime() value
2026-10-04T04:21:38: PM2 warn: [pidusage] We couldn't find uptime from /proc/uptime, using os.uptime() value
2026-10-04T04:22:08: PM2 warn: [pidusage] We couldn't find uptime from /proc/uptime, using os.uptime() value
2026-10-04T04:22:38: PM2 warn: [pidusage] We couldn't find uptime from /proc/uptime, using os.uptime() value
2026-10-04T04:23:08: PM2 warn: [pidusage] We couldn't find uptime from /proc/uptime, using os.uptime() value
2026-10-04T04:24:01: PM2 warn: [pidusage] We couldn't find uptime from /proc/uptime, using os.uptime() value
2026-10-04T04:24:31: PM2 warn: [pidusage] We couldn't find uptime from /proc/uptime, using os.uptime() value
2026-10-04T04:25:01: PM2 warn: [pidusage] We couldn't find uptime from /proc/uptime, using os.uptime() value
2026-10-04T04:26:56: PM2 warn: [pidusage] We couldn't find uptime from /proc/uptime, using os.uptime() value
2026-10-04T04:27:26: PM2 warn: [pidusage] We couldn't find uptime from /proc/uptime, using os.uptime() value
2026-10-04T04:27:56: PM2 warn: [pidusage] We couldn't find uptime from /proc/uptime, using os.uptime() value
2026-10-04T04:28:26: PM2 warn: [pidusage] We couldn't find uptime from /proc/uptime, using os.uptime() value
2026-10-04T04:28:56: PM2 warn: [pidusage] We couldn't find uptime from /proc/uptime, using os.uptime() value
2026-10-04T04:29:26: PM2 warn: [pidusage] We couldn't find uptime from /proc/uptime, using os.uptime() value
2026-10-04T04:29:56: PM2 warn: [pidusage] We couldn't find uptime from /proc/uptime, using os.uptime() value
2026-10-04T04:30:26: PM2 warn: [pidusage] We couldn't find uptime from /proc/uptime, using os.uptime() value
2026-10-04T04:31:12: PM2 warn: [pidusage] We couldn't find uptime from /proc/uptime, using os.uptime() value
2026-10-04T04:31:42: PM2 warn: [pidusage] We couldn't find uptime from /proc/uptime, using os.uptime() value
2026-10-04T04:32:12: PM2 warn: [pidusage] We couldn't find uptime from /proc/uptime, using os.uptime() value
2026-10-04T04:32:42: PM2 warn: [pidusage] We couldn't find uptime from /proc/uptime, using os.uptime() value
2026-10-04T04:33:12: PM2 warn: [pidusage] We couldn't find uptime from /proc/uptime, using os.uptime() value
2026-10-04T04:33:42: PM2 warn: [pidusage] We couldn't find uptime from /proc/uptime, using os.uptime() value
2026-10-04T04:34:12: PM2 warn: [pidusage] We couldn't find uptime from /proc/uptime, using os.uptime() value
2026-10-04T04:35:16: PM2 warn: [pidusage] We couldn't find uptime from /proc/uptime, using os.uptime() value
2026-10-04T04:35:46: PM2 warn: [pidusage] We couldn't find uptime from /proc/uptime, using os.uptime() value
2026-10-04T04:36:16: PM2 warn: [pidusage] We couldn't find uptime from /proc/uptime, using os.uptime() value
2026-10-04T04:36:46: PM2 warn: [pidusage] We couldn't find uptime from /proc/uptime, using os.uptime() value
2026-10-04T04:37:16: PM2 warn: [pidusage] We couldn't find uptime from /proc/uptime, using os.uptime() value
2026-10-04T04:37:46: PM2 warn: [pidusage] We couldn't find uptime from /proc/uptime, using os.uptime() value
2026-10-04T04:38:32: PM2 warn: [pidusage] We couldn't find uptime from /proc/uptime, using os.uptime() value
2026-10-04T04:39:02: PM2 warn: [pidusage] We couldn't find uptime from /proc/uptime, using os.uptime() value
2026-10-04T04:39:32: PM2 warn: [pidusage] We couldn't find uptime from /proc/uptime, using os.uptime() value
2026-10-04T04:40:02: PM2 warn: [pidusage] We couldn't find uptime from /proc/uptime, using os.uptime() value
2026-10-04T04:40:32: PM2 warn: [pidusage] We couldn't find uptime from /proc/uptime, using os.uptime() value
2026-10-04T04:41:02: PM2 warn: [pidusage] We couldn't find uptime from /proc/uptime, using os.uptime() value
2026-10-04T04:41:32: PM2 warn: [pidusage] We couldn't find uptime from /proc/uptime, using os.uptime() value
2026-10-04T04:42:02: PM2 warn: [pidusage] We couldn't find uptime from /proc/uptime, using os.uptime() value
2026-10-04T04:42:32: PM2 warn: [pidusage] We couldn't find uptime from /proc/uptime, using os.uptime() value
2026-10-04T04:43:02: PM2 warn: [pidusage] We couldn't find uptime from /proc/uptime, using os.uptime() value
2026-10-04T04:43:32: PM2 warn: [pidusage] We couldn't find uptime from /proc/uptime, using os.uptime() value
2026-10-04T04:44:02: PM2 warn: [pidusage] We couldn't find uptime from /proc/uptime, using os.uptime() value
2026-10-04T04:44:32: PM2 warn: [pidusage] We couldn't find uptime from /proc/uptime, using os.uptime() value
2026-10-04T04:45:02: PM2 warn: [pidusage] We couldn't find uptime from /proc/uptime, using os.uptime() value
2026-10-04T04:45:32: PM2 warn: [pidusage] We couldn't find uptime from /proc/uptime, using os.uptime() value
2026-10-04T04:46:02: PM2 warn: [pidusage] We couldn't find uptime from /proc/uptime, using os.uptime() value
2026-10-04T04:46:32: PM2 warn: [pidusage] We couldn't find uptime from /proc/uptime, using os.uptime() value
2026-10-04T04:47:02: PM2 warn: [pidusage] We couldn't find uptime from /proc/uptime, using os.uptime() value
2026-10-04T04:47:32: PM2 warn: [pidusage] We couldn't find uptime from /proc/uptime, using os.uptime() value
2026-10-04T04:48:02: PM2 warn: [pidusage] We couldn't find uptime from /proc/uptime, using os.uptime() value
2026-10-04T04:48:32: PM2 warn: [pidusage] We couldn't find uptime from /proc/uptime, using os.uptime() value
2026-10-04T04:49:02: PM2 warn: [pidusage] We couldn't find uptime from /proc/uptime, using os.uptime() value
2026-10-04T04:49:32: PM2 warn: [pidusage] We couldn't find uptime from /proc/uptime, using os.uptime() value
2026-10-04T04:50:02: PM2 warn: [pidusage] We couldn't find uptime from /proc/uptime, using os.uptime() value
2026-10-04T04:50:32: PM2 warn: [pidusage] We couldn't find uptime from /proc/uptime, using os.uptime() value
2026-10-04T04:51:02: PM2 warn: [pidusage] We couldn't find uptime from /proc/uptime, using os.uptime() value
2026-10-04T04:51:32: PM2 warn: [pidusage] We couldn't find uptime from /proc/uptime, using os.uptime() value
2026-10-04T04:52:02: PM2 warn: [pidusage] We couldn't find uptime from /proc/uptime, using os.uptime() value
2026-10-04T04:52:32: PM2 warn: [pidusage] We couldn't find uptime from /proc/uptime, using os.uptime() value
2026-10-04T04:53:02: PM2 warn: [pidusage] We couldn't find uptime from /proc/uptime, using os.uptime() value
2026-10-04T04:53:32: PM2 warn: [pidusage] We couldn't find uptime from /proc/uptime, using os.uptime() value
2026-10-04T05:00:57: PM2 warn: [pidusage] We couldn't find uptime from /proc/uptime, using os.uptime() value
2026-10-04T08:45:54: PM2 warn: [pidusage] We couldn't find uptime from /proc/uptime, using os.uptime() value
2026-10-04T08:46:24: PM2 warn: [pidusage] We couldn't find uptime from /proc/uptime, using os.uptime() value
2026-10-04T08:46:54: PM2 warn: [pidusage] We couldn't find uptime from /proc/uptime, using os.uptime() value
2026-10-04T08:47:24: PM2 warn: [pidusage] We couldn't find uptime from /proc/uptime, using os.uptime() value
2026-10-04T08:47:54: PM2 warn: [pidusage] We couldn't find uptime from /proc/uptime, using os.uptime() value
2026-10-04T08:48:24: PM2 warn: [pidusage] We couldn't find uptime from /proc/uptime, using os.uptime() value
2026-10-04T08:48:54: PM2 warn: [pidusage] We couldn't find uptime from /proc/uptime, using os.uptime() value
2026-10-04T08:49:24: PM2 warn: [pidusage] We couldn't find uptime from /proc/uptime, using os.uptime() value
2026-10-04T08:49:54: PM2 warn: [pidusage] We couldn't find uptime from /proc/uptime, using os.uptime() value
2026-10-04T08:50:24: PM2 warn: [pidusage] We couldn't find uptime from /proc/uptime, using os.uptime() value
2026-10-04T08:50:54: PM2 warn: [pidusage] We couldn't find uptime from /proc/uptime, using os.uptime() value
2026-10-04T08:51:24: PM2 warn: [pidusage] We couldn't find uptime from /proc/uptime, using os.uptime() value
2026-10-04T08:51:54: PM2 warn: [pidusage] We couldn't find uptime from /proc/uptime, using os.uptime() value
2026-10-04T08:52:24: PM2 warn: [pidusage] We couldn't find uptime from /proc/uptime, using os.uptime() value
2026-10-04T08:52:54: PM2 warn: [pidusage] We couldn't find uptime from /proc/uptime, using os.uptime() value
2026-10-04T08:53:24: PM2 warn: [pidusage] We couldn't find uptime from /proc/uptime, using os.uptime() value
2026-10-04T08:53:54: PM2 warn: [pidusage] We couldn't find uptime from /proc/uptime, using os.uptime() value
2026-10-04T08:54:24: PM2 warn: [pidusage] We couldn't find uptime from /proc/uptime, using os.uptime() value
2026-10-04T08:54:54: PM2 warn: [pidusage] We couldn't find uptime from /proc/uptime, using os.uptime() value
2026-10-04T08:55:24: PM2 warn: [pidusage] We couldn't find uptime from /proc/uptime, using os.uptime() value
2026-10-04T08:55:54: PM2 warn: [pidusage] We couldn't find uptime from /proc/uptime, using os.uptime() value
2026-10-04T08:56:24: PM2 warn: [pidusage] We couldn't find uptime from /proc/uptime, using os.uptime() value
2026-10-04T08:56:54: PM2 warn: [pidusage] We couldn't find uptime from /proc/uptime, using os.uptime() value
2026-10-04T08:57:24: PM2 warn: [pidusage] We couldn't find uptime from /proc/uptime, using os.uptime() value
2026-10-04T08:57:54: PM2 warn: [pidusage] We couldn't find uptime from /proc/uptime, using os.uptime() value
2026-10-04T08:58:24: PM2 warn: [pidusage] We couldn't find uptime from /proc/uptime, using os.uptime() value
2026-10-04T08:58:54: PM2 warn: [pidusage] We couldn't find uptime from /proc/uptime, using os.uptime() value
2026-10-04T08:59:24: PM2 warn: [pidusage] We couldn't find uptime from /proc/uptime, using os.uptime() value
2026-10-04T08:59:54: PM2 warn: [pidusage] We couldn't find uptime from /proc/uptime, using os.uptime() value
2026-10-04T09:00:24: PM2 warn: [pidusage] We couldn't find uptime from /proc/uptime, using os.uptime() value
2026-10-04T09:00:54: PM2 warn: [pidusage] We couldn't find uptime from /proc/uptime, using os.uptime() value
2026-10-04T09:01:24: PM2 warn: [pidusage] We couldn't find uptime from /proc/uptime, using os.uptime() value
2026-10-04T09:01:54: PM2 warn: [pidusage] We couldn't find uptime from /proc/uptime, using os.uptime() value
2026-10-04T09:02:24: PM2 warn: [pidusage] We couldn't find uptime from /proc/uptime, using os.uptime() value
2026-10-04T09:02:54: PM2 warn: [pidusage] We couldn't find uptime from /proc/uptime, using os.uptime() value
2026-10-04T09:03:24: PM2 warn: [pidusage] We couldn't find uptime from /proc/uptime, using os.uptime() value
2026-10-04T09:03:54: PM2 warn: [pidusage] We couldn't find uptime from /proc/uptime, using os.uptime() value
2026-10-04T09:04:24: PM2 warn: [pidusage] We couldn't find uptime from /proc/uptime, using os.uptime() value
2026-10-04T09:04:54: PM2 warn: [pidusage] We couldn't find uptime from /proc/uptime, using os.uptime() value
2026-10-04T09:05:24: PM2 warn: [pidusage] We couldn't find uptime from /proc/uptime, using os.uptime() value
2026-10-04T09:05:54: PM2 warn: [pidusage] We couldn't find uptime from /proc/uptime, using os.uptime() value
2026-10-04T09:06:24: PM2 warn: [pidusage] We couldn't find uptime from /proc/uptime, using os.uptime() value
2026-10-04T09:06:54: PM2 warn: [pidusage] We couldn't find uptime from /proc/uptime, using os.uptime() value
2026-10-04T09:07:24: PM2 warn: [pidusage] We couldn't find uptime from /proc/uptime, using os.uptime() value
2026-10-04T09:07:54: PM2 warn: [pidusage] We couldn't find uptime from /proc/uptime, using os.uptime() value
2026-10-04T09:08:24: PM2 warn: [pidusage] We couldn't find uptime from /proc/uptime, using os.uptime() value
2026-10-04T09:08:54: PM2 warn: [pidusage] We couldn't find uptime from /proc/uptime, using os.uptime() value
2026-10-04T09:09:24: PM2 warn: [pidusage] We couldn't find uptime from /proc/uptime, using os.uptime() value
2026-10-04T09:09:54: PM2 warn: [pidusage] We couldn't find uptime from /proc/uptime, using os.uptime() value
2026-10-04T09:10:24: PM2 warn: [pidusage] We couldn't find uptime from /proc/uptime, using os.uptime() value
2026-10-04T09:10:54: PM2 warn: [pidusage] We couldn't find uptime from /proc/uptime, using os.uptime() value
2026-10-04T09:11:24: PM2 warn: [pidusage] We couldn't find uptime from /proc/uptime, using os.uptime() value
2026-10-04T09:11:54: PM2 warn: [pidusage] We couldn't find uptime from /proc/uptime, using os.uptime() value
2026-10-04T09:12:24: PM2 warn: [pidusage] We couldn't find uptime from /proc/uptime, using os.uptime() value
2026-10-04T09:12:54: PM2 warn: [pidusage] We couldn't find uptime from /proc/uptime, using os.uptime() value
2026-10-04T09:13:24: PM2 warn: [pidusage] We couldn't find uptime from /proc/uptime, using os.uptime() value
2026-10-04T09:13:54: PM2 warn: [pidusage] We couldn't find uptime from /proc/uptime, using os.uptime() value
2026-10-04T09:14:24: PM2 warn: [pidusage] We couldn't find uptime from /proc/uptime, using os.uptime() value
2026-10-04T09:14:54: PM2 warn: [pidusage] We couldn't find uptime from /proc/uptime, using os.uptime() value
2026-10-04T09:15:24: PM2 warn: [pidusage] We couldn't find uptime from /proc/uptime, using os.uptime() value
2026-10-04T09:15:54: PM2 warn: [pidusage] We couldn't find uptime from /proc/uptime, using os.uptime() value
2026-10-04T09:16:24: PM2 warn: [pidusage] We couldn't find uptime from /proc/uptime, using os.uptime() value
2026-10-04T09:16:54: PM2 warn: [pidusage] We couldn't find uptime from /proc/uptime, using os.uptime() value
2026-10-04T09:17:24: PM2 warn: [pidusage] We couldn't find uptime from /proc/uptime, using os.uptime() value
2026-10-04T09:17:54: PM2 warn: [pidusage] We couldn't find uptime from /proc/uptime, using os.uptime() value
2026-10-04T09:18:24: PM2 warn: [pidusage] We couldn't find uptime from /proc/uptime, using os.uptime() value
2026-10-04T09:18:54: PM2 warn: [pidusage] We couldn't find uptime from /proc/uptime, using os.uptime() value
2026-10-04T09:19:24: PM2 warn: [pidusage] We couldn't find uptime from /proc/uptime, using os.uptime() value
2026-10-04T09:19:54: PM2 warn: [pidusage] We couldn't find uptime from /proc/uptime, using os.uptime() value
2026-10-04T09:20:24: PM2 warn: [pidusage] We couldn't find uptime from /proc/uptime, using os.uptime() value
2026-10-04T09:20:54: PM2 warn: [pidusage] We couldn't find uptime from /proc/uptime, using os.uptime() value
2026-10-04T09:21:24: PM2 warn: [pidusage] We couldn't find uptime from /proc/uptime, using os.uptime() value
2026-10-04T09:21:54: PM2 warn: [pidusage] We couldn't find uptime from /proc/uptime, using os.uptime() value
2026-10-04T09:22:24: PM2 warn: [pidusage] We couldn't find uptime from /proc/uptime, using os.uptime() value
2026-10-04T09:22:54: PM2 warn: [pidusage] We couldn't find uptime from /proc/uptime, using os.uptime() value
2026-10-04T09:23:24: PM2 warn: [pidusage] We couldn't find uptime from /proc/uptime, using os.uptime() value
2026-10-04T09:23:54: PM2 warn: [pidusage] We couldn't find uptime from /proc/uptime, using os.uptime() value
2026-10-04T09:24:24: PM2 warn: [pidusage] We couldn't find uptime from /proc/uptime, using os.uptime() value
2026-10-04T09:24:54: PM2 warn: [pidusage] We couldn't find uptime from /proc/uptime, using os.uptime() value
2026-10-04T09:25:24: PM2 warn: [pidusage] We couldn't find uptime from /proc/uptime, using os.uptime() value
2026-10-04T09:25:54: PM2 warn: [pidusage] We couldn't find uptime from /proc/uptime, using os.uptime() value
2026-10-04T09:26:24: PM2 warn: [pidusage] We couldn't find uptime from /proc/uptime, using os.uptime() value
2026-10-04T09:26:54: PM2 warn: [pidusage] We couldn't find uptime from /proc/uptime, using os.uptime() value
2026-10-04T09:27:24: PM2 warn: [pidusage] We couldn't find uptime from /proc/uptime, using os.uptime() value
2026-10-04T09:32:32: PM2 warn: [pidusage] We couldn't find uptime from /proc/uptime, using os.uptime() value
2026-10-04T09:33:02: PM2 warn: [pidusage] We couldn't find uptime from /proc/uptime, using os.uptime() value
2026-10-04T09:33:32: PM2 warn: [pidusage] We couldn't find uptime from /proc/uptime, using os.uptime() value
2026-10-04T09:34:02: PM2 warn: [pidusage] We couldn't find uptime from /proc/uptime, using os.uptime() value
2026-10-04T09:34:32: PM2 warn: [pidusage] We couldn't find uptime from /proc/uptime, using os.uptime() value
2026-10-04T09:35:02: PM2 warn: [pidusage] We couldn't find uptime from /proc/uptime, using os.uptime() value
2026-10-04T09:35:32: PM2 warn: [pidusage] We couldn't find uptime from /proc/uptime, using os.uptime() value
2026-10-04T09:36:02: PM2 warn: [pidusage] We couldn't find uptime from /proc/uptime, using os.uptime() value
2026-10-04T09:36:32: PM2 warn: [pidusage] We couldn't find uptime from /proc/uptime, using os.uptime() value
2026-10-04T09:37:02: PM2 warn: [pidusage] We couldn't find uptime from /proc/uptime, using os.uptime() value
2026-10-04T09:37:32: PM2 warn: [pidusage] We couldn't find uptime from /proc/uptime, using os.uptime() value
2026-10-04T09:38:02: PM2 warn: [pidusage] We couldn't find uptime from /proc/uptime, using os.uptime() value
2026-10-04T09:38:32: PM2 warn: [pidusage] We couldn't find uptime from /proc/uptime, using os.uptime() value
2026-10-04T09:47:31: PM2 warn: [pidusage] We couldn't find uptime from /proc/uptime, using os.uptime() value
2026-10-04T09:48:00: PM2 warn: [pidusage] We couldn't find uptime from /proc/uptime, using os.uptime() value
2026-10-04T09:48:55: PM2 warn: [pidusage] We couldn't find uptime from /proc/uptime, using os.uptime() value
2026-10-04T09:49:25: PM2 warn: [pidusage] We couldn't find uptime from /proc/uptime, using os.uptime() value
2026-10-04T09:49:55: PM2 warn: [pidusage] We couldn't find uptime from /proc/uptime, using os.uptime() value
2026-10-04T09:51:08: PM2 warn: [pidusage] We couldn't find uptime from /proc/uptime, using os.uptime() value
2026-10-04T09:51:38: PM2 warn: [pidusage] We couldn't find uptime from /proc/uptime, using os.uptime() value
2026-10-04T09:52:08: PM2 warn: [pidusage] We couldn't find uptime from /proc/uptime, using os.uptime() value
2026-10-04T09:52:38: PM2 warn: [pidusage] We couldn't find uptime from /proc/uptime, using os.uptime() value
2026-10-04T09:53:08: PM2 warn: [pidusage] We couldn't find uptime from /proc/uptime, using os.uptime() value
2026-10-04T09:53:38: PM2 warn: [pidusage] We couldn't find uptime from /proc/uptime, using os.uptime() value
2026-10-04T09:54:08: PM2 warn: [pidusage] We couldn't find uptime from /proc/uptime, using os.uptime() value
2026-10-04T09:54:39: PM2 warn: [pidusage] We couldn't find uptime from /proc/uptime, using os.uptime() value
2026-10-04T09:55:09: PM2 warn: [pidusage] We couldn't find uptime from /proc/uptime, using os.uptime() value
2026-10-04T09:55:39: PM2 warn: [pidusage] We couldn't find uptime from /proc/uptime, using os.uptime() value
2026-10-04T09:56:41: PM2 warn: [pidusage] We couldn't find uptime from /proc/uptime, using os.uptime() value
2026-10-04T10:04:22: PM2 warn: [pidusage] We couldn't find uptime from /proc/uptime, using os.uptime() value
2026-10-04T10:07:26: PM2 warn: [pidusage] We couldn't find uptime from /proc/uptime, using os.uptime() value
2026-10-04T10:07:56: PM2 warn: [pidusage] We couldn't find uptime from /proc/uptime, using os.uptime() value
2026-10-04T10:10:50: PM2 warn: [pidusage] We couldn't find uptime from /proc/uptime, using os.uptime() value
2026-10-04T10:11:20: PM2 warn: [pidusage] We couldn't find uptime from /proc/uptime, using os.uptime() value
2026-10-04T10:36:23: PM2 warn: [pidusage] We couldn't find uptime from /proc/uptime, using os.uptime() value
2026-10-04T10:59:30: PM2 warn: [pidusage] We couldn't find uptime from /proc/uptime, using os.uptime() value
2026-10-04T11:00:00: PM2 warn: [pidusage] We couldn't find uptime from /proc/uptime, using os.uptime() value
2026-10-04T11:00:30: PM2 warn: [pidusage] We couldn't find uptime from /proc/uptime, using os.uptime() value
2026-10-04T11:03:05: PM2 warn: [pidusage] We couldn't find uptime from /proc/uptime, using os.uptime() value
2026-10-04T11:21:55: PM2 warn: [pidusage] We couldn't find uptime from /proc/uptime, using os.uptime() value
2026-10-04T11:43:35: PM2 warn: [pidusage] We couldn't find uptime from /proc/uptime, using os.uptime() value
2026-10-04T11:44:05: PM2 warn: [pidusage] We couldn't find uptime from /proc/uptime, using os.uptime() value
2026-10-04T11:46:36: PM2 warn: [pidusage] We couldn't find uptime from /proc/uptime, using os.uptime() value
2026-10-04T11:46:52: PM2 warn: [pidusage] We couldn't find uptime from /proc/uptime, using os.uptime() value
2026-10-04T11:46:52: PM2 log: Stopping app:bot-wa id:0
2026-10-04T11:46:52: PM2 log: App [bot-wa:0] exited with code [0] via signal [SIGINT]
2026-10-04T11:46:52: PM2 log: pid=22567 msg=process tree killed (1 pids)
2026-10-04T11:46:52: PM2 log: App [bot-wa:0] starting in -fork mode-
2026-10-04T11:46:52: PM2 log: App [bot-wa:0] online
2026-10-04T11:46:52: PM2 warn: [pidusage] We couldn't find uptime from /proc/uptime, using os.uptime() value
2026-10-04T11:46:53: PM2 warn: [pidusage] We couldn't find uptime from /proc/uptime, using os.uptime() value
2026-10-04T11:47:06: PM2 warn: [pidusage] We couldn't find uptime from /proc/uptime, using os.uptime() value
2026-10-04T11:47:36: PM2 warn: [pidusage] We couldn't find uptime from /proc/uptime, using os.uptime() value
2026-10-04T11:48:06: PM2 warn: [pidusage] We couldn't find uptime from /proc/uptime, using os.uptime() value
2026-10-04T11:48:36: PM2 warn: [pidusage] We couldn't find uptime from /proc/uptime, using os.uptime() value
2026-10-04T11:49:06: PM2 warn: [pidusage] We couldn't find uptime from /proc/uptime, using os.uptime() value
2026-10-04T11:49:36: PM2 warn: [pidusage] We couldn't find uptime from /proc/uptime, using os.uptime() value
2026-10-04T11:50:06: PM2 warn: [pidusage] We couldn't find uptime from /proc/uptime, using os.uptime() value
2026-10-04T11:50:36: PM2 warn: [pidusage] We couldn't find uptime from /proc/uptime, using os.uptime() value
2026-10-04T11:51:03: PM2 warn: [pidusage] We couldn't find uptime from /proc/uptime, using os.uptime() value
2026-10-04T11:51:03: PM2 log: Stopping app:bot-wa id:0
2026-10-04T11:51:03: PM2 log: App [bot-wa:0] exited with code [0] via signal [SIGINT]
2026-10-04T11:51:03: PM2 log: pid=12658 msg=process tree killed (1 pids)
2026-10-04T11:51:03: PM2 log: App [bot-wa:0] starting in -fork mode-
2026-10-04T11:51:03: PM2 log: App [bot-wa:0] online
2026-10-04T11:51:03: PM2 warn: [pidusage] We couldn't find uptime from /proc/uptime, using os.uptime() value
2026-10-04T11:51:04: PM2 warn: [pidusage] We couldn't find uptime from /proc/uptime, using os.uptime() value
2026-10-04T11:51:06: PM2 warn: [pidusage] We couldn't find uptime from /proc/uptime, using os.uptime() value
2026-10-04T11:51:36: PM2 warn: [pidusage] We couldn't find uptime from /proc/uptime, using os.uptime() value
2026-10-04T11:52:06: PM2 warn: [pidusage] We couldn't find uptime from /proc/uptime, using os.uptime() value
2026-10-04T11:52:13: PM2 warn: [pidusage] We couldn't find uptime from /proc/uptime, using os.uptime() value
2026-10-04T11:52:13: PM2 log: Stopping app:bot-wa id:0
2026-10-04T11:52:13: PM2 log: App [bot-wa:0] exited with code [0] via signal [SIGINT]
2026-10-04T11:52:13: PM2 log: pid=15042 msg=process tree killed (1 pids)
2026-10-04T11:52:13: PM2 log: App [bot-wa:0] starting in -fork mode-
2026-10-04T11:52:13: PM2 log: App [bot-wa:0] online
2026-10-04T11:52:13: PM2 warn: [pidusage] We couldn't find uptime from /proc/uptime, using os.uptime() value
2026-10-04T11:52:14: PM2 warn: [pidusage] We couldn't find uptime from /proc/uptime, using os.uptime() value
2026-10-04T11:52:36: PM2 warn: [pidusage] We couldn't find uptime from /proc/uptime, using os.uptime() value
2026-10-04T11:53:06: PM2 warn: [pidusage] We couldn't find uptime from /proc/uptime, using os.uptime() value
2026-10-04T11:53:36: PM2 warn: [pidusage] We couldn't find uptime from /proc/uptime, using os.uptime() value
2026-10-04T11:54:06: PM2 warn: [pidusage] We couldn't find uptime from /proc/uptime, using os.uptime() value
2026-10-04T11:54:36: PM2 warn: [pidusage] We couldn't find uptime from /proc/uptime, using os.uptime() value
2026-10-04T11:55:06: PM2 warn: [pidusage] We couldn't find uptime from /proc/uptime, using os.uptime() value
2026-10-04T11:55:36: PM2 warn: [pidusage] We couldn't find uptime from /proc/uptime, using os.uptime() value
2026-10-04T11:56:06: PM2 warn: [pidusage] We couldn't find uptime from /proc/uptime, using os.uptime() value
2026-10-04T11:56:36: PM2 warn: [pidusage] We couldn't find uptime from /proc/uptime, using os.uptime() value
2026-10-04T11:57:07: PM2 warn: [pidusage] We couldn't find uptime from /proc/uptime, using os.uptime() value
2026-10-04T11:58:09: PM2 warn: [pidusage] We couldn't find uptime from /proc/uptime, using os.uptime() value
2026-10-04T11:58:49: PM2 warn: [pidusage] We couldn't find uptime from /proc/uptime, using os.uptime() value
2026-10-04T11:59:19: PM2 warn: [pidusage] We couldn't find uptime from /proc/uptime, using os.uptime() value
2026-10-04T11:59:49: PM2 warn: [pidusage] We couldn't find uptime from /proc/uptime, using os.uptime() value
2026-10-04T12:00:19: PM2 warn: [pidusage] We couldn't find uptime from /proc/uptime, using os.uptime() value
2026-10-04T12:00:49: PM2 warn: [pidusage] We couldn't find uptime from /proc/uptime, using os.uptime() value
2026-10-04T12:01:19: PM2 warn: [pidusage] We couldn't find uptime from /proc/uptime, using os.uptime() value
2026-10-04T12:01:33: PM2 warn: [pidusage] We couldn't find uptime from /proc/uptime, using os.uptime() value
2026-10-04T12:01:33: PM2 log: Stopping app:bot-wa id:0
2026-10-04T12:01:33: PM2 log: App [bot-wa:0] exited with code [0] via signal [SIGINT]
2026-10-04T12:01:33: PM2 log: pid=15326 msg=process tree killed (1 pids)
2026-10-04T12:01:33: PM2 log: App [bot-wa:0] starting in -fork mode-
2026-10-04T12:01:33: PM2 log: App [bot-wa:0] online
2026-10-04T12:01:33: PM2 warn: [pidusage] We couldn't find uptime from /proc/uptime, using os.uptime() value
2026-10-04T12:01:34: PM2 warn: [pidusage] We couldn't find uptime from /proc/uptime, using os.uptime() value
2026-10-04T12:01:49: PM2 warn: [pidusage] We couldn't find uptime from /proc/uptime, using os.uptime() value
2026-10-04T12:02:19: PM2 warn: [pidusage] We couldn't find uptime from /proc/uptime, using os.uptime() value
2026-10-04T12:02:49: PM2 warn: [pidusage] We couldn't find uptime from /proc/uptime, using os.uptime() value
2026-10-04T12:03:19: PM2 warn: [pidusage] We couldn't find uptime from /proc/uptime, using os.uptime() value
2026-10-04T12:03:49: PM2 warn: [pidusage] We couldn't find uptime from /proc/uptime, using os.uptime() value
2026-10-04T12:04:19: PM2 warn: [pidusage] We couldn't find uptime from /proc/uptime, using os.uptime() value
2026-10-04T12:04:38: PM2 log: App [bot-wa:0] exited with code [0] via signal [SIGINT]
2026-10-04T12:04:38: PM2 log: App [bot-wa:0] starting in -fork mode-
2026-10-04T12:04:38: PM2 log: App [bot-wa:0] online
2026-10-04T12:04:45: PM2 log: App [bot-wa:0] exited with code [0] via signal [SIGINT]
2026-10-04T12:04:45: PM2 log: App [bot-wa:0] starting in -fork mode-
2026-10-04T12:04:45: PM2 log: App [bot-wa:0] online
2026-10-04T12:04:49: PM2 warn: [pidusage] We couldn't find uptime from /proc/uptime, using os.uptime() value
2026-10-04T12:04:55: PM2 log: App [bot-wa:0] exited with code [0] via signal [SIGINT]
2026-10-04T12:04:55: PM2 log: App [bot-wa:0] starting in -fork mode-
2026-10-04T12:04:55: PM2 log: App [bot-wa:0] online
2026-10-04T12:05:06: PM2 log: App [bot-wa:0] exited with code [0] via signal [SIGINT]
2026-10-04T12:05:06: PM2 log: App [bot-wa:0] starting in -fork mode-
2026-10-04T12:05:06: PM2 log: App [bot-wa:0] online
2026-10-04T12:05:19: PM2 warn: [pidusage] We couldn't find uptime from /proc/uptime, using os.uptime() value
2026-10-04T12:05:22: PM2 log: App [bot-wa:0] exited with code [0] via signal [SIGINT]
2026-10-04T12:05:22: PM2 log: App [bot-wa:0] starting in -fork mode-
2026-10-04T12:05:22: PM2 log: App [bot-wa:0] online
2026-10-04T12:05:32: PM2 log: App [bot-wa:0] exited with code [0] via signal [SIGINT]
2026-10-04T12:05:32: PM2 log: App [bot-wa:0] starting in -fork mode-
2026-10-04T12:05:32: PM2 log: App [bot-wa:0] online
2026-10-04T12:05:39: PM2 log: App [bot-wa:0] exited with code [0] via signal [SIGINT]
2026-10-04T12:05:39: PM2 log: App [bot-wa:0] starting in -fork mode-
2026-10-04T12:05:39: PM2 log: App [bot-wa:0] online
2026-10-04T12:05:49: PM2 warn: [pidusage] We couldn't find uptime from /proc/uptime, using os.uptime() value
2026-10-04T12:05:49: PM2 log: App [bot-wa:0] exited with code [0] via signal [SIGINT]
2026-10-04T12:05:49: PM2 log: App [bot-wa:0] starting in -fork mode-
2026-10-04T12:05:49: PM2 log: App [bot-wa:0] online
2026-10-04T12:06:02: PM2 log: App [bot-wa:0] exited with code [0] via signal [SIGINT]
2026-10-04T12:06:02: PM2 log: App [bot-wa:0] starting in -fork mode-
2026-10-04T12:06:02: PM2 log: App [bot-wa:0] online
2026-10-04T12:06:10: PM2 log: App [bot-wa:0] exited with code [0] via signal [SIGINT]
2026-10-04T12:06:10: PM2 log: App [bot-wa:0] starting in -fork mode-
2026-10-04T12:06:10: PM2 log: App [bot-wa:0] online
2026-10-04T12:06:17: PM2 log: App [bot-wa:0] exited with code [0] via signal [SIGINT]
2026-10-04T12:06:17: PM2 log: App [bot-wa:0] starting in -fork mode-
2026-10-04T12:06:17: PM2 log: App [bot-wa:0] online
2026-10-04T12:06:19: PM2 warn: [pidusage] We couldn't find uptime from /proc/uptime, using os.uptime() value
2026-10-04T12:06:27: PM2 log: App [bot-wa:0] exited with code [0] via signal [SIGINT]
2026-10-04T12:06:27: PM2 log: App [bot-wa:0] starting in -fork mode-
2026-10-04T12:06:27: PM2 log: App [bot-wa:0] online
2026-10-04T12:06:38: PM2 log: App [bot-wa:0] exited with code [0] via signal [SIGINT]
2026-10-04T12:06:38: PM2 log: App [bot-wa:0] starting in -fork mode-
2026-10-04T12:06:38: PM2 log: App [bot-wa:0] online
2026-10-04T12:06:45: PM2 log: App [bot-wa:0] exited with code [0] via signal [SIGINT]
2026-10-04T12:06:45: PM2 log: App [bot-wa:0] starting in -fork mode-
2026-10-04T12:06:45: PM2 log: App [bot-wa:0] online
2026-10-04T12:06:49: PM2 warn: [pidusage] We couldn't find uptime from /proc/uptime, using os.uptime() value
2026-10-04T12:06:52: PM2 log: App [bot-wa:0] exited with code [0] via signal [SIGINT]
2026-10-04T12:06:52: PM2 log: App [bot-wa:0] starting in -fork mode-
2026-10-04T12:06:52: PM2 log: App [bot-wa:0] online
2026-10-04T12:06:59: PM2 log: App [bot-wa:0] exited with code [0] via signal [SIGINT]
2026-10-04T12:06:59: PM2 log: App [bot-wa:0] starting in -fork mode-
2026-10-04T12:06:59: PM2 log: App [bot-wa:0] online
2026-10-04T12:07:09: PM2 log: App [bot-wa:0] exited with code [0] via signal [SIGINT]
2026-10-04T12:07:09: PM2 log: App [bot-wa:0] starting in -fork mode-
2026-10-04T12:07:09: PM2 log: App [bot-wa:0] online
2026-10-04T12:07:16: PM2 log: App [bot-wa:0] exited with code [0] via signal [SIGINT]
2026-10-04T12:07:16: PM2 log: App [bot-wa:0] starting in -fork mode-
2026-10-04T12:07:16: PM2 log: App [bot-wa:0] online
2026-10-04T12:07:19: PM2 warn: [pidusage] We couldn't find uptime from /proc/uptime, using os.uptime() value
2026-10-04T12:07:25: PM2 log: App [bot-wa:0] exited with code [0] via signal [SIGINT]
2026-10-04T12:07:25: PM2 log: App [bot-wa:0] starting in -fork mode-
2026-10-04T12:07:25: PM2 log: App [bot-wa:0] online
2026-10-04T12:07:35: PM2 log: App [bot-wa:0] exited with code [0] via signal [SIGINT]
2026-10-04T12:07:35: PM2 log: App [bot-wa:0] starting in -fork mode-
2026-10-04T12:07:35: PM2 log: App [bot-wa:0] online
2026-10-04T12:07:45: PM2 log: App [bot-wa:0] exited with code [0] via signal [SIGINT]
2026-10-04T12:07:45: PM2 log: App [bot-wa:0] starting in -fork mode-
2026-10-04T12:07:45: PM2 log: App [bot-wa:0] online
2026-10-04T12:07:49: PM2 warn: [pidusage] We couldn't find uptime from /proc/uptime, using os.uptime() value
2026-10-04T12:07:52: PM2 log: App [bot-wa:0] exited with code [0] via signal [SIGINT]
2026-10-04T12:07:52: PM2 log: App [bot-wa:0] starting in -fork mode-
2026-10-04T12:07:52: PM2 log: App [bot-wa:0] online
2026-10-04T12:07:59: PM2 log: App [bot-wa:0] exited with code [0] via signal [SIGINT]
2026-10-04T12:07:59: PM2 log: App [bot-wa:0] starting in -fork mode-
2026-10-04T12:07:59: PM2 log: App [bot-wa:0] online
2026-10-04T12:08:09: PM2 log: App [bot-wa:0] exited with code [0] via signal [SIGINT]
2026-10-04T12:08:09: PM2 log: App [bot-wa:0] starting in -fork mode-
2026-10-04T12:08:09: PM2 log: App [bot-wa:0] online
2026-10-04T12:08:16: PM2 log: App [bot-wa:0] exited with code [0] via signal [SIGINT]
2026-10-04T12:08:16: PM2 log: App [bot-wa:0] starting in -fork mode-
2026-10-04T12:08:16: PM2 log: App [bot-wa:0] online
2026-10-04T12:08:19: PM2 warn: [pidusage] We couldn't find uptime from /proc/uptime, using os.uptime() value
2026-10-04T12:08:26: PM2 log: App [bot-wa:0] exited with code [0] via signal [SIGINT]
2026-10-04T12:08:26: PM2 log: App [bot-wa:0] starting in -fork mode-
2026-10-04T12:08:26: PM2 log: App [bot-wa:0] online
2026-10-04T12:08:39: PM2 log: App [bot-wa:0] exited with code [0] via signal [SIGINT]
2026-10-04T12:08:39: PM2 log: App [bot-wa:0] starting in -fork mode-
2026-10-04T12:08:39: PM2 log: App [bot-wa:0] online
2026-10-04T12:08:49: PM2 warn: [pidusage] We couldn't find uptime from /proc/uptime, using os.uptime() value
2026-10-04T12:08:49: PM2 log: App [bot-wa:0] exited with code [0] via signal [SIGINT]
2026-10-04T12:08:49: PM2 log: App [bot-wa:0] starting in -fork mode-
2026-10-04T12:08:49: PM2 log: App [bot-wa:0] online
2026-10-04T12:08:58: PM2 log: App [bot-wa:0] exited with code [0] via signal [SIGINT]
2026-10-04T12:08:58: PM2 log: App [bot-wa:0] starting in -fork mode-
2026-10-04T12:08:58: PM2 log: App [bot-wa:0] online
2026-10-04T12:09:08: PM2 log: App [bot-wa:0] exited with code [0] via signal [SIGINT]
2026-10-04T12:09:08: PM2 log: App [bot-wa:0] starting in -fork mode-
2026-10-04T12:09:08: PM2 log: App [bot-wa:0] online
2026-10-04T12:09:18: PM2 log: App [bot-wa:0] exited with code [0] via signal [SIGINT]
2026-10-04T12:09:18: PM2 log: App [bot-wa:0] starting in -fork mode-
2026-10-04T12:09:18: PM2 log: App [bot-wa:0] online
2026-10-04T12:09:19: PM2 warn: [pidusage] We couldn't find uptime from /proc/uptime, using os.uptime() value
2026-10-04T12:09:31: PM2 log: App [bot-wa:0] exited with code [0] via signal [SIGINT]
2026-10-04T12:09:31: PM2 log: App [bot-wa:0] starting in -fork mode-
2026-10-04T12:09:31: PM2 log: App [bot-wa:0] online
2026-10-04T12:09:38: PM2 log: App [bot-wa:0] exited with code [0] via signal [SIGINT]
2026-10-04T12:09:38: PM2 log: App [bot-wa:0] starting in -fork mode-
2026-10-04T12:09:38: PM2 log: App [bot-wa:0] online
2026-10-04T12:09:49: PM2 warn: [pidusage] We couldn't find uptime from /proc/uptime, using os.uptime() value
2026-10-04T12:09:51: PM2 log: App [bot-wa:0] exited with code [0] via signal [SIGINT]
2026-10-04T12:09:51: PM2 log: App [bot-wa:0] starting in -fork mode-
2026-10-04T12:09:51: PM2 log: App [bot-wa:0] online
2026-10-04T12:09:58: PM2 log: App [bot-wa:0] exited with code [0] via signal [SIGINT]
2026-10-04T12:09:58: PM2 log: App [bot-wa:0] starting in -fork mode-
2026-10-04T12:09:58: PM2 log: App [bot-wa:0] online
2026-10-04T12:10:04: PM2 log: App [bot-wa:0] exited with code [0] via signal [SIGINT]
2026-10-04T12:10:04: PM2 log: App [bot-wa:0] starting in -fork mode-
2026-10-04T12:10:04: PM2 log: App [bot-wa:0] online
2026-10-04T12:10:11: PM2 log: App [bot-wa:0] exited with code [0] via signal [SIGINT]
2026-10-04T12:10:11: PM2 log: App [bot-wa:0] starting in -fork mode-
2026-10-04T12:10:11: PM2 log: App [bot-wa:0] online
2026-10-04T12:10:19: PM2 warn: [pidusage] We couldn't find uptime from /proc/uptime, using os.uptime() value
2026-10-04T12:10:21: PM2 log: App [bot-wa:0] exited with code [0] via signal [SIGINT]
2026-10-04T12:10:21: PM2 log: App [bot-wa:0] starting in -fork mode-
2026-10-04T12:10:21: PM2 log: App [bot-wa:0] online
2026-10-04T12:10:30: PM2 log: App [bot-wa:0] exited with code [0] via signal [SIGINT]
2026-10-04T12:10:30: PM2 log: App [bot-wa:0] starting in -fork mode-
2026-10-04T12:10:30: PM2 log: App [bot-wa:0] online
2026-10-04T12:11:10: PM2 warn: [pidusage] We couldn't find uptime from /proc/uptime, using os.uptime() value
2026-10-04T12:11:17: PM2 log: App [bot-wa:0] exited with code [0] via signal [SIGINT]
2026-10-04T12:11:17: PM2 log: App [bot-wa:0] starting in -fork mode-
2026-10-04T12:11:17: PM2 log: App [bot-wa:0] online
2026-10-04T12:11:24: PM2 log: App [bot-wa:0] exited with code [0] via signal [SIGINT]
2026-10-04T12:11:24: PM2 log: App [bot-wa:0] starting in -fork mode-
2026-10-04T12:11:24: PM2 log: App [bot-wa:0] online
2026-10-04T12:11:31: PM2 log: App [bot-wa:0] exited with code [0] via signal [SIGINT]
2026-10-04T12:11:31: PM2 log: App [bot-wa:0] starting in -fork mode-
2026-10-04T12:11:31: PM2 log: App [bot-wa:0] online
2026-10-04T12:11:40: PM2 log: App [bot-wa:0] exited with code [0] via signal [SIGINT]
2026-10-04T12:11:40: PM2 log: App [bot-wa:0] starting in -fork mode-
2026-10-04T12:11:40: PM2 log: App [bot-wa:0] online
2026-10-04T12:11:40: PM2 warn: [pidusage] We couldn't find uptime from /proc/uptime, using os.uptime() value
2026-10-04T12:11:47: PM2 log: App [bot-wa:0] exited with code [0] via signal [SIGINT]
2026-10-04T12:11:47: PM2 log: App [bot-wa:0] starting in -fork mode-
2026-10-04T12:11:47: PM2 log: App [bot-wa:0] online
2026-10-04T12:11:54: PM2 log: App [bot-wa:0] exited with code [0] via signal [SIGINT]
2026-10-04T12:11:54: PM2 log: App [bot-wa:0] starting in -fork mode-
2026-10-04T12:11:54: PM2 log: App [bot-wa:0] online
2026-10-04T12:12:03: PM2 log: App [bot-wa:0] exited with code [0] via signal [SIGINT]
2026-10-04T12:12:03: PM2 log: App [bot-wa:0] starting in -fork mode-
2026-10-04T12:12:03: PM2 log: App [bot-wa:0] online
2026-10-04T12:12:10: PM2 warn: [pidusage] We couldn't find uptime from /proc/uptime, using os.uptime() value
2026-10-04T12:12:13: PM2 log: App [bot-wa:0] exited with code [0] via signal [SIGINT]
2026-10-04T12:12:13: PM2 log: App [bot-wa:0] starting in -fork mode-
2026-10-04T12:12:13: PM2 log: App [bot-wa:0] online
2026-10-04T12:12:20: PM2 log: App [bot-wa:0] exited with code [0] via signal [SIGINT]
2026-10-04T12:12:20: PM2 log: App [bot-wa:0] starting in -fork mode-
2026-10-04T12:12:20: PM2 log: App [bot-wa:0] online
2026-10-04T12:12:26: PM2 log: App [bot-wa:0] exited with code [0] via signal [SIGINT]
2026-10-04T12:12:26: PM2 log: App [bot-wa:0] starting in -fork mode-
2026-10-04T12:12:26: PM2 log: App [bot-wa:0] online
2026-10-04T12:12:36: PM2 log: App [bot-wa:0] exited with code [0] via signal [SIGINT]
2026-10-04T12:12:36: PM2 log: App [bot-wa:0] starting in -fork mode-
2026-10-04T12:12:36: PM2 log: App [bot-wa:0] online
2026-10-04T12:12:40: PM2 warn: [pidusage] We couldn't find uptime from /proc/uptime, using os.uptime() value
2026-10-04T12:12:45: PM2 log: App [bot-wa:0] exited with code [0] via signal [SIGINT]
2026-10-04T12:12:45: PM2 log: App [bot-wa:0] starting in -fork mode-
2026-10-04T12:12:45: PM2 log: App [bot-wa:0] online
2026-10-04T12:12:55: PM2 log: App [bot-wa:0] exited with code [0] via signal [SIGINT]
2026-10-04T12:12:55: PM2 log: App [bot-wa:0] starting in -fork mode-
2026-10-04T12:12:55: PM2 log: App [bot-wa:0] online
2026-10-04T12:13:04: PM2 log: App [bot-wa:0] exited with code [0] via signal [SIGINT]
2026-10-04T12:13:04: PM2 log: App [bot-wa:0] starting in -fork mode-
2026-10-04T12:13:04: PM2 log: App [bot-wa:0] online
2026-10-04T12:13:10: PM2 warn: [pidusage] We couldn't find uptime from /proc/uptime, using os.uptime() value
2026-10-04T12:13:14: PM2 log: App [bot-wa:0] exited with code [0] via signal [SIGINT]
2026-10-04T12:13:14: PM2 log: App [bot-wa:0] starting in -fork mode-
2026-10-04T12:13:14: PM2 log: App [bot-wa:0] online
2026-10-04T12:13:24: PM2 log: App [bot-wa:0] exited with code [0] via signal [SIGINT]
2026-10-04T12:13:24: PM2 log: App [bot-wa:0] starting in -fork mode-
2026-10-04T12:13:24: PM2 log: App [bot-wa:0] online
2026-10-04T12:13:30: PM2 log: App [bot-wa:0] exited with code [0] via signal [SIGINT]
2026-10-04T12:13:30: PM2 log: App [bot-wa:0] starting in -fork mode-
2026-10-04T12:13:30: PM2 log: App [bot-wa:0] online
2026-10-04T12:13:40: PM2 log: App [bot-wa:0] exited with code [0] via signal [SIGINT]
2026-10-04T12:13:40: PM2 log: App [bot-wa:0] starting in -fork mode-
2026-10-04T12:13:40: PM2 log: App [bot-wa:0] online
2026-10-04T12:13:40: PM2 warn: [pidusage] We couldn't find uptime from /proc/uptime, using os.uptime() value
2026-10-04T12:13:45: PM2 warn: [pidusage] We couldn't find uptime from /proc/uptime, using os.uptime() value
2026-10-04T12:13:45: PM2 log: Stopping app:bot-wa id:0
2026-10-04T12:13:45: PM2 log: App [bot-wa:0] exited with code [0] via signal [SIGINT]
2026-10-04T12:13:45: PM2 log: pid=32479 msg=process tree killed (1 pids)
2026-10-04T12:13:45: PM2 log: App [bot-wa:0] starting in -fork mode-
2026-10-04T12:13:45: PM2 log: App [bot-wa:0] online
2026-10-04T12:13:45: PM2 warn: [pidusage] We couldn't find uptime from /proc/uptime, using os.uptime() value
2026-10-04T12:13:46: PM2 warn: [pidusage] We couldn't find uptime from /proc/uptime, using os.uptime() value
2026-10-04T12:13:55: PM2 log: App [bot-wa:0] exited with code [0] via signal [SIGINT]
2026-10-04T12:13:55: PM2 log: App [bot-wa:0] starting in -fork mode-
2026-10-04T12:13:55: PM2 log: App [bot-wa:0] online
2026-10-04T12:14:10: PM2 warn: [pidusage] We couldn't find uptime from /proc/uptime, using os.uptime() value
2026-10-04T12:14:10: PM2 log: App [bot-wa:0] exited with code [0] via signal [SIGINT]
2026-10-04T12:14:10: PM2 log: App [bot-wa:0] starting in -fork mode-
2026-10-04T12:14:10: PM2 log: App [bot-wa:0] online
2026-10-04T12:14:20: PM2 log: App [bot-wa:0] exited with code [0] via signal [SIGINT]
2026-10-04T12:14:20: PM2 log: App [bot-wa:0] starting in -fork mode-
2026-10-04T12:14:20: PM2 log: App [bot-wa:0] online
2026-10-04T12:14:30: PM2 log: App [bot-wa:0] exited with code [0] via signal [SIGINT]
2026-10-04T12:14:30: PM2 log: App [bot-wa:0] starting in -fork mode-
2026-10-04T12:14:30: PM2 log: App [bot-wa:0] online
2026-10-04T12:14:40: PM2 log: App [bot-wa:0] exited with code [0] via signal [SIGINT]
2026-10-04T12:14:40: PM2 log: App [bot-wa:0] starting in -fork mode-
2026-10-04T12:14:40: PM2 log: App [bot-wa:0] online
2026-10-04T12:14:40: PM2 warn: [pidusage] We couldn't find uptime from /proc/uptime, using os.uptime() value
2026-10-04T12:14:49: PM2 log: App [bot-wa:0] exited with code [0] via signal [SIGINT]
2026-10-04T12:14:49: PM2 log: App [bot-wa:0] starting in -fork mode-
2026-10-04T12:14:49: PM2 log: App [bot-wa:0] online
2026-10-04T12:14:58: PM2 log: App [bot-wa:0] exited with code [0] via signal [SIGINT]
2026-10-04T12:14:58: PM2 log: App [bot-wa:0] starting in -fork mode-
2026-10-04T12:14:58: PM2 log: App [bot-wa:0] online
2026-10-04T12:15:08: PM2 log: App [bot-wa:0] exited with code [0] via signal [SIGINT]
2026-10-04T12:15:08: PM2 log: App [bot-wa:0] starting in -fork mode-
2026-10-04T12:15:08: PM2 log: App [bot-wa:0] online
2026-10-04T12:15:10: PM2 warn: [pidusage] We couldn't find uptime from /proc/uptime, using os.uptime() value
2026-10-04T12:15:19: PM2 log: App [bot-wa:0] exited with code [0] via signal [SIGINT]
2026-10-04T12:15:19: PM2 log: App [bot-wa:0] starting in -fork mode-
2026-10-04T12:15:19: PM2 log: App [bot-wa:0] online
2026-10-04T12:15:25: PM2 log: App [bot-wa:0] exited with code [0] via signal [SIGINT]
2026-10-04T12:15:25: PM2 log: App [bot-wa:0] starting in -fork mode-
2026-10-04T12:15:25: PM2 log: App [bot-wa:0] online
2026-10-04T12:15:32: PM2 log: App [bot-wa:0] exited with code [0] via signal [SIGINT]
2026-10-04T12:15:32: PM2 log: App [bot-wa:0] starting in -fork mode-
2026-10-04T12:15:32: PM2 log: App [bot-wa:0] online
2026-10-04T12:15:40: PM2 warn: [pidusage] We couldn't find uptime from /proc/uptime, using os.uptime() value
2026-10-04T12:15:42: PM2 log: App [bot-wa:0] exited with code [0] via signal [SIGINT]
2026-10-04T12:15:42: PM2 log: App [bot-wa:0] starting in -fork mode-
2026-10-04T12:15:42: PM2 log: App [bot-wa:0] online
2026-10-04T12:15:49: PM2 log: App [bot-wa:0] exited with code [0] via signal [SIGINT]
2026-10-04T12:15:49: PM2 log: App [bot-wa:0] starting in -fork mode-
2026-10-04T12:15:49: PM2 log: App [bot-wa:0] online
2026-10-04T12:15:56: PM2 log: App [bot-wa:0] exited with code [0] via signal [SIGINT]
2026-10-04T12:15:56: PM2 log: App [bot-wa:0] starting in -fork mode-
2026-10-04T12:15:56: PM2 log: App [bot-wa:0] online
2026-10-04T12:16:02: PM2 log: App [bot-wa:0] exited with code [0] via signal [SIGINT]
2026-10-04T12:16:02: PM2 log: App [bot-wa:0] starting in -fork mode-
2026-10-04T12:16:02: PM2 log: App [bot-wa:0] online
2026-10-04T12:16:09: PM2 log: App [bot-wa:0] exited with code [0] via signal [SIGINT]
2026-10-04T12:16:09: PM2 log: App [bot-wa:0] starting in -fork mode-
2026-10-04T12:16:09: PM2 log: App [bot-wa:0] online
2026-10-04T12:16:10: PM2 warn: [pidusage] We couldn't find uptime from /proc/uptime, using os.uptime() value
2026-10-04T12:16:16: PM2 log: App [bot-wa:0] exited with code [0] via signal [SIGINT]
2026-10-04T12:16:16: PM2 log: App [bot-wa:0] starting in -fork mode-
2026-10-04T12:16:16: PM2 log: App [bot-wa:0] online
2026-10-04T12:16:19: PM2 log: App [bot-wa:0] exited with code [0] via signal [SIGINT]
2026-10-04T12:16:19: PM2 log: App [bot-wa:0] starting in -fork mode-
2026-10-04T12:16:19: PM2 log: App [bot-wa:0] online
2026-10-04T12:16:23: PM2 log: App [bot-wa:0] exited with code [0] via signal [SIGINT]
2026-10-04T12:16:23: PM2 log: App [bot-wa:0] starting in -fork mode-
2026-10-04T12:16:23: PM2 log: App [bot-wa:0] online
2026-10-04T12:16:32: PM2 log: App [bot-wa:0] exited with code [0] via signal [SIGINT]
2026-10-04T12:16:32: PM2 log: App [bot-wa:0] starting in -fork mode-
2026-10-04T12:16:32: PM2 log: App [bot-wa:0] online
2026-10-04T12:16:39: PM2 log: App [bot-wa:0] exited with code [0] via signal [SIGINT]
2026-10-04T12:16:39: PM2 log: App [bot-wa:0] starting in -fork mode-
2026-10-04T12:16:39: PM2 log: App [bot-wa:0] online
2026-10-04T12:16:40: PM2 warn: [pidusage] We couldn't find uptime from /proc/uptime, using os.uptime() value
2026-10-04T12:16:49: PM2 log: App [bot-wa:0] exited with code [0] via signal [SIGINT]
2026-10-04T12:16:49: PM2 log: App [bot-wa:0] starting in -fork mode-
2026-10-04T12:16:49: PM2 log: App [bot-wa:0] online
2026-10-04T12:16:58: PM2 log: App [bot-wa:0] exited with code [0] via signal [SIGINT]
2026-10-04T12:16:58: PM2 log: App [bot-wa:0] starting in -fork mode-
2026-10-04T12:16:58: PM2 log: App [bot-wa:0] online
2026-10-04T12:17:05: PM2 warn: [pidusage] We couldn't find uptime from /proc/uptime, using os.uptime() value
2026-10-04T12:17:05: PM2 log: Stopping app:bot-wa id:0
2026-10-04T12:17:05: PM2 log: App [bot-wa:0] exited with code [0] via signal [SIGINT]
2026-10-04T12:17:05: PM2 log: pid=4628 msg=process tree killed (1 pids)
2026-10-04T12:17:05: PM2 log: App [bot-wa:0] starting in -fork mode-
2026-10-04T12:17:05: PM2 log: App [bot-wa:0] online
2026-10-04T12:17:05: PM2 warn: [pidusage] We couldn't find uptime from /proc/uptime, using os.uptime() value
2026-10-04T12:17:07: PM2 warn: [pidusage] We couldn't find uptime from /proc/uptime, using os.uptime() value
2026-10-04T12:17:10: PM2 warn: [pidusage] We couldn't find uptime from /proc/uptime, using os.uptime() value
2026-10-04T12:17:15: PM2 log: App [bot-wa:0] exited with code [0] via signal [SIGINT]
2026-10-04T12:17:15: PM2 log: App [bot-wa:0] starting in -fork mode-
2026-10-04T12:17:15: PM2 log: App [bot-wa:0] online
2026-10-04T12:17:25: PM2 log: App [bot-wa:0] exited with code [0] via signal [SIGINT]
2026-10-04T12:17:25: PM2 log: App [bot-wa:0] starting in -fork mode-
2026-10-04T12:17:25: PM2 log: App [bot-wa:0] online
2026-10-04T12:17:31: PM2 log: App [bot-wa:0] exited with code [0] via signal [SIGINT]
2026-10-04T12:17:31: PM2 log: App [bot-wa:0] starting in -fork mode-
2026-10-04T12:17:31: PM2 log: App [bot-wa:0] online
2026-10-04T12:17:38: PM2 log: App [bot-wa:0] exited with code [0] via signal [SIGINT]
2026-10-04T12:17:38: PM2 log: App [bot-wa:0] starting in -fork mode-
2026-10-04T12:17:38: PM2 log: App [bot-wa:0] online
2026-10-04T12:17:40: PM2 warn: [pidusage] We couldn't find uptime from /proc/uptime, using os.uptime() value
2026-10-04T12:17:47: PM2 log: App [bot-wa:0] exited with code [0] via signal [SIGINT]
2026-10-04T12:17:47: PM2 log: App [bot-wa:0] starting in -fork mode-
2026-10-04T12:17:47: PM2 log: App [bot-wa:0] online
2026-10-04T12:17:54: PM2 log: App [bot-wa:0] exited with code [0] via signal [SIGINT]
2026-10-04T12:17:54: PM2 log: App [bot-wa:0] starting in -fork mode-
2026-10-04T12:17:54: PM2 log: App [bot-wa:0] online
2026-10-04T12:18:04: PM2 log: App [bot-wa:0] exited with code [0] via signal [SIGINT]
2026-10-04T12:18:04: PM2 log: App [bot-wa:0] starting in -fork mode-
2026-10-04T12:18:04: PM2 log: App [bot-wa:0] online
2026-10-04T12:18:10: PM2 warn: [pidusage] We couldn't find uptime from /proc/uptime, using os.uptime() value
2026-10-04T12:18:10: PM2 log: App [bot-wa:0] exited with code [0] via signal [SIGINT]
2026-10-04T12:18:10: PM2 log: App [bot-wa:0] starting in -fork mode-
2026-10-04T12:18:10: PM2 log: App [bot-wa:0] online
2026-10-04T12:18:17: PM2 log: App [bot-wa:0] exited with code [0] via signal [SIGINT]
2026-10-04T12:18:17: PM2 log: App [bot-wa:0] starting in -fork mode-
2026-10-04T12:18:17: PM2 log: App [bot-wa:0] online
2026-10-04T12:18:27: PM2 log: App [bot-wa:0] exited with code [0] via signal [SIGINT]
2026-10-04T12:18:27: PM2 log: App [bot-wa:0] starting in -fork mode-
2026-10-04T12:18:27: PM2 log: App [bot-wa:0] online
2026-10-04T12:18:36: PM2 log: App [bot-wa:0] exited with code [0] via signal [SIGINT]
2026-10-04T12:18:36: PM2 log: App [bot-wa:0] starting in -fork mode-
2026-10-04T12:18:36: PM2 log: App [bot-wa:0] online
2026-10-04T12:18:40: PM2 warn: [pidusage] We couldn't find uptime from /proc/uptime, using os.uptime() value
2026-10-04T12:18:43: PM2 log: App [bot-wa:0] exited with code [0] via signal [SIGINT]
2026-10-04T12:18:43: PM2 log: App [bot-wa:0] starting in -fork mode-
2026-10-04T12:18:43: PM2 log: App [bot-wa:0] online
2026-10-04T12:18:49: PM2 log: App [bot-wa:0] exited with code [0] via signal [SIGINT]
2026-10-04T12:18:49: PM2 log: App [bot-wa:0] starting in -fork mode-
2026-10-04T12:18:50: PM2 log: App [bot-wa:0] online
2026-10-04T12:19:18: PM2 warn: [pidusage] We couldn't find uptime from /proc/uptime, using os.uptime() value
2026-10-04T12:19:19: PM2 log: App [bot-wa:0] exited with code [0] via signal [SIGINT]
2026-10-04T12:19:19: PM2 log: App [bot-wa:0] starting in -fork mode-
2026-10-04T12:19:19: PM2 log: App [bot-wa:0] online
2026-10-04T12:19:30: PM2 log: App [bot-wa:0] exited with code [0] via signal [SIGINT]
2026-10-04T12:19:30: PM2 log: App [bot-wa:0] starting in -fork mode-
2026-10-04T12:19:30: PM2 log: App [bot-wa:0] online
2026-10-04T12:19:37: PM2 log: App [bot-wa:0] exited with code [0] via signal [SIGINT]
2026-10-04T12:19:37: PM2 log: App [bot-wa:0] starting in -fork mode-
2026-10-04T12:19:37: PM2 log: App [bot-wa:0] online
2026-10-04T12:19:47: PM2 log: App [bot-wa:0] exited with code [0] via signal [SIGINT]
2026-10-04T12:19:47: PM2 log: App [bot-wa:0] starting in -fork mode-
2026-10-04T12:19:47: PM2 log: App [bot-wa:0] online
2026-10-04T12:19:48: PM2 warn: [pidusage] We couldn't find uptime from /proc/uptime, using os.uptime() value
2026-10-04T12:19:53: PM2 log: App [bot-wa:0] exited with code [0] via signal [SIGINT]
2026-10-04T12:19:53: PM2 log: App [bot-wa:0] starting in -fork mode-
2026-10-04T12:19:53: PM2 log: App [bot-wa:0] online
2026-10-04T12:20:00: PM2 log: App [bot-wa:0] exited with code [0] via signal [SIGINT]
2026-10-04T12:20:00: PM2 log: App [bot-wa:0] starting in -fork mode-
2026-10-04T12:20:00: PM2 log: App [bot-wa:0] online
2026-10-04T12:20:11: PM2 log: App [bot-wa:0] exited with code [0] via signal [SIGINT]
2026-10-04T12:20:11: PM2 log: App [bot-wa:0] starting in -fork mode-
2026-10-04T12:20:11: PM2 log: App [bot-wa:0] online
2026-10-04T12:20:13: PM2 warn: [pidusage] We couldn't find uptime from /proc/uptime, using os.uptime() value
2026-10-04T12:20:13: PM2 log: Stopping app:bot-wa id:0
2026-10-04T12:20:13: PM2 log: App [bot-wa:0] exited with code [0] via signal [SIGINT]
2026-10-04T12:20:13: PM2 log: pid=7650 msg=process tree killed (1 pids)
2026-10-04T12:20:13: PM2 log: App [bot-wa:0] starting in -fork mode-
2026-10-04T12:20:13: PM2 log: App [bot-wa:0] online
2026-10-04T12:20:13: PM2 warn: [pidusage] We couldn't find uptime from /proc/uptime, using os.uptime() value
2026-10-04T12:20:14: PM2 warn: [pidusage] We couldn't find uptime from /proc/uptime, using os.uptime() value
2026-10-04T12:20:18: PM2 warn: [pidusage] We couldn't find uptime from /proc/uptime, using os.uptime() value
2026-10-04T12:20:23: PM2 log: App [bot-wa:0] exited with code [0] via signal [SIGINT]
2026-10-04T12:20:23: PM2 log: App [bot-wa:0] starting in -fork mode-
2026-10-04T12:20:23: PM2 log: App [bot-wa:0] online
2026-10-04T12:20:33: PM2 log: App [bot-wa:0] exited with code [0] via signal [SIGINT]
2026-10-04T12:20:33: PM2 log: App [bot-wa:0] starting in -fork mode-
2026-10-04T12:20:33: PM2 log: App [bot-wa:0] online
2026-10-04T12:20:39: PM2 log: App [bot-wa:0] exited with code [0] via signal [SIGINT]
2026-10-04T12:20:39: PM2 log: App [bot-wa:0] starting in -fork mode-
2026-10-04T12:20:39: PM2 log: App [bot-wa:0] online
2026-10-04T12:20:48: PM2 warn: [pidusage] We couldn't find uptime from /proc/uptime, using os.uptime() value
2026-10-04T12:20:49: PM2 log: App [bot-wa:0] exited with code [0] via signal [SIGINT]
2026-10-04T12:20:49: PM2 log: App [bot-wa:0] starting in -fork mode-
2026-10-04T12:20:49: PM2 log: App [bot-wa:0] online
2026-10-04T12:20:59: PM2 log: App [bot-wa:0] exited with code [0] via signal [SIGINT]
2026-10-04T12:20:59: PM2 log: App [bot-wa:0] starting in -fork mode-
2026-10-04T12:20:59: PM2 log: App [bot-wa:0] online
2026-10-04T12:21:08: PM2 log: App [bot-wa:0] exited with code [0] via signal [SIGINT]
2026-10-04T12:21:08: PM2 log: App [bot-wa:0] starting in -fork mode-
2026-10-04T12:21:08: PM2 log: App [bot-wa:0] online
2026-10-04T12:21:15: PM2 log: App [bot-wa:0] exited with code [0] via signal [SIGINT]
2026-10-04T12:21:15: PM2 log: App [bot-wa:0] starting in -fork mode-
2026-10-04T12:21:15: PM2 log: App [bot-wa:0] online
2026-10-04T12:21:18: PM2 warn: [pidusage] We couldn't find uptime from /proc/uptime, using os.uptime() value
2026-10-04T12:21:22: PM2 log: App [bot-wa:0] exited with code [0] via signal [SIGINT]
2026-10-04T12:21:22: PM2 log: App [bot-wa:0] starting in -fork mode-
2026-10-04T12:21:22: PM2 log: App [bot-wa:0] online
2026-10-04T12:21:31: PM2 log: App [bot-wa:0] exited with code [0] via signal [SIGINT]
2026-10-04T12:21:31: PM2 log: App [bot-wa:0] starting in -fork mode-
2026-10-04T12:21:31: PM2 log: App [bot-wa:0] online
2026-10-04T12:21:41: PM2 log: App [bot-wa:0] exited with code [0] via signal [SIGINT]
2026-10-04T12:21:41: PM2 log: App [bot-wa:0] starting in -fork mode-
2026-10-04T12:21:41: PM2 log: App [bot-wa:0] online
2026-10-04T12:21:48: PM2 warn: [pidusage] We couldn't find uptime from /proc/uptime, using os.uptime() value
2026-10-04T12:21:51: PM2 log: App [bot-wa:0] exited with code [0] via signal [SIGINT]
2026-10-04T12:21:51: PM2 log: App [bot-wa:0] starting in -fork mode-
2026-10-04T12:21:51: PM2 log: App [bot-wa:0] online
2026-10-04T12:21:57: PM2 log: App [bot-wa:0] exited with code [0] via signal [SIGINT]
2026-10-04T12:21:57: PM2 log: App [bot-wa:0] starting in -fork mode-
2026-10-04T12:21:57: PM2 log: App [bot-wa:0] online
2026-10-04T12:22:04: PM2 log: App [bot-wa:0] exited with code [0] via signal [SIGINT]
2026-10-04T12:22:04: PM2 log: App [bot-wa:0] starting in -fork mode-
2026-10-04T12:22:04: PM2 log: App [bot-wa:0] online
2026-10-04T12:22:11: PM2 log: App [bot-wa:0] exited with code [0] via signal [SIGINT]
2026-10-04T12:22:11: PM2 log: App [bot-wa:0] starting in -fork mode-
2026-10-04T12:22:11: PM2 log: App [bot-wa:0] online
2026-10-04T12:22:17: PM2 log: App [bot-wa:0] exited with code [0] via signal [SIGINT]
2026-10-04T12:22:17: PM2 log: App [bot-wa:0] starting in -fork mode-
2026-10-04T12:22:17: PM2 log: App [bot-wa:0] online
2026-10-04T12:22:18: PM2 warn: [pidusage] We couldn't find uptime from /proc/uptime, using os.uptime() value
2026-10-04T12:22:27: PM2 log: App [bot-wa:0] exited with code [0] via signal [SIGINT]
2026-10-04T12:22:27: PM2 log: App [bot-wa:0] starting in -fork mode-
2026-10-04T12:22:27: PM2 log: App [bot-wa:0] online
2026-10-04T12:22:37: PM2 log: App [bot-wa:0] exited with code [0] via signal [SIGINT]
2026-10-04T12:22:37: PM2 log: App [bot-wa:0] starting in -fork mode-
2026-10-04T12:22:37: PM2 log: App [bot-wa:0] online
2026-10-04T12:22:37: PM2 warn: [pidusage] We couldn't find uptime from /proc/uptime, using os.uptime() value
2026-10-04T12:22:37: PM2 log: Stopping app:bot-wa id:0
2026-10-04T12:22:37: PM2 log: App [bot-wa:0] exited with code [0] via signal [SIGINT]
2026-10-04T12:22:37: PM2 log: pid=8695 msg=process tree killed (1 pids)
2026-10-04T12:22:37: PM2 log: App [bot-wa:0] starting in -fork mode-
2026-10-04T12:22:37: PM2 log: App [bot-wa:0] online
2026-10-04T12:22:37: PM2 warn: [pidusage] We couldn't find uptime from /proc/uptime, using os.uptime() value
2026-10-04T12:22:39: PM2 warn: [pidusage] We couldn't find uptime from /proc/uptime, using os.uptime() value
2026-10-04T12:22:44: PM2 log: App [bot-wa:0] exited with code [0] via signal [SIGINT]
2026-10-04T12:22:44: PM2 log: App [bot-wa:0] starting in -fork mode-
2026-10-04T12:22:44: PM2 log: App [bot-wa:0] online
2026-10-04T12:22:48: PM2 warn: [pidusage] We couldn't find uptime from /proc/uptime, using os.uptime() value
2026-10-04T12:22:54: PM2 log: App [bot-wa:0] exited with code [0] via signal [SIGINT]
2026-10-04T12:22:54: PM2 log: App [bot-wa:0] starting in -fork mode-
2026-10-04T12:22:54: PM2 log: App [bot-wa:0] online
2026-10-04T12:22:59: PM2 warn: [pidusage] We couldn't find uptime from /proc/uptime, using os.uptime() value
2026-10-04T12:22:59: PM2 warn: [pidusage] We couldn't find uptime from /proc/uptime, using os.uptime() value
2026-10-04T12:23:00: PM2 log: App [bot-wa:0] exited with code [0] via signal [SIGINT]
2026-10-04T12:23:00: PM2 log: App [bot-wa:0] starting in -fork mode-
2026-10-04T12:23:00: PM2 log: App [bot-wa:0] online
2026-10-04T12:23:10: PM2 log: App [bot-wa:0] exited with code [0] via signal [SIGINT]
2026-10-04T12:23:10: PM2 log: App [bot-wa:0] starting in -fork mode-
2026-10-04T12:23:10: PM2 log: App [bot-wa:0] online
2026-10-04T12:23:17: PM2 warn: [pidusage] We couldn't find uptime from /proc/uptime, using os.uptime() value
2026-10-04T12:23:18: PM2 warn: [pidusage] We couldn't find uptime from /proc/uptime, using os.uptime() value
2026-10-04T12:23:20: PM2 log: App [bot-wa:0] exited with code [0] via signal [SIGINT]
2026-10-04T12:23:20: PM2 log: App [bot-wa:0] starting in -fork mode-
2026-10-04T12:23:20: PM2 log: App [bot-wa:0] online
2026-10-04T12:23:26: PM2 log: App [bot-wa:0] exited with code [0] via signal [SIGINT]
2026-10-04T12:23:26: PM2 log: App [bot-wa:0] starting in -fork mode-
2026-10-04T12:23:26: PM2 log: App [bot-wa:0] online
2026-10-04T12:23:31: PM2 warn: [pidusage] We couldn't find uptime from /proc/uptime, using os.uptime() value
2026-10-04T12:23:31: PM2 log: Stopping app:bot-wa id:0
2026-10-04T12:23:31: PM2 log: App [bot-wa:0] exited with code [0] via signal [SIGINT]
2026-10-04T12:23:31: PM2 log: pid=9223 msg=process tree killed (1 pids)
2026-10-04T12:28:16: PM2 log: App [bot-wa:0] starting in -fork mode-
2026-10-04T12:28:16: PM2 log: App [bot-wa:0] online
2026-10-04T12:28:16: PM2 warn: [pidusage] We couldn't find uptime from /proc/uptime, using os.uptime() value
2026-10-04T12:28:17: PM2 warn: [pidusage] We couldn't find uptime from /proc/uptime, using os.uptime() value
2026-10-04T12:28:19: PM2 warn: [pidusage] We couldn't find uptime from /proc/uptime, using os.uptime() value
2026-10-04T12:28:49: PM2 warn: [pidusage] We couldn't find uptime from /proc/uptime, using os.uptime() value
2026-10-04T12:29:19: PM2 warn: [pidusage] We couldn't find uptime from /proc/uptime, using os.uptime() value
2026-10-04T12:29:49: PM2 warn: [pidusage] We couldn't find uptime from /proc/uptime, using os.uptime() value
2026-10-04T12:30:19: PM2 warn: [pidusage] We couldn't find uptime from /proc/uptime, using os.uptime() value
2026-10-04T12:30:49: PM2 warn: [pidusage] We couldn't find uptime from /proc/uptime, using os.uptime() value
2026-10-04T12:31:19: PM2 warn: [pidusage] We couldn't find uptime from /proc/uptime, using os.uptime() value
2026-10-04T12:31:49: PM2 warn: [pidusage] We couldn't find uptime from /proc/uptime, using os.uptime() value
2026-10-04T12:31:49: PM2 warn: [pidusage] We couldn't find uptime from /proc/uptime, using os.uptime() value
2026-10-04T12:31:49: PM2 log: Stopping app:bot-wa id:0
2026-10-04T12:31:49: PM2 log: App [bot-wa:0] exited with code [0] via signal [SIGINT]
2026-10-04T12:31:49: PM2 log: pid=10957 msg=process tree killed (1 pids)
2026-10-04T12:31:49: PM2 log: App [bot-wa:0] starting in -fork mode-
2026-10-04T12:31:49: PM2 log: App [bot-wa:0] online
2026-10-04T12:31:49: PM2 warn: [pidusage] We couldn't find uptime from /proc/uptime, using os.uptime() value
2026-10-04T12:31:50: PM2 warn: [pidusage] We couldn't find uptime from /proc/uptime, using os.uptime() value
2026-10-04T12:32:19: PM2 warn: [pidusage] We couldn't find uptime from /proc/uptime, using os.uptime() value
2026-10-04T12:32:49: PM2 warn: [pidusage] We couldn't find uptime from /proc/uptime, using os.uptime() value
2026-10-04T12:33:19: PM2 warn: [pidusage] We couldn't find uptime from /proc/uptime, using os.uptime() value
2026-10-04T12:33:30: PM2 warn: [pidusage] We couldn't find uptime from /proc/uptime, using os.uptime() value
2026-10-04T12:33:30: PM2 log: Stopping app:bot-wa id:0
2026-10-04T12:33:30: PM2 log: App [bot-wa:0] exited with code [0] via signal [SIGINT]
2026-10-04T12:33:30: PM2 log: pid=11584 msg=process tree killed (1 pids)
2026-10-04T12:33:30: PM2 log: App [bot-wa:0] starting in -fork mode-
2026-10-04T12:33:30: PM2 log: App [bot-wa:0] online
2026-10-04T12:33:30: PM2 warn: [pidusage] We couldn't find uptime from /proc/uptime, using os.uptime() value
2026-10-04T12:33:31: PM2 warn: [pidusage] We couldn't find uptime from /proc/uptime, using os.uptime() value
2026-10-04T12:33:49: PM2 warn: [pidusage] We couldn't find uptime from /proc/uptime, using os.uptime() value
2026-10-04T12:34:21: PM2 warn: [pidusage] We couldn't find uptime from /proc/uptime, using os.uptime() value
2026-10-04T12:34:51: PM2 warn: [pidusage] We couldn't find uptime from /proc/uptime, using os.uptime() value
2026-10-04T12:34:56: PM2 warn: [pidusage] We couldn't find uptime from /proc/uptime, using os.uptime() value
2026-10-04T12:34:56: PM2 log: Stopping app:bot-wa id:0
2026-10-04T12:34:56: PM2 log: App [bot-wa:0] exited with code [0] via signal [SIGINT]
2026-10-04T12:34:56: PM2 log: pid=12347 msg=process tree killed (1 pids)
2026-10-04T12:34:56: PM2 log: App [bot-wa:0] starting in -fork mode-
2026-10-04T12:34:56: PM2 log: App [bot-wa:0] online
2026-10-04T12:34:56: PM2 warn: [pidusage] We couldn't find uptime from /proc/uptime, using os.uptime() value
2026-10-04T12:34:57: PM2 warn: [pidusage] We couldn't find uptime from /proc/uptime, using os.uptime() value
2026-10-04T12:35:21: PM2 warn: [pidusage] We couldn't find uptime from /proc/uptime, using os.uptime() value
2026-10-04T12:35:27: PM2 warn: [pidusage] We couldn't find uptime from /proc/uptime, using os.uptime() value
2026-10-04T12:35:27: PM2 warn: [pidusage] We couldn't find uptime from /proc/uptime, using os.uptime() value
2026-10-04T12:35:38: PM2 warn: [pidusage] We couldn't find uptime from /proc/uptime, using os.uptime() value
2026-10-04T12:35:51: PM2 warn: [pidusage] We couldn't find uptime from /proc/uptime, using os.uptime() value
2026-10-04T12:35:55: PM2 warn: [pidusage] We couldn't find uptime from /proc/uptime, using os.uptime() value
2026-10-04T12:35:55: PM2 log: Stopping app:bot-wa id:0
2026-10-04T12:35:55: PM2 log: App [bot-wa:0] exited with code [0] via signal [SIGINT]
2026-10-04T12:35:55: PM2 log: pid=13272 msg=process tree killed (1 pids)
2026-10-04T12:35:55: PM2 log: App [bot-wa:0] starting in -fork mode-
2026-10-04T12:35:55: PM2 log: App [bot-wa:0] online
2026-10-04T12:35:55: PM2 warn: [pidusage] We couldn't find uptime from /proc/uptime, using os.uptime() value
2026-10-04T12:35:56: PM2 warn: [pidusage] We couldn't find uptime from /proc/uptime, using os.uptime() value
2026-10-04T12:36:21: PM2 warn: [pidusage] We couldn't find uptime from /proc/uptime, using os.uptime() value
2026-10-04T12:36:51: PM2 warn: [pidusage] We couldn't find uptime from /proc/uptime, using os.uptime() value
2026-10-04T12:37:21: PM2 warn: [pidusage] We couldn't find uptime from /proc/uptime, using os.uptime() value
2026-10-04T12:37:32: PM2 warn: [pidusage] We couldn't find uptime from /proc/uptime, using os.uptime() value
2026-10-04T12:37:32: PM2 log: Stopping app:bot-wa id:0
2026-10-04T12:37:32: PM2 log: App [bot-wa:0] exited with code [0] via signal [SIGINT]
2026-10-04T12:37:32: PM2 log: pid=13689 msg=process tree killed (1 pids)
2026-10-04T12:37:32: PM2 log: PM2 successfully stopped
2026-10-04T12:37:49: PM2 log: ===============================================================================
2026-10-04T12:37:49: PM2 log: --- New PM2 Daemon started ----------------------------------------------------
2026-10-04T12:37:49: PM2 log: Time                 : Sun Oct 04 2026 12:37:49 GMT+0700 (Western Indonesia Time)
2026-10-04T12:37:49: PM2 log: PM2 version          : 7.0.4
2026-10-04T12:37:49: PM2 log: Node.js version      : 26.4.0
2026-10-04T12:37:49: PM2 log: Current arch         : arm64
2026-10-04T12:37:49: PM2 log: PM2 home             : /data/data/com.termux/files/home/.pm2
2026-10-04T12:37:49: PM2 log: PM2 PID file         : /data/data/com.termux/files/home/.pm2/pm2.pid
2026-10-04T12:37:49: PM2 log: RPC socket file      : /data/data/com.termux/files/home/.pm2/rpc.sock
2026-10-04T12:37:49: PM2 log: BUS socket file      : /data/data/com.termux/files/home/.pm2/pub.sock
2026-10-04T12:37:49: PM2 log: Application log path : /data/data/com.termux/files/home/.pm2/logs
2026-10-04T12:37:49: PM2 log: Worker Interval      : 30000
2026-10-04T12:37:49: PM2 log: Process dump file    : /data/data/com.termux/files/home/.pm2/dump.pm2
2026-10-04T12:37:49: PM2 log: Concurrent actions   : 2
2026-10-04T12:37:49: PM2 log: SIGTERM timeout      : 1600
2026-10-04T12:37:49: PM2 log: Runtime Binary       : /data/data/com.termux/files/usr/bin/node
2026-10-04T12:37:49: PM2 log: ===============================================================================
2026-10-04T12:37:49: PM2 log: App [bot-wa:0] starting in -fork mode-
2026-10-04T12:37:49: PM2 log: App [bot-wa:0] online
2026-10-04T12:37:49: PM2 warn: [pidusage] We couldn't find uptime from /proc/uptime, using os.uptime() value
2026-10-04T12:37:49: PM2 error: Error while calling "getconf PAGESIZE" Error: Command failed: getconf PAGESIZE
/data/data/com.termux/files/usr/bin/sh: 1: getconf: not found

    at genericNodeError (node:internal/errors:998:15)
    at wrappedFn (node:internal/errors:543:14)
    at ChildProcess.exithandler (node:child_process:417:12)
    at ChildProcess.emit (node:events:509:20)
    at ChildProcess.emit (node:domain:536:15)
    at maybeClose (node:internal/child_process:1125:16)
    at Socket.<anonymous> (node:internal/child_process:497:11)
    at Socket.emit (node:events:509:20)
    at Socket.emit (node:domain:536:15)
    at Pipe.<anonymous> (node:net:355:12) {
  code: 127,
  killed: false,
  signal: null,
  cmd: 'getconf PAGESIZE'
}
2026-10-04T12:37:49: PM2 error: Error while calling "getconf CLK_TCK" Error: Command failed: getconf CLK_TCK
/data/data/com.termux/files/usr/bin/sh: 1: getconf: not found

    at genericNodeError (node:internal/errors:998:15)
    at wrappedFn (node:internal/errors:543:14)
    at ChildProcess.exithandler (node:child_process:417:12)
    at ChildProcess.emit (node:events:509:20)
    at ChildProcess.emit (node:domain:536:15)
    at maybeClose (node:internal/child_process:1125:16)
    at Socket.<anonymous> (node:internal/child_process:497:11)
    at Socket.emit (node:events:509:20)
    at Socket.emit (node:domain:536:15)
    at Pipe.<anonymous> (node:net:355:12) {
  code: 127,
  killed: false,
  signal: null,
  cmd: 'getconf CLK_TCK'
}
2026-10-04T12:37:50: PM2 warn: [pidusage] We couldn't find uptime from /proc/uptime, using os.uptime() value
2026-10-04T12:38:20: PM2 warn: [pidusage] We couldn't find uptime from /proc/uptime, using os.uptime() value
2026-10-04T12:38:50: PM2 warn: [pidusage] We couldn't find uptime from /proc/uptime, using os.uptime() value
2026-10-04T12:40:59: PM2 warn: [pidusage] We couldn't find uptime from /proc/uptime, using os.uptime() value
2026-10-04T12:41:29: PM2 warn: [pidusage] We couldn't find uptime from /proc/uptime, using os.uptime() value
2026-10-04T12:41:51: PM2 warn: [pidusage] We couldn't find uptime from /proc/uptime, using os.uptime() value
2026-10-04T12:41:51: PM2 log: Stopping app:bot-wa id:0
2026-10-04T12:41:51: PM2 log: App [bot-wa:0] exited with code [0] via signal [SIGINT]
2026-10-04T12:41:51: PM2 log: pid=15061 msg=process tree killed (1 pids)
2026-10-04T12:41:52: PM2 log: PM2 successfully stopped
2026-10-04T12:43:47: PM2 log: ===============================================================================
2026-10-04T12:43:47: PM2 log: --- New PM2 Daemon started ----------------------------------------------------
2026-10-04T12:43:47: PM2 log: Time                 : Sun Oct 04 2026 12:43:47 GMT+0700 (Western Indonesia Time)
2026-10-04T12:43:47: PM2 log: PM2 version          : 7.0.4
2026-10-04T12:43:47: PM2 log: Node.js version      : 26.4.0
2026-10-04T12:43:47: PM2 log: Current arch         : arm64
2026-10-04T12:43:47: PM2 log: PM2 home             : /data/data/com.termux/files/home/.pm2
2026-10-04T12:43:47: PM2 log: PM2 PID file         : /data/data/com.termux/files/home/.pm2/pm2.pid
2026-10-04T12:43:47: PM2 log: RPC socket file      : /data/data/com.termux/files/home/.pm2/rpc.sock
2026-10-04T12:43:47: PM2 log: BUS socket file      : /data/data/com.termux/files/home/.pm2/pub.sock
2026-10-04T12:43:47: PM2 log: Application log path : /data/data/com.termux/files/home/.pm2/logs
2026-10-04T12:43:47: PM2 log: Worker Interval      : 30000
2026-10-04T12:43:47: PM2 log: Process dump file    : /data/data/com.termux/files/home/.pm2/dump.pm2
2026-10-04T12:43:47: PM2 log: Concurrent actions   : 2
2026-10-04T12:43:47: PM2 log: SIGTERM timeout      : 1600
2026-10-04T12:43:47: PM2 log: Runtime Binary       : /data/data/com.termux/files/usr/bin/node
2026-10-04T12:43:47: PM2 log: ===============================================================================
2026-10-04T12:43:47: PM2 log: PM2 successfully stopped
2026-10-04T12:45:52: PM2 log: ===============================================================================
2026-10-04T12:45:52: PM2 log: --- New PM2 Daemon started ----------------------------------------------------
2026-10-04T12:45:52: PM2 log: Time                 : Sun Oct 04 2026 12:45:52 GMT+0700 (Western Indonesia Time)
2026-10-04T12:45:52: PM2 log: PM2 version          : 7.0.4
2026-10-04T12:45:52: PM2 log: Node.js version      : 26.4.0
2026-10-04T12:45:52: PM2 log: Current arch         : arm64
2026-10-04T12:45:52: PM2 log: PM2 home             : /data/data/com.termux/files/home/.pm2
2026-10-04T12:45:52: PM2 log: PM2 PID file         : /data/data/com.termux/files/home/.pm2/pm2.pid
2026-10-04T12:45:52: PM2 log: RPC socket file      : /data/data/com.termux/files/home/.pm2/rpc.sock
2026-10-04T12:45:52: PM2 log: BUS socket file      : /data/data/com.termux/files/home/.pm2/pub.sock
2026-10-04T12:45:52: PM2 log: Application log path : /data/data/com.termux/files/home/.pm2/logs
2026-10-04T12:45:52: PM2 log: Worker Interval      : 30000
2026-10-04T12:45:52: PM2 log: Process dump file    : /data/data/com.termux/files/home/.pm2/dump.pm2
2026-10-04T12:45:52: PM2 log: Concurrent actions   : 2
2026-10-04T12:45:52: PM2 log: SIGTERM timeout      : 1600
2026-10-04T12:45:52: PM2 log: Runtime Binary       : /data/data/com.termux/files/usr/bin/node
2026-10-04T12:45:52: PM2 log: ===============================================================================
2026-10-04T12:45:52: PM2 log: App [bot-wa:0] starting in -fork mode-
2026-10-04T12:45:53: PM2 log: App [bot-wa:0] online
2026-10-04T12:45:53: PM2 warn: [pidusage] We couldn't find uptime from /proc/uptime, using os.uptime() value
2026-10-04T12:45:53: PM2 error: Error while calling "getconf CLK_TCK" Error: Command failed: getconf CLK_TCK
/data/data/com.termux/files/usr/bin/sh: 1: getconf: not found

    at genericNodeError (node:internal/errors:998:15)
    at wrappedFn (node:internal/errors:543:14)
    at ChildProcess.exithandler (node:child_process:417:12)
    at ChildProcess.emit (node:events:509:20)
    at ChildProcess.emit (node:domain:536:15)
    at maybeClose (node:internal/child_process:1125:16)
    at Socket.<anonymous> (node:internal/child_process:497:11)
    at Socket.emit (node:events:509:20)
    at Socket.emit (node:domain:536:15)
    at Pipe.<anonymous> (node:net:355:12) {
  code: 127,
  killed: false,
  signal: null,
  cmd: 'getconf CLK_TCK'
}
2026-10-04T12:45:53: PM2 error: Error while calling "getconf PAGESIZE" Error: Command failed: getconf PAGESIZE
/data/data/com.termux/files/usr/bin/sh: 1: getconf: not found

    at genericNodeError (node:internal/errors:998:15)
    at wrappedFn (node:internal/errors:543:14)
    at ChildProcess.exithandler (node:child_process:417:12)
    at ChildProcess.emit (node:events:509:20)
    at ChildProcess.emit (node:domain:536:15)
    at maybeClose (node:internal/child_process:1125:16)
    at Socket.<anonymous> (node:internal/child_process:497:11)
    at Socket.emit (node:events:509:20)
    at Socket.emit (node:domain:536:15)
    at Pipe.<anonymous> (node:net:355:12) {
  code: 127,
  killed: false,
  signal: null,
  cmd: 'getconf PAGESIZE'
}
2026-10-04T12:45:54: PM2 warn: [pidusage] We couldn't find uptime from /proc/uptime, using os.uptime() value
2026-10-04T12:46:23: PM2 warn: [pidusage] We couldn't find uptime from /proc/uptime, using os.uptime() value
2026-10-04T12:46:53: PM2 warn: [pidusage] We couldn't find uptime from /proc/uptime, using os.uptime() value
2026-10-04T12:47:23: PM2 warn: [pidusage] We couldn't find uptime from /proc/uptime, using os.uptime() value
2026-10-04T12:47:53: PM2 warn: [pidusage] We couldn't find uptime from /proc/uptime, using os.uptime() value
2026-10-04T12:48:21: PM2 warn: [pidusage] We couldn't find uptime from /proc/uptime, using os.uptime() value
2026-10-04T12:48:21: PM2 log: Stopping app:bot-wa id:0
2026-10-04T12:48:21: PM2 log: App [bot-wa:0] exited with code [0] via signal [SIGINT]
2026-10-04T12:48:21: PM2 log: pid=17366 msg=process tree killed (1 pids)
2026-10-04T12:48:21: PM2 log: App [bot-wa:0] starting in -fork mode-
2026-10-04T12:48:21: PM2 log: App [bot-wa:0] online
2026-10-04T12:48:21: PM2 warn: [pidusage] We couldn't find uptime from /proc/uptime, using os.uptime() value
2026-10-04T12:48:22: PM2 warn: [pidusage] We couldn't find uptime from /proc/uptime, using os.uptime() value
2026-10-04T12:48:23: PM2 warn: [pidusage] We couldn't find uptime from /proc/uptime, using os.uptime() value
2026-10-04T12:48:53: PM2 warn: [pidusage] We couldn't find uptime from /proc/uptime, using os.uptime() value
2026-10-04T12:49:23: PM2 warn: [pidusage] We couldn't find uptime from /proc/uptime, using os.uptime() value
2026-10-04T12:49:53: PM2 warn: [pidusage] We couldn't find uptime from /proc/uptime, using os.uptime() value
2026-10-04T12:50:23: PM2 warn: [pidusage] We couldn't find uptime from /proc/uptime, using os.uptime() value
2026-10-04T12:50:53: PM2 warn: [pidusage] We couldn't find uptime from /proc/uptime, using os.uptime() value
2026-10-04T12:51:23: PM2 warn: [pidusage] We couldn't find uptime from /proc/uptime, using os.uptime() value
2026-10-04T12:51:53: PM2 warn: [pidusage] We couldn't find uptime from /proc/uptime, using os.uptime() value
2026-10-04T12:52:23: PM2 warn: [pidusage] We couldn't find uptime from /proc/uptime, using os.uptime() value
2026-10-04T12:52:53: PM2 warn: [pidusage] We couldn't find uptime from /proc/uptime, using os.uptime() value
2026-10-04T12:53:02: PM2 warn: [pidusage] We couldn't find uptime from /proc/uptime, using os.uptime() value
2026-10-04T12:53:02: PM2 log: Stopping app:bot-wa id:0
2026-10-04T12:53:02: PM2 log: App [bot-wa:0] exited with code [0] via signal [SIGINT]
2026-10-04T12:53:02: PM2 log: pid=17893 msg=process tree killed (1 pids)
2026-10-04T12:53:02: PM2 log: App [bot-wa:0] starting in -fork mode-
2026-10-04T12:53:02: PM2 log: App [bot-wa:0] online
2026-10-04T12:53:02: PM2 warn: [pidusage] We couldn't find uptime from /proc/uptime, using os.uptime() value
2026-10-04T12:53:03: PM2 warn: [pidusage] We couldn't find uptime from /proc/uptime, using os.uptime() value
2026-10-04T12:53:23: PM2 warn: [pidusage] We couldn't find uptime from /proc/uptime, using os.uptime() value
2026-10-04T12:53:53: PM2 warn: [pidusage] We couldn't find uptime from /proc/uptime, using os.uptime() value
2026-10-04T12:54:23: PM2 warn: [pidusage] We couldn't find uptime from /proc/uptime, using os.uptime() value
2026-10-04T12:54:53: PM2 warn: [pidusage] We couldn't find uptime from /proc/uptime, using os.uptime() value
2026-10-04T12:55:23: PM2 warn: [pidusage] We couldn't find uptime from /proc/uptime, using os.uptime() value
2026-10-04T12:55:53: PM2 warn: [pidusage] We couldn't find uptime from /proc/uptime, using os.uptime() value
2026-10-04T12:56:23: PM2 warn: [pidusage] We couldn't find uptime from /proc/uptime, using os.uptime() value
2026-10-04T12:56:53: PM2 warn: [pidusage] We couldn't find uptime from /proc/uptime, using os.uptime() value
2026-10-04T12:57:06: PM2 warn: [pidusage] We couldn't find uptime from /proc/uptime, using os.uptime() value
2026-10-04T12:57:06: PM2 log: Stopping app:bot-wa id:0
2026-10-04T12:57:06: PM2 log: App [bot-wa:0] exited with code [0] via signal [SIGINT]
2026-10-04T12:57:06: PM2 log: pid=19442 msg=process tree killed (1 pids)
2026-10-04T12:57:06: PM2 log: App [bot-wa:0] starting in -fork mode-
2026-10-04T12:57:06: PM2 log: App [bot-wa:0] online
2026-10-04T12:57:06: PM2 warn: [pidusage] We couldn't find uptime from /proc/uptime, using os.uptime() value
2026-10-04T12:57:07: PM2 warn: [pidusage] We couldn't find uptime from /proc/uptime, using os.uptime() value
2026-10-04T12:57:23: PM2 warn: [pidusage] We couldn't find uptime from /proc/uptime, using os.uptime() value
2026-10-04T12:57:53: PM2 warn: [pidusage] We couldn't find uptime from /proc/uptime, using os.uptime() value
2026-10-04T12:58:23: PM2 warn: [pidusage] We couldn't find uptime from /proc/uptime, using os.uptime() value
2026-10-04T12:58:53: PM2 warn: [pidusage] We couldn't find uptime from /proc/uptime, using os.uptime() value
2026-10-04T12:59:23: PM2 warn: [pidusage] We couldn't find uptime from /proc/uptime, using os.uptime() value
2026-10-04T12:59:53: PM2 warn: [pidusage] We couldn't find uptime from /proc/uptime, using os.uptime() value
2026-10-04T13:00:23: PM2 warn: [pidusage] We couldn't find uptime from /proc/uptime, using os.uptime() value
2026-10-04T13:02:19: PM2 warn: [pidusage] We couldn't find uptime from /proc/uptime, using os.uptime() value
2026-10-04T13:02:49: PM2 warn: [pidusage] We couldn't find uptime from /proc/uptime, using os.uptime() value
2026-10-04T13:03:19: PM2 warn: [pidusage] We couldn't find uptime from /proc/uptime, using os.uptime() value
2026-10-04T13:03:49: PM2 warn: [pidusage] We couldn't find uptime from /proc/uptime, using os.uptime() value
2026-10-04T13:04:19: PM2 warn: [pidusage] We couldn't find uptime from /proc/uptime, using os.uptime() value
2026-10-04T13:04:49: PM2 warn: [pidusage] We couldn't find uptime from /proc/uptime, using os.uptime() value
2026-10-04T13:05:19: PM2 warn: [pidusage] We couldn't find uptime from /proc/uptime, using os.uptime() value
2026-10-04T13:05:49: PM2 warn: [pidusage] We couldn't find uptime from /proc/uptime, using os.uptime() value
2026-10-04T13:06:19: PM2 warn: [pidusage] We couldn't find uptime from /proc/uptime, using os.uptime() value
2026-10-04T13:06:49: PM2 warn: [pidusage] We couldn't find uptime from /proc/uptime, using os.uptime() value
2026-10-04T13:07:19: PM2 warn: [pidusage] We couldn't find uptime from /proc/uptime, using os.uptime() value
2026-10-04T13:07:49: PM2 warn: [pidusage] We couldn't find uptime from /proc/uptime, using os.uptime() value
2026-10-04T13:08:19: PM2 warn: [pidusage] We couldn't find uptime from /proc/uptime, using os.uptime() value
2026-10-04T13:08:49: PM2 warn: [pidusage] We couldn't find uptime from /proc/uptime, using os.uptime() value
2026-10-04T13:09:19: PM2 warn: [pidusage] We couldn't find uptime from /proc/uptime, using os.uptime() value
2026-10-04T13:09:49: PM2 warn: [pidusage] We couldn't find uptime from /proc/uptime, using os.uptime() value
2026-10-04T13:10:19: PM2 warn: [pidusage] We couldn't find uptime from /proc/uptime, using os.uptime() value
2026-10-04T13:10:49: PM2 warn: [pidusage] We couldn't find uptime from /proc/uptime, using os.uptime() value
2026-10-04T13:11:19: PM2 warn: [pidusage] We couldn't find uptime from /proc/uptime, using os.uptime() value
2026-10-04T13:11:49: PM2 warn: [pidusage] We couldn't find uptime from /proc/uptime, using os.uptime() value
2026-10-04T13:12:19: PM2 warn: [pidusage] We couldn't find uptime from /proc/uptime, using os.uptime() value
2026-10-04T13:12:49: PM2 warn: [pidusage] We couldn't find uptime from /proc/uptime, using os.uptime() value
2026-10-04T13:13:19: PM2 warn: [pidusage] We couldn't find uptime from /proc/uptime, using os.uptime() value
2026-10-04T13:13:49: PM2 warn: [pidusage] We couldn't find uptime from /proc/uptime, using os.uptime() value
2026-10-04T13:14:19: PM2 warn: [pidusage] We couldn't find uptime from /proc/uptime, using os.uptime() value
2026-10-04T13:14:49: PM2 warn: [pidusage] We couldn't find uptime from /proc/uptime, using os.uptime() value
2026-10-04T13:15:19: PM2 warn: [pidusage] We couldn't find uptime from /proc/uptime, using os.uptime() value
2026-10-04T13:15:49: PM2 warn: [pidusage] We couldn't find uptime from /proc/uptime, using os.uptime() value
2026-10-04T13:16:19: PM2 warn: [pidusage] We couldn't find uptime from /proc/uptime, using os.uptime() value
2026-10-04T13:16:49: PM2 warn: [pidusage] We couldn't find uptime from /proc/uptime, using os.uptime() value
2026-10-04T13:17:19: PM2 warn: [pidusage] We couldn't find uptime from /proc/uptime, using os.uptime() value
2026-10-04T13:17:49: PM2 warn: [pidusage] We couldn't find uptime from /proc/uptime, using os.uptime() value
2026-10-04T13:18:19: PM2 warn: [pidusage] We couldn't find uptime from /proc/uptime, using os.uptime() value
2026-10-04T13:18:49: PM2 warn: [pidusage] We couldn't find uptime from /proc/uptime, using os.uptime() value
2026-10-04T13:19:19: PM2 warn: [pidusage] We couldn't find uptime from /proc/uptime, using os.uptime() value
2026-10-04T13:19:49: PM2 warn: [pidusage] We couldn't find uptime from /proc/uptime, using os.uptime() value
2026-10-04T13:20:19: PM2 warn: [pidusage] We couldn't find uptime from /proc/uptime, using os.uptime() value
2026-10-04T13:20:49: PM2 warn: [pidusage] We couldn't find uptime from /proc/uptime, using os.uptime() value
2026-10-04T13:21:19: PM2 warn: [pidusage] We couldn't find uptime from /proc/uptime, using os.uptime() value
2026-10-04T13:21:49: PM2 warn: [pidusage] We couldn't find uptime from /proc/uptime, using os.uptime() value
2026-10-04T13:22:19: PM2 warn: [pidusage] We couldn't find uptime from /proc/uptime, using os.uptime() value
2026-10-04T13:22:49: PM2 warn: [pidusage] We couldn't find uptime from /proc/uptime, using os.uptime() value
2026-10-04T13:23:19: PM2 warn: [pidusage] We couldn't find uptime from /proc/uptime, using os.uptime() value
2026-10-04T13:23:49: PM2 warn: [pidusage] We couldn't find uptime from /proc/uptime, using os.uptime() value
2026-10-04T13:24:19: PM2 warn: [pidusage] We couldn't find uptime from /proc/uptime, using os.uptime() value
2026-10-04T13:24:49: PM2 warn: [pidusage] We couldn't find uptime from /proc/uptime, using os.uptime() value
2026-10-04T13:25:19: PM2 warn: [pidusage] We couldn't find uptime from /proc/uptime, using os.uptime() value
2026-10-04T13:25:49: PM2 warn: [pidusage] We couldn't find uptime from /proc/uptime, using os.uptime() value
2026-10-04T13:26:19: PM2 warn: [pidusage] We couldn't find uptime from /proc/uptime, using os.uptime() value
2026-10-04T13:26:49: PM2 warn: [pidusage] We couldn't find uptime from /proc/uptime, using os.uptime() value
2026-10-04T13:27:19: PM2 warn: [pidusage] We couldn't find uptime from /proc/uptime, using os.uptime() value
2026-10-04T13:27:49: PM2 warn: [pidusage] We couldn't find uptime from /proc/uptime, using os.uptime() value
2026-10-04T13:28:19: PM2 warn: [pidusage] We couldn't find uptime from /proc/uptime, using os.uptime() value
2026-10-04T13:28:49: PM2 warn: [pidusage] We couldn't find uptime from /proc/uptime, using os.uptime() value
2026-10-04T13:29:19: PM2 warn: [pidusage] We couldn't find uptime from /proc/uptime, using os.uptime() value
2026-10-04T13:29:49: PM2 warn: [pidusage] We couldn't find uptime from /proc/uptime, using os.uptime() value
2026-10-04T13:30:19: PM2 warn: [pidusage] We couldn't find uptime from /proc/uptime, using os.uptime() value
2026-10-04T13:30:49: PM2 warn: [pidusage] We couldn't find uptime from /proc/uptime, using os.uptime() value
2026-10-04T13:31:19: PM2 warn: [pidusage] We couldn't find uptime from /proc/uptime, using os.uptime() value
2026-10-04T13:31:49: PM2 warn: [pidusage] We couldn't find uptime from /proc/uptime, using os.uptime() value
2026-10-04T13:32:19: PM2 warn: [pidusage] We couldn't find uptime from /proc/uptime, using os.uptime() value
2026-10-04T13:32:49: PM2 warn: [pidusage] We couldn't find uptime from /proc/uptime, using os.uptime() value
2026-10-04T13:33:19: PM2 warn: [pidusage] We couldn't find uptime from /proc/uptime, using os.uptime() value
2026-10-04T13:33:49: PM2 warn: [pidusage] We couldn't find uptime from /proc/uptime, using os.uptime() value
2026-10-04T13:34:19: PM2 warn: [pidusage] We couldn't find uptime from /proc/uptime, using os.uptime() value
2026-10-04T13:34:49: PM2 warn: [pidusage] We couldn't find uptime from /proc/uptime, using os.uptime() value
2026-10-04T13:35:19: PM2 warn: [pidusage] We couldn't find uptime from /proc/uptime, using os.uptime() value
2026-10-04T13:35:49: PM2 warn: [pidusage] We couldn't find uptime from /proc/uptime, using os.uptime() value
2026-10-04T13:36:19: PM2 warn: [pidusage] We couldn't find uptime from /proc/uptime, using os.uptime() value
2026-10-04T13:36:49: PM2 warn: [pidusage] We couldn't find uptime from /proc/uptime, using os.uptime() value
2026-10-04T13:37:19: PM2 warn: [pidusage] We couldn't find uptime from /proc/uptime, using os.uptime() value
2026-10-04T13:37:49: PM2 warn: [pidusage] We couldn't find uptime from /proc/uptime, using os.uptime() value
2026-10-04T13:38:19: PM2 warn: [pidusage] We couldn't find uptime from /proc/uptime, using os.uptime() value
2026-10-04T13:38:49: PM2 warn: [pidusage] We couldn't find uptime from /proc/uptime, using os.uptime() value
2026-10-04T13:39:19: PM2 warn: [pidusage] We couldn't find uptime from /proc/uptime, using os.uptime() value
2026-10-04T13:39:49: PM2 warn: [pidusage] We couldn't find uptime from /proc/uptime, using os.uptime() value
2026-10-04T13:40:19: PM2 warn: [pidusage] We couldn't find uptime from /proc/uptime, using os.uptime() value
2026-10-04T13:40:49: PM2 warn: [pidusage] We couldn't find uptime from /proc/uptime, using os.uptime() value
2026-10-04T13:41:19: PM2 warn: [pidusage] We couldn't find uptime from /proc/uptime, using os.uptime() value
2026-10-04T13:41:49: PM2 warn: [pidusage] We couldn't find uptime from /proc/uptime, using os.uptime() value
2026-10-04T13:42:19: PM2 warn: [pidusage] We couldn't find uptime from /proc/uptime, using os.uptime() value
2026-10-04T13:42:49: PM2 warn: [pidusage] We couldn't find uptime from /proc/uptime, using os.uptime() value
2026-10-04T13:43:19: PM2 warn: [pidusage] We couldn't find uptime from /proc/uptime, using os.uptime() value
2026-10-04T13:43:49: PM2 warn: [pidusage] We couldn't find uptime from /proc/uptime, using os.uptime() value
2026-10-04T13:44:19: PM2 warn: [pidusage] We couldn't find uptime from /proc/uptime, using os.uptime() value
2026-10-04T13:44:49: PM2 warn: [pidusage] We couldn't find uptime from /proc/uptime, using os.uptime() value
2026-10-04T13:45:19: PM2 warn: [pidusage] We couldn't find uptime from /proc/uptime, using os.uptime() value
2026-10-04T13:45:49: PM2 warn: [pidusage] We couldn't find uptime from /proc/uptime, using os.uptime() value
2026-10-04T13:46:19: PM2 warn: [pidusage] We couldn't find uptime from /proc/uptime, using os.uptime() value
2026-10-04T13:46:49: PM2 warn: [pidusage] We couldn't find uptime from /proc/uptime, using os.uptime() value
2026-10-04T13:47:19: PM2 warn: [pidusage] We couldn't find uptime from /proc/uptime, using os.uptime() value
2026-10-04T13:47:49: PM2 warn: [pidusage] We couldn't find uptime from /proc/uptime, using os.uptime() value
2026-10-04T13:48:19: PM2 warn: [pidusage] We couldn't find uptime from /proc/uptime, using os.uptime() value
2026-10-04T13:48:49: PM2 warn: [pidusage] We couldn't find uptime from /proc/uptime, using os.uptime() value
2026-10-04T13:49:19: PM2 warn: [pidusage] We couldn't find uptime from /proc/uptime, using os.uptime() value
2026-10-04T13:49:49: PM2 warn: [pidusage] We couldn't find uptime from /proc/uptime, using os.uptime() value
2026-10-04T13:50:19: PM2 warn: [pidusage] We couldn't find uptime from /proc/uptime, using os.uptime() value
2026-10-04T13:50:49: PM2 warn: [pidusage] We couldn't find uptime from /proc/uptime, using os.uptime() value
2026-10-04T13:51:19: PM2 warn: [pidusage] We couldn't find uptime from /proc/uptime, using os.uptime() value
2026-10-04T13:51:49: PM2 warn: [pidusage] We couldn't find uptime from /proc/uptime, using os.uptime() value
2026-10-04T13:52:19: PM2 warn: [pidusage] We couldn't find uptime from /proc/uptime, using os.uptime() value
2026-10-04T13:52:49: PM2 warn: [pidusage] We couldn't find uptime from /proc/uptime, using os.uptime() value
2026-10-04T13:53:19: PM2 warn: [pidusage] We couldn't find uptime from /proc/uptime, using os.uptime() value
2026-10-04T13:53:49: PM2 warn: [pidusage] We couldn't find uptime from /proc/uptime, using os.uptime() value
2026-10-04T13:54:19: PM2 warn: [pidusage] We couldn't find uptime from /proc/uptime, using os.uptime() value
2026-10-04T13:54:49: PM2 warn: [pidusage] We couldn't find uptime from /proc/uptime, using os.uptime() value
2026-10-04T13:55:28: PM2 warn: [pidusage] We couldn't find uptime from /proc/uptime, using os.uptime() value
2026-10-04T14:00:39: PM2 warn: [pidusage] We couldn't find uptime from /proc/uptime, using os.uptime() value
2026-10-04T14:11:35: PM2 warn: [pidusage] We couldn't find uptime from /proc/uptime, using os.uptime() value
2026-10-04T14:12:05: PM2 warn: [pidusage] We couldn't find uptime from /proc/uptime, using os.uptime() value
2026-10-04T14:12:35: PM2 warn: [pidusage] We couldn't find uptime from /proc/uptime, using os.uptime() value
2026-10-04T14:13:05: PM2 warn: [pidusage] We couldn't find uptime from /proc/uptime, using os.uptime() value
2026-10-04T14:13:35: PM2 warn: [pidusage] We couldn't find uptime from /proc/uptime, using os.uptime() value
2026-10-04T14:14:05: PM2 warn: [pidusage] We couldn't find uptime from /proc/uptime, using os.uptime() value
2026-10-04T14:14:35: PM2 warn: [pidusage] We couldn't find uptime from /proc/uptime, using os.uptime() value
2026-10-04T14:15:05: PM2 warn: [pidusage] We couldn't find uptime from /proc/uptime, using os.uptime() value
2026-10-04T14:17:19: PM2 warn: [pidusage] We couldn't find uptime from /proc/uptime, using os.uptime() value
2026-10-04T14:17:49: PM2 warn: [pidusage] We couldn't find uptime from /proc/uptime, using os.uptime() value
2026-10-04T14:18:19: PM2 warn: [pidusage] We couldn't find uptime from /proc/uptime, using os.uptime() value
2026-10-04T14:19:06: PM2 warn: [pidusage] We couldn't find uptime from /proc/uptime, using os.uptime() value
2026-10-04T14:19:36: PM2 warn: [pidusage] We couldn't find uptime from /proc/uptime, using os.uptime() value
2026-10-04T14:20:06: PM2 warn: [pidusage] We couldn't find uptime from /proc/uptime, using os.uptime() value
2026-10-04T14:20:36: PM2 warn: [pidusage] We couldn't find uptime from /proc/uptime, using os.uptime() value
2026-10-04T14:21:06: PM2 warn: [pidusage] We couldn't find uptime from /proc/uptime, using os.uptime() value
2026-10-04T14:21:36: PM2 warn: [pidusage] We couldn't find uptime from /proc/uptime, using os.uptime() value
2026-10-04T14:22:06: PM2 warn: [pidusage] We couldn't find uptime from /proc/uptime, using os.uptime() value
2026-10-04T14:22:36: PM2 warn: [pidusage] We couldn't find uptime from /proc/uptime, using os.uptime() value
2026-10-04T14:23:06: PM2 warn: [pidusage] We couldn't find uptime from /proc/uptime, using os.uptime() value
2026-10-04T14:23:36: PM2 warn: [pidusage] We couldn't find uptime from /proc/uptime, using os.uptime() value
2026-10-04T14:24:06: PM2 warn: [pidusage] We couldn't find uptime from /proc/uptime, using os.uptime() value
2026-10-04T14:24:36: PM2 warn: [pidusage] We couldn't find uptime from /proc/uptime, using os.uptime() value
2026-10-04T14:25:06: PM2 warn: [pidusage] We couldn't find uptime from /proc/uptime, using os.uptime() value
2026-10-04T14:25:46: PM2 warn: [pidusage] We couldn't find uptime from /proc/uptime, using os.uptime() value
2026-10-04T14:26:16: PM2 warn: [pidusage] We couldn't find uptime from /proc/uptime, using os.uptime() value
2026-10-04T14:26:46: PM2 warn: [pidusage] We couldn't find uptime from /proc/uptime, using os.uptime() value
2026-10-04T14:27:16: PM2 warn: [pidusage] We couldn't find uptime from /proc/uptime, using os.uptime() value
2026-10-04T14:27:46: PM2 warn: [pidusage] We couldn't find uptime from /proc/uptime, using os.uptime() value
2026-10-04T14:28:16: PM2 warn: [pidusage] We couldn't find uptime from /proc/uptime, using os.uptime() value
2026-10-04T14:28:46: PM2 warn: [pidusage] We couldn't find uptime from /proc/uptime, using os.uptime() value
2026-10-04T14:29:16: PM2 warn: [pidusage] We couldn't find uptime from /proc/uptime, using os.uptime() value
2026-10-04T14:29:46: PM2 warn: [pidusage] We couldn't find uptime from /proc/uptime, using os.uptime() value
2026-10-04T14:30:16: PM2 warn: [pidusage] We couldn't find uptime from /proc/uptime, using os.uptime() value
2026-10-04T14:30:46: PM2 warn: [pidusage] We couldn't find uptime from /proc/uptime, using os.uptime() value
2026-10-04T14:31:38: PM2 warn: [pidusage] We couldn't find uptime from /proc/uptime, using os.uptime() value
2026-10-04T14:34:15: PM2 warn: [pidusage] We couldn't find uptime from /proc/uptime, using os.uptime() value
2026-10-04T14:34:45: PM2 warn: [pidusage] We couldn't find uptime from /proc/uptime, using os.uptime() value
2026-10-04T14:35:15: PM2 warn: [pidusage] We couldn't find uptime from /proc/uptime, using os.uptime() value
2026-10-04T14:37:32: PM2 warn: [pidusage] We couldn't find uptime from /proc/uptime, using os.uptime() value
2026-10-04T14:38:02: PM2 warn: [pidusage] We couldn't find uptime from /proc/uptime, using os.uptime() value
2026-10-04T14:38:32: PM2 warn: [pidusage] We couldn't find uptime from /proc/uptime, using os.uptime() value
2026-10-04T14:39:02: PM2 warn: [pidusage] We couldn't find uptime from /proc/uptime, using os.uptime() value
2026-10-04T14:39:32: PM2 warn: [pidusage] We couldn't find uptime from /proc/uptime, using os.uptime() value
2026-10-04T14:40:02: PM2 warn: [pidusage] We couldn't find uptime from /proc/uptime, using os.uptime() value
2026-10-04T14:40:32: PM2 warn: [pidusage] We couldn't find uptime from /proc/uptime, using os.uptime() value
2026-10-04T14:41:02: PM2 warn: [pidusage] We couldn't find uptime from /proc/uptime, using os.uptime() value
2026-10-04T14:41:32: PM2 warn: [pidusage] We couldn't find uptime from /proc/uptime, using os.uptime() value
2026-10-04T14:42:02: PM2 warn: [pidusage] We couldn't find uptime from /proc/uptime, using os.uptime() value
2026-10-04T14:42:32: PM2 warn: [pidusage] We couldn't find uptime from /proc/uptime, using os.uptime() value
2026-10-04T14:43:02: PM2 warn: [pidusage] We couldn't find uptime from /proc/uptime, using os.uptime() value
2026-10-04T14:43:32: PM2 warn: [pidusage] We couldn't find uptime from /proc/uptime, using os.uptime() value
2026-10-04T14:45:11: PM2 warn: [pidusage] We couldn't find uptime from /proc/uptime, using os.uptime() value
2026-10-04T14:45:52: PM2 warn: [pidusage] We couldn't find uptime from /proc/uptime, using os.uptime() value
2026-10-04T14:46:22: PM2 warn: [pidusage] We couldn't find uptime from /proc/uptime, using os.uptime() value
2026-10-04T14:46:52: PM2 warn: [pidusage] We couldn't find uptime from /proc/uptime, using os.uptime() value
2026-10-04T14:47:22: PM2 warn: [pidusage] We couldn't find uptime from /proc/uptime, using os.uptime() value
2026-10-04T14:47:52: PM2 warn: [pidusage] We couldn't find uptime from /proc/uptime, using os.uptime() value
2026-10-04T14:48:22: PM2 warn: [pidusage] We couldn't find uptime from /proc/uptime, using os.uptime() value
2026-10-04T14:48:52: PM2 warn: [pidusage] We couldn't find uptime from /proc/uptime, using os.uptime() value
2026-10-04T14:49:22: PM2 warn: [pidusage] We couldn't find uptime from /proc/uptime, using os.uptime() value
2026-10-04T14:49:52: PM2 warn: [pidusage] We couldn't find uptime from /proc/uptime, using os.uptime() value
2026-10-04T14:50:22: PM2 warn: [pidusage] We couldn't find uptime from /proc/uptime, using os.uptime() value
2026-10-04T14:50:52: PM2 warn: [pidusage] We couldn't find uptime from /proc/uptime, using os.uptime() value
2026-10-04T14:51:22: PM2 warn: [pidusage] We couldn't find uptime from /proc/uptime, using os.uptime() value
2026-10-04T14:51:52: PM2 warn: [pidusage] We couldn't find uptime from /proc/uptime, using os.uptime() value
2026-10-04T14:52:22: PM2 warn: [pidusage] We couldn't find uptime from /proc/uptime, using os.uptime() value
2026-10-04T14:53:49: PM2 warn: [pidusage] We couldn't find uptime from /proc/uptime, using os.uptime() value
2026-10-04T14:54:19: PM2 warn: [pidusage] We couldn't find uptime from /proc/uptime, using os.uptime() value
2026-10-04T14:54:49: PM2 warn: [pidusage] We couldn't find uptime from /proc/uptime, using os.uptime() value
2026-10-04T14:55:19: PM2 warn: [pidusage] We couldn't find uptime from /proc/uptime, using os.uptime() value
2026-10-04T14:55:29: PM2 warn: [pidusage] We couldn't find uptime from /proc/uptime, using os.uptime() value
2026-10-04T14:55:29: PM2 log: Stopping app:bot-wa id:0
2026-10-04T14:55:29: PM2 log: App [bot-wa:0] exited with code [0] via signal [SIGINT]
2026-10-04T14:55:29: PM2 log: pid=23449 msg=process tree killed (1 pids)
2026-10-04T14:55:29: PM2 log: App [bot-wa:0] starting in -fork mode-
2026-10-04T14:55:29: PM2 log: App [bot-wa:0] online
2026-10-04T14:55:29: PM2 warn: [pidusage] We couldn't find uptime from /proc/uptime, using os.uptime() value
2026-10-04T14:55:30: PM2 warn: [pidusage] We couldn't find uptime from /proc/uptime, using os.uptime() value
2026-10-04T14:55:49: PM2 warn: [pidusage] We couldn't find uptime from /proc/uptime, using os.uptime() value
2026-10-04T14:56:19: PM2 warn: [pidusage] We couldn't find uptime from /proc/uptime, using os.uptime() value
2026-10-04T14:56:49: PM2 warn: [pidusage] We couldn't find uptime from /proc/uptime, using os.uptime() value
2026-10-04T14:57:19: PM2 warn: [pidusage] We couldn't find uptime from /proc/uptime, using os.uptime() value
2026-10-04T14:57:49: PM2 warn: [pidusage] We couldn't find uptime from /proc/uptime, using os.uptime() value
2026-10-04T14:58:19: PM2 warn: [pidusage] We couldn't find uptime from /proc/uptime, using os.uptime() value
2026-10-04T14:58:49: PM2 warn: [pidusage] We couldn't find uptime from /proc/uptime, using os.uptime() value
2026-10-04T14:59:19: PM2 warn: [pidusage] We couldn't find uptime from /proc/uptime, using os.uptime() value
2026-10-04T14:59:49: PM2 warn: [pidusage] We couldn't find uptime from /proc/uptime, using os.uptime() value
2026-10-04T15:00:19: PM2 warn: [pidusage] We couldn't find uptime from /proc/uptime, using os.uptime() value
2026-10-04T15:00:49: PM2 warn: [pidusage] We couldn't find uptime from /proc/uptime, using os.uptime() value
2026-10-04T15:01:19: PM2 warn: [pidusage] We couldn't find uptime from /proc/uptime, using os.uptime() value
2026-10-04T15:01:33: PM2 warn: [pidusage] We couldn't find uptime from /proc/uptime, using os.uptime() value
2026-10-04T15:01:33: PM2 log: Stopping app:bot-wa id:0
2026-10-04T15:01:33: PM2 log: App [bot-wa:0] exited with code [0] via signal [SIGINT]
2026-10-04T15:01:33: PM2 log: pid=14089 msg=process tree killed (1 pids)
2026-10-04T15:01:33: PM2 log: App [bot-wa:0] starting in -fork mode-
2026-10-04T15:01:33: PM2 log: App [bot-wa:0] online
2026-10-04T15:01:33: PM2 warn: [pidusage] We couldn't find uptime from /proc/uptime, using os.uptime() value
2026-10-04T15:01:34: PM2 warn: [pidusage] We couldn't find uptime from /proc/uptime, using os.uptime() value
2026-10-04T15:01:49: PM2 warn: [pidusage] We couldn't find uptime from /proc/uptime, using os.uptime() value
2026-10-04T15:02:19: PM2 warn: [pidusage] We couldn't find uptime from /proc/uptime, using os.uptime() value
2026-10-04T15:02:49: PM2 warn: [pidusage] We couldn't find uptime from /proc/uptime, using os.uptime() value
2026-10-04T15:03:19: PM2 warn: [pidusage] We couldn't find uptime from /proc/uptime, using os.uptime() value
2026-10-04T15:03:49: PM2 warn: [pidusage] We couldn't find uptime from /proc/uptime, using os.uptime() value
2026-10-04T15:04:19: PM2 warn: [pidusage] We couldn't find uptime from /proc/uptime, using os.uptime() value
2026-10-04T15:04:49: PM2 warn: [pidusage] We couldn't find uptime from /proc/uptime, using os.uptime() value
2026-10-04T15:05:19: PM2 warn: [pidusage] We couldn't find uptime from /proc/uptime, using os.uptime() value
2026-10-04T15:05:49: PM2 warn: [pidusage] We couldn't find uptime from /proc/uptime, using os.uptime() value
2026-10-04T15:06:19: PM2 warn: [pidusage] We couldn't find uptime from /proc/uptime, using os.uptime() value
2026-10-04T15:06:49: PM2 warn: [pidusage] We couldn't find uptime from /proc/uptime, using os.uptime() value
2026-10-04T15:07:19: PM2 warn: [pidusage] We couldn't find uptime from /proc/uptime, using os.uptime() value
2026-10-04T15:07:49: PM2 warn: [pidusage] We couldn't find uptime from /proc/uptime, using os.uptime() value
2026-10-04T15:08:19: PM2 warn: [pidusage] We couldn't find uptime from /proc/uptime, using os.uptime() value
2026-10-04T15:08:49: PM2 warn: [pidusage] We couldn't find uptime from /proc/uptime, using os.uptime() value
2026-10-04T15:09:19: PM2 warn: [pidusage] We couldn't find uptime from /proc/uptime, using os.uptime() value
2026-10-04T15:09:49: PM2 warn: [pidusage] We couldn't find uptime from /proc/uptime, using os.uptime() value
2026-10-04T15:10:19: PM2 warn: [pidusage] We couldn't find uptime from /proc/uptime, using os.uptime() value
2026-10-04T15:10:49: PM2 warn: [pidusage] We couldn't find uptime from /proc/uptime, using os.uptime() value
2026-10-04T15:11:19: PM2 warn: [pidusage] We couldn't find uptime from /proc/uptime, using os.uptime() value
2026-10-04T15:11:49: PM2 warn: [pidusage] We couldn't find uptime from /proc/uptime, using os.uptime() value
2026-10-04T15:12:19: PM2 warn: [pidusage] We couldn't find uptime from /proc/uptime, using os.uptime() value
2026-10-04T15:12:49: PM2 warn: [pidusage] We couldn't find uptime from /proc/uptime, using os.uptime() value
2026-10-04T15:13:19: PM2 warn: [pidusage] We couldn't find uptime from /proc/uptime, using os.uptime() value
2026-10-04T15:13:49: PM2 warn: [pidusage] We couldn't find uptime from /proc/uptime, using os.uptime() value
2026-10-04T15:14:19: PM2 warn: [pidusage] We couldn't find uptime from /proc/uptime, using os.uptime() value
2026-10-04T15:14:49: PM2 warn: [pidusage] We couldn't find uptime from /proc/uptime, using os.uptime() value
2026-10-04T15:15:19: PM2 warn: [pidusage] We couldn't find uptime from /proc/uptime, using os.uptime() value
2026-10-04T15:15:49: PM2 warn: [pidusage] We couldn't find uptime from /proc/uptime, using os.uptime() value
2026-10-04T15:16:35: PM2 warn: [pidusage] We couldn't find uptime from /proc/uptime, using os.uptime() value
2026-10-04T15:17:04: PM2 warn: [pidusage] We couldn't find uptime from /proc/uptime, using os.uptime() value
2026-10-04T15:17:34: PM2 warn: [pidusage] We couldn't find uptime from /proc/uptime, using os.uptime() value
2026-10-04T15:18:04: PM2 warn: [pidusage] We couldn't find uptime from /proc/uptime, using os.uptime() value
2026-10-04T15:18:34: PM2 warn: [pidusage] We couldn't find uptime from /proc/uptime, using os.uptime() value
2026-10-04T15:19:05: PM2 warn: [pidusage] We couldn't find uptime from /proc/uptime, using os.uptime() value
2026-10-04T15:19:34: PM2 warn: [pidusage] We couldn't find uptime from /proc/uptime, using os.uptime() value
2026-10-04T15:20:05: PM2 warn: [pidusage] We couldn't find uptime from /proc/uptime, using os.uptime() value
2026-10-04T15:20:34: PM2 warn: [pidusage] We couldn't find uptime from /proc/uptime, using os.uptime() value
2026-10-04T15:21:04: PM2 warn: [pidusage] We couldn't find uptime from /proc/uptime, using os.uptime() value
2026-10-04T15:21:34: PM2 warn: [pidusage] We couldn't find uptime from /proc/uptime, using os.uptime() value
2026-10-04T15:22:04: PM2 warn: [pidusage] We couldn't find uptime from /proc/uptime, using os.uptime() value
2026-10-04T15:22:34: PM2 warn: [pidusage] We couldn't find uptime from /proc/uptime, using os.uptime() value
2026-10-04T15:23:05: PM2 warn: [pidusage] We couldn't find uptime from /proc/uptime, using os.uptime() value
2026-10-04T15:23:35: PM2 warn: [pidusage] We couldn't find uptime from /proc/uptime, using os.uptime() value
2026-10-04T15:24:04: PM2 warn: [pidusage] We couldn't find uptime from /proc/uptime, using os.uptime() value
2026-10-04T15:24:35: PM2 warn: [pidusage] We couldn't find uptime from /proc/uptime, using os.uptime() value
2026-10-04T15:25:04: PM2 warn: [pidusage] We couldn't find uptime from /proc/uptime, using os.uptime() value
2026-10-04T15:25:34: PM2 warn: [pidusage] We couldn't find uptime from /proc/uptime, using os.uptime() value
2026-10-04T15:26:04: PM2 warn: [pidusage] We couldn't find uptime from /proc/uptime, using os.uptime() value
2026-10-04T15:26:34: PM2 warn: [pidusage] We couldn't find uptime from /proc/uptime, using os.uptime() value
2026-10-04T15:27:04: PM2 warn: [pidusage] We couldn't find uptime from /proc/uptime, using os.uptime() value
2026-10-04T15:27:34: PM2 warn: [pidusage] We couldn't find uptime from /proc/uptime, using os.uptime() value
2026-10-04T15:28:05: PM2 warn: [pidusage] We couldn't find uptime from /proc/uptime, using os.uptime() value
2026-10-04T15:28:35: PM2 warn: [pidusage] We couldn't find uptime from /proc/uptime, using os.uptime() value
2026-10-04T15:29:04: PM2 warn: [pidusage] We couldn't find uptime from /proc/uptime, using os.uptime() value
2026-10-04T15:29:34: PM2 warn: [pidusage] We couldn't find uptime from /proc/uptime, using os.uptime() value
2026-10-04T15:30:04: PM2 warn: [pidusage] We couldn't find uptime from /proc/uptime, using os.uptime() value
2026-10-04T15:30:35: PM2 warn: [pidusage] We couldn't find uptime from /proc/uptime, using os.uptime() value
2026-10-04T15:31:04: PM2 warn: [pidusage] We couldn't find uptime from /proc/uptime, using os.uptime() value
2026-10-04T15:31:35: PM2 warn: [pidusage] We couldn't find uptime from /proc/uptime, using os.uptime() value
2026-10-04T15:32:05: PM2 warn: [pidusage] We couldn't find uptime from /proc/uptime, using os.uptime() value
2026-10-04T15:32:35: PM2 warn: [pidusage] We couldn't find uptime from /proc/uptime, using os.uptime() value
2026-10-04T15:33:05: PM2 warn: [pidusage] We couldn't find uptime from /proc/uptime, using os.uptime() value
2026-10-04T15:33:35: PM2 warn: [pidusage] We couldn't find uptime from /proc/uptime, using os.uptime() value
2026-10-04T15:34:05: PM2 warn: [pidusage] We couldn't find uptime from /proc/uptime, using os.uptime() value
2026-10-04T15:34:35: PM2 warn: [pidusage] We couldn't find uptime from /proc/uptime, using os.uptime() value
2026-10-04T15:35:05: PM2 warn: [pidusage] We couldn't find uptime from /proc/uptime, using os.uptime() value
2026-10-04T15:35:35: PM2 warn: [pidusage] We couldn't find uptime from /proc/uptime, using os.uptime() value
2026-10-04T15:36:05: PM2 warn: [pidusage] We couldn't find uptime from /proc/uptime, using os.uptime() value
2026-10-04T15:36:35: PM2 warn: [pidusage] We couldn't find uptime from /proc/uptime, using os.uptime() value
2026-10-04T15:37:05: PM2 warn: [pidusage] We couldn't find uptime from /proc/uptime, using os.uptime() value
2026-10-04T15:37:35: PM2 warn: [pidusage] We couldn't find uptime from /proc/uptime, using os.uptime() value
2026-10-04T15:38:05: PM2 warn: [pidusage] We couldn't find uptime from /proc/uptime, using os.uptime() value
2026-10-04T15:38:35: PM2 warn: [pidusage] We couldn't find uptime from /proc/uptime, using os.uptime() value
2026-10-04T15:48:34: PM2 warn: [pidusage] We couldn't find uptime from /proc/uptime, using os.uptime() value
2026-10-04T15:49:04: PM2 warn: [pidusage] We couldn't find uptime from /proc/uptime, using os.uptime() value
2026-10-04T15:49:34: PM2 warn: [pidusage] We couldn't find uptime from /proc/uptime, using os.uptime() value
2026-10-04T15:50:04: PM2 warn: [pidusage] We couldn't find uptime from /proc/uptime, using os.uptime() value
2026-10-04T15:50:34: PM2 warn: [pidusage] We couldn't find uptime from /proc/uptime, using os.uptime() value
2026-10-04T15:51:04: PM2 warn: [pidusage] We couldn't find uptime from /proc/uptime, using os.uptime() value
2026-10-04T15:51:34: PM2 warn: [pidusage] We couldn't find uptime from /proc/uptime, using os.uptime() value
2026-10-04T15:52:04: PM2 warn: [pidusage] We couldn't find uptime from /proc/uptime, using os.uptime() value
2026-10-04T15:52:34: PM2 warn: [pidusage] We couldn't find uptime from /proc/uptime, using os.uptime() value
2026-10-04T15:53:04: PM2 warn: [pidusage] We couldn't find uptime from /proc/uptime, using os.uptime() value
2026-10-04T15:53:34: PM2 warn: [pidusage] We couldn't find uptime from /proc/uptime, using os.uptime() value
2026-10-04T15:54:04: PM2 warn: [pidusage] We couldn't find uptime from /proc/uptime, using os.uptime() value
2026-10-04T15:54:34: PM2 warn: [pidusage] We couldn't find uptime from /proc/uptime, using os.uptime() value
2026-10-04T15:55:04: PM2 warn: [pidusage] We couldn't find uptime from /proc/uptime, using os.uptime() value
2026-10-04T15:55:34: PM2 warn: [pidusage] We couldn't find uptime from /proc/uptime, using os.uptime() value
2026-10-04T15:56:04: PM2 warn: [pidusage] We couldn't find uptime from /proc/uptime, using os.uptime() value
2026-10-04T15:56:34: PM2 warn: [pidusage] We couldn't find uptime from /proc/uptime, using os.uptime() value
2026-10-04T15:57:04: PM2 warn: [pidusage] We couldn't find uptime from /proc/uptime, using os.uptime() value
2026-10-04T15:57:34: PM2 warn: [pidusage] We couldn't find uptime from /proc/uptime, using os.uptime() value
2026-10-04T15:58:04: PM2 warn: [pidusage] We couldn't find uptime from /proc/uptime, using os.uptime() value
2026-10-04T15:58:34: PM2 warn: [pidusage] We couldn't find uptime from /proc/uptime, using os.uptime() value
2026-10-04T16:09:29: PM2 warn: [pidusage] We couldn't find uptime from /proc/uptime, using os.uptime() value
2026-10-04T16:09:58: PM2 warn: [pidusage] We couldn't find uptime from /proc/uptime, using os.uptime() value
2026-10-04T16:10:28: PM2 warn: [pidusage] We couldn't find uptime from /proc/uptime, using os.uptime() value
2026-10-04T16:10:58: PM2 warn: [pidusage] We couldn't find uptime from /proc/uptime, using os.uptime() value
2026-10-04T16:11:28: PM2 warn: [pidusage] We couldn't find uptime from /proc/uptime, using os.uptime() value
2026-10-04T16:11:58: PM2 warn: [pidusage] We couldn't find uptime from /proc/uptime, using os.uptime() value
2026-10-04T16:12:28: PM2 warn: [pidusage] We couldn't find uptime from /proc/uptime, using os.uptime() value
2026-10-04T16:12:58: PM2 warn: [pidusage] We couldn't find uptime from /proc/uptime, using os.uptime() value
2026-10-04T16:13:28: PM2 warn: [pidusage] We couldn't find uptime from /proc/uptime, using os.uptime() value
2026-10-04T16:13:58: PM2 warn: [pidusage] We couldn't find uptime from /proc/uptime, using os.uptime() value
2026-10-04T16:14:28: PM2 warn: [pidusage] We couldn't find uptime from /proc/uptime, using os.uptime() value
2026-10-04T16:14:58: PM2 warn: [pidusage] We couldn't find uptime from /proc/uptime, using os.uptime() value
2026-10-04T16:15:28: PM2 warn: [pidusage] We couldn't find uptime from /proc/uptime, using os.uptime() value
2026-10-04T16:15:58: PM2 warn: [pidusage] We couldn't find uptime from /proc/uptime, using os.uptime() value
2026-10-04T16:16:28: PM2 warn: [pidusage] We couldn't find uptime from /proc/uptime, using os.uptime() value
2026-10-04T16:16:58: PM2 warn: [pidusage] We couldn't find uptime from /proc/uptime, using os.uptime() value
2026-10-04T16:17:28: PM2 warn: [pidusage] We couldn't find uptime from /proc/uptime, using os.uptime() value
2026-10-04T16:17:58: PM2 warn: [pidusage] We couldn't find uptime from /proc/uptime, using os.uptime() value
2026-10-04T16:18:28: PM2 warn: [pidusage] We couldn't find uptime from /proc/uptime, using os.uptime() value
2026-10-04T16:18:58: PM2 warn: [pidusage] We couldn't find uptime from /proc/uptime, using os.uptime() value
2026-10-04T16:19:28: PM2 warn: [pidusage] We couldn't find uptime from /proc/uptime, using os.uptime() value
2026-10-04T16:19:58: PM2 warn: [pidusage] We couldn't find uptime from /proc/uptime, using os.uptime() value
2026-10-04T16:20:28: PM2 warn: [pidusage] We couldn't find uptime from /proc/uptime, using os.uptime() value
2026-10-04T16:20:58: PM2 warn: [pidusage] We couldn't find uptime from /proc/uptime, using os.uptime() value
2026-10-04T16:21:28: PM2 warn: [pidusage] We couldn't find uptime from /proc/uptime, using os.uptime() value
2026-10-04T16:21:58: PM2 warn: [pidusage] We couldn't find uptime from /proc/uptime, using os.uptime() value
2026-10-04T16:22:28: PM2 warn: [pidusage] We couldn't find uptime from /proc/uptime, using os.uptime() value
2026-10-04T16:22:58: PM2 warn: [pidusage] We couldn't find uptime from /proc/uptime, using os.uptime() value
2026-10-04T16:23:28: PM2 warn: [pidusage] We couldn't find uptime from /proc/uptime, using os.uptime() value
2026-10-04T16:23:58: PM2 warn: [pidusage] We couldn't find uptime from /proc/uptime, using os.uptime() value
2026-10-04T16:24:28: PM2 warn: [pidusage] We couldn't find uptime from /proc/uptime, using os.uptime() value
2026-10-04T16:24:58: PM2 warn: [pidusage] We couldn't find uptime from /proc/uptime, using os.uptime() value
2026-10-04T16:25:28: PM2 warn: [pidusage] We couldn't find uptime from /proc/uptime, using os.uptime() value
2026-10-04T16:25:58: PM2 warn: [pidusage] We couldn't find uptime from /proc/uptime, using os.uptime() value
2026-10-04T16:26:28: PM2 warn: [pidusage] We couldn't find uptime from /proc/uptime, using os.uptime() value
2026-10-04T16:26:58: PM2 warn: [pidusage] We couldn't find uptime from /proc/uptime, using os.uptime() value
2026-10-04T16:27:28: PM2 warn: [pidusage] We couldn't find uptime from /proc/uptime, using os.uptime() value
2026-10-04T16:27:58: PM2 warn: [pidusage] We couldn't find uptime from /proc/uptime, using os.uptime() value
2026-10-04T16:28:28: PM2 warn: [pidusage] We couldn't find uptime from /proc/uptime, using os.uptime() value
2026-10-04T16:28:58: PM2 warn: [pidusage] We couldn't find uptime from /proc/uptime, using os.uptime() value
2026-10-04T16:29:28: PM2 warn: [pidusage] We couldn't find uptime from /proc/uptime, using os.uptime() value
2026-10-04T16:29:58: PM2 warn: [pidusage] We couldn't find uptime from /proc/uptime, using os.uptime() value
2026-10-04T16:30:28: PM2 warn: [pidusage] We couldn't find uptime from /proc/uptime, using os.uptime() value
2026-10-04T16:30:58: PM2 warn: [pidusage] We couldn't find uptime from /proc/uptime, using os.uptime() value
2026-10-04T16:31:28: PM2 warn: [pidusage] We couldn't find uptime from /proc/uptime, using os.uptime() value
2026-10-04T16:31:58: PM2 warn: [pidusage] We couldn't find uptime from /proc/uptime, using os.uptime() value
2026-10-04T16:32:28: PM2 warn: [pidusage] We couldn't find uptime from /proc/uptime, using os.uptime() value
2026-10-04T16:32:58: PM2 warn: [pidusage] We couldn't find uptime from /proc/uptime, using os.uptime() value
2026-10-04T16:33:28: PM2 warn: [pidusage] We couldn't find uptime from /proc/uptime, using os.uptime() value
2026-10-04T16:33:58: PM2 warn: [pidusage] We couldn't find uptime from /proc/uptime, using os.uptime() value
2026-10-04T16:34:28: PM2 warn: [pidusage] We couldn't find uptime from /proc/uptime, using os.uptime() value
2026-10-04T16:34:58: PM2 warn: [pidusage] We couldn't find uptime from /proc/uptime, using os.uptime() value
2026-10-04T16:35:28: PM2 warn: [pidusage] We couldn't find uptime from /proc/uptime, using os.uptime() value
2026-10-04T16:35:58: PM2 warn: [pidusage] We couldn't find uptime from /proc/uptime, using os.uptime() value
2026-10-04T16:36:28: PM2 warn: [pidusage] We couldn't find uptime from /proc/uptime, using os.uptime() value
2026-10-04T16:36:58: PM2 warn: [pidusage] We couldn't find uptime from /proc/uptime, using os.uptime() value
2026-10-04T16:37:28: PM2 warn: [pidusage] We couldn't find uptime from /proc/uptime, using os.uptime() value
2026-10-04T16:37:58: PM2 warn: [pidusage] We couldn't find uptime from /proc/uptime, using os.uptime() value
2026-10-04T16:38:28: PM2 warn: [pidusage] We couldn't find uptime from /proc/uptime, using os.uptime() value
2026-10-04T16:38:58: PM2 warn: [pidusage] We couldn't find uptime from /proc/uptime, using os.uptime() value
2026-10-04T16:39:28: PM2 warn: [pidusage] We couldn't find uptime from /proc/uptime, using os.uptime() value
2026-10-04T16:39:58: PM2 warn: [pidusage] We couldn't find uptime from /proc/uptime, using os.uptime() value
2026-10-04T16:40:28: PM2 warn: [pidusage] We couldn't find uptime from /proc/uptime, using os.uptime() value
2026-10-04T16:40:58: PM2 warn: [pidusage] We couldn't find uptime from /proc/uptime, using os.uptime() value
2026-10-04T16:41:28: PM2 warn: [pidusage] We couldn't find uptime from /proc/uptime, using os.uptime() value
2026-10-04T16:41:58: PM2 warn: [pidusage] We couldn't find uptime from /proc/uptime, using os.uptime() value
2026-10-04T16:42:28: PM2 warn: [pidusage] We couldn't find uptime from /proc/uptime, using os.uptime() value
2026-10-04T16:42:58: PM2 warn: [pidusage] We couldn't find uptime from /proc/uptime, using os.uptime() value
2026-10-04T16:43:28: PM2 warn: [pidusage] We couldn't find uptime from /proc/uptime, using os.uptime() value
2026-10-04T16:43:58: PM2 warn: [pidusage] We couldn't find uptime from /proc/uptime, using os.uptime() value
2026-10-04T16:44:28: PM2 warn: [pidusage] We couldn't find uptime from /proc/uptime, using os.uptime() value
2026-10-04T16:44:58: PM2 warn: [pidusage] We couldn't find uptime from /proc/uptime, using os.uptime() value
2026-10-04T16:45:28: PM2 warn: [pidusage] We couldn't find uptime from /proc/uptime, using os.uptime() value
2026-10-04T16:45:58: PM2 warn: [pidusage] We couldn't find uptime from /proc/uptime, using os.uptime() value
2026-10-04T16:46:28: PM2 warn: [pidusage] We couldn't find uptime from /proc/uptime, using os.uptime() value
2026-10-04T16:46:58: PM2 warn: [pidusage] We couldn't find uptime from /proc/uptime, using os.uptime() value
2026-10-04T16:47:28: PM2 warn: [pidusage] We couldn't find uptime from /proc/uptime, using os.uptime() value
2026-10-04T16:47:58: PM2 warn: [pidusage] We couldn't find uptime from /proc/uptime, using os.uptime() value
2026-10-04T16:48:29: PM2 warn: [pidusage] We couldn't find uptime from /proc/uptime, using os.uptime() value
2026-10-04T16:48:58: PM2 warn: [pidusage] We couldn't find uptime from /proc/uptime, using os.uptime() value
2026-10-04T16:49:29: PM2 warn: [pidusage] We couldn't find uptime from /proc/uptime, using os.uptime() value
2026-10-04T16:49:59: PM2 warn: [pidusage] We couldn't find uptime from /proc/uptime, using os.uptime() value
2026-10-04T16:50:28: PM2 warn: [pidusage] We couldn't find uptime from /proc/uptime, using os.uptime() value
2026-10-04T16:50:59: PM2 warn: [pidusage] We couldn't find uptime from /proc/uptime, using os.uptime() value
2026-10-04T16:51:29: PM2 warn: [pidusage] We couldn't find uptime from /proc/uptime, using os.uptime() value
2026-10-04T16:51:59: PM2 warn: [pidusage] We couldn't find uptime from /proc/uptime, using os.uptime() value
2026-10-04T16:52:29: PM2 warn: [pidusage] We couldn't find uptime from /proc/uptime, using os.uptime() value
2026-10-04T16:52:59: PM2 warn: [pidusage] We couldn't find uptime from /proc/uptime, using os.uptime() value
2026-10-04T21:02:07: PM2 warn: [pidusage] We couldn't find uptime from /proc/uptime, using os.uptime() value
2026-10-04T21:02:37: PM2 warn: [pidusage] We couldn't find uptime from /proc/uptime, using os.uptime() value
2026-10-04T21:03:07: PM2 warn: [pidusage] We couldn't find uptime from /proc/uptime, using os.uptime() value
2026-10-04T21:03:37: PM2 warn: [pidusage] We couldn't find uptime from /proc/uptime, using os.uptime() value
2026-10-04T21:04:07: PM2 warn: [pidusage] We couldn't find uptime from /proc/uptime, using os.uptime() value
2026-10-04T21:04:37: PM2 warn: [pidusage] We couldn't find uptime from /proc/uptime, using os.uptime() value
2026-10-04T21:05:07: PM2 warn: [pidusage] We couldn't find uptime from /proc/uptime, using os.uptime() value
2026-10-04T21:05:37: PM2 warn: [pidusage] We couldn't find uptime from /proc/uptime, using os.uptime() value
2026-10-04T21:06:07: PM2 warn: [pidusage] We couldn't find uptime from /proc/uptime, using os.uptime() value
2026-10-04T21:06:37: PM2 warn: [pidusage] We couldn't find uptime from /proc/uptime, using os.uptime() value
2026-10-04T21:07:07: PM2 warn: [pidusage] We couldn't find uptime from /proc/uptime, using os.uptime() value
2026-10-04T21:07:37: PM2 warn: [pidusage] We couldn't find uptime from /proc/uptime, using os.uptime() value
2026-10-04T21:08:07: PM2 warn: [pidusage] We couldn't find uptime from /proc/uptime, using os.uptime() value
2026-10-04T21:08:37: PM2 warn: [pidusage] We couldn't find uptime from /proc/uptime, using os.uptime() value
2026-10-04T21:09:07: PM2 warn: [pidusage] We couldn't find uptime from /proc/uptime, using os.uptime() value
2026-10-04T21:09:37: PM2 warn: [pidusage] We couldn't find uptime from /proc/uptime, using os.uptime() value
2026-10-04T21:10:07: PM2 warn: [pidusage] We couldn't find uptime from /proc/uptime, using os.uptime() value
2026-10-04T21:10:37: PM2 warn: [pidusage] We couldn't find uptime from /proc/uptime, using os.uptime() value
2026-10-04T21:10:47: PM2 warn: [pidusage] We couldn't find uptime from /proc/uptime, using os.uptime() value
2026-10-04T21:10:47: PM2 log: Stopping app:bot-wa id:0
2026-10-04T21:10:47: PM2 log: App [bot-wa:0] exited with code [0] via signal [SIGINT]
2026-10-04T21:10:47: PM2 log: pid=18635 msg=process tree killed (1 pids)
2026-10-04T21:10:47: PM2 log: App [bot-wa:0] starting in -fork mode-
2026-10-04T21:10:47: PM2 log: App [bot-wa:0] online
2026-10-04T21:10:47: PM2 warn: [pidusage] We couldn't find uptime from /proc/uptime, using os.uptime() value
2026-10-04T21:10:48: PM2 warn: [pidusage] We couldn't find uptime from /proc/uptime, using os.uptime() value
2026-10-04T21:11:07: PM2 warn: [pidusage] We couldn't find uptime from /proc/uptime, using os.uptime() value
2026-10-04T21:11:37: PM2 warn: [pidusage] We couldn't find uptime from /proc/uptime, using os.uptime() value
2026-10-04T21:12:07: PM2 warn: [pidusage] We couldn't find uptime from /proc/uptime, using os.uptime() value
2026-10-04T21:12:37: PM2 warn: [pidusage] We couldn't find uptime from /proc/uptime, using os.uptime() value
2026-10-04T21:14:21: PM2 warn: [pidusage] We couldn't find uptime from /proc/uptime, using os.uptime() value
2026-10-04T21:14:51: PM2 warn: [pidusage] We couldn't find uptime from /proc/uptime, using os.uptime() value
2026-10-04T21:15:21: PM2 warn: [pidusage] We couldn't find uptime from /proc/uptime, using os.uptime() value
2026-10-04T21:17:01: PM2 warn: [pidusage] We couldn't find uptime from /proc/uptime, using os.uptime() value
2026-10-04T21:17:31: PM2 warn: [pidusage] We couldn't find uptime from /proc/uptime, using os.uptime() value
2026-10-04T21:18:01: PM2 warn: [pidusage] We couldn't find uptime from /proc/uptime, using os.uptime() value
2026-10-04T21:18:31: PM2 warn: [pidusage] We couldn't find uptime from /proc/uptime, using os.uptime() value
2026-10-04T21:19:01: PM2 warn: [pidusage] We couldn't find uptime from /proc/uptime, using os.uptime() value
2026-10-04T21:19:31: PM2 warn: [pidusage] We couldn't find uptime from /proc/uptime, using os.uptime() value
2026-10-04T21:20:01: PM2 warn: [pidusage] We couldn't find uptime from /proc/uptime, using os.uptime() value
2026-10-04T21:20:31: PM2 warn: [pidusage] We couldn't find uptime from /proc/uptime, using os.uptime() value
2026-10-04T21:23:52: PM2 warn: [pidusage] We couldn't find uptime from /proc/uptime, using os.uptime() value
2026-10-04T21:24:22: PM2 warn: [pidusage] We couldn't find uptime from /proc/uptime, using os.uptime() value
2026-10-04T21:24:52: PM2 warn: [pidusage] We couldn't find uptime from /proc/uptime, using os.uptime() value
2026-10-04T21:25:22: PM2 warn: [pidusage] We couldn't find uptime from /proc/uptime, using os.uptime() value
2026-10-04T21:25:52: PM2 warn: [pidusage] We couldn't find uptime from /proc/uptime, using os.uptime() value
2026-10-04T21:26:22: PM2 warn: [pidusage] We couldn't find uptime from /proc/uptime, using os.uptime() value
2026-10-04T21:26:52: PM2 warn: [pidusage] We couldn't find uptime from /proc/uptime, using os.uptime() value
2026-10-04T21:27:22: PM2 warn: [pidusage] We couldn't find uptime from /proc/uptime, using os.uptime() value
2026-10-04T21:27:52: PM2 warn: [pidusage] We couldn't find uptime from /proc/uptime, using os.uptime() value
2026-10-04T21:28:22: PM2 warn: [pidusage] We couldn't find uptime from /proc/uptime, using os.uptime() value
2026-10-04T21:28:52: PM2 warn: [pidusage] We couldn't find uptime from /proc/uptime, using os.uptime() value
2026-10-04T21:29:22: PM2 warn: [pidusage] We couldn't find uptime from /proc/uptime, using os.uptime() value
2026-10-04T21:29:52: PM2 warn: [pidusage] We couldn't find uptime from /proc/uptime, using os.uptime() value
2026-10-04T21:30:22: PM2 warn: [pidusage] We couldn't find uptime from /proc/uptime, using os.uptime() value
2026-10-04T21:30:52: PM2 warn: [pidusage] We couldn't find uptime from /proc/uptime, using os.uptime() value
2026-10-04T21:31:22: PM2 warn: [pidusage] We couldn't find uptime from /proc/uptime, using os.uptime() value
2026-10-04T21:31:52: PM2 warn: [pidusage] We couldn't find uptime from /proc/uptime, using os.uptime() value
2026-10-04T21:32:22: PM2 warn: [pidusage] We couldn't find uptime from /proc/uptime, using os.uptime() value
2026-10-04T21:32:52: PM2 warn: [pidusage] We couldn't find uptime from /proc/uptime, using os.uptime() value
2026-10-04T21:33:22: PM2 warn: [pidusage] We couldn't find uptime from /proc/uptime, using os.uptime() value
2026-10-04T21:33:52: PM2 warn: [pidusage] We couldn't find uptime from /proc/uptime, using os.uptime() value
2026-10-04T21:48:34: PM2 warn: [pidusage] We couldn't find uptime from /proc/uptime, using os.uptime() value
2026-10-04T21:49:04: PM2 warn: [pidusage] We couldn't find uptime from /proc/uptime, using os.uptime() value
2026-10-04T21:49:34: PM2 warn: [pidusage] We couldn't find uptime from /proc/uptime, using os.uptime() value
2026-10-04T21:50:04: PM2 warn: [pidusage] We couldn't find uptime from /proc/uptime, using os.uptime() value
2026-10-04T21:50:34: PM2 warn: [pidusage] We couldn't find uptime from /proc/uptime, using os.uptime() value
2026-10-04T21:51:04: PM2 warn: [pidusage] We couldn't find uptime from /proc/uptime, using os.uptime() value
2026-10-04T21:51:34: PM2 warn: [pidusage] We couldn't find uptime from /proc/uptime, using os.uptime() value
2026-10-04T21:52:04: PM2 warn: [pidusage] We couldn't find uptime from /proc/uptime, using os.uptime() value
2026-10-04T21:52:34: PM2 warn: [pidusage] We couldn't find uptime from /proc/uptime, using os.uptime() value
2026-10-04T21:53:04: PM2 warn: [pidusage] We couldn't find uptime from /proc/uptime, using os.uptime() value
2026-10-04T21:53:34: PM2 warn: [pidusage] We couldn't find uptime from /proc/uptime, using os.uptime() value
2026-10-04T21:53:46: PM2 warn: [pidusage] We couldn't find uptime from /proc/uptime, using os.uptime() value
2026-10-04T21:53:46: PM2 log: Stopping app:bot-wa id:0
2026-10-04T21:53:46: PM2 log: App [bot-wa:0] exited with code [0] via signal [SIGINT]
2026-10-04T21:53:46: PM2 log: pid=27193 msg=process tree killed (1 pids)
2026-10-04T21:53:46: PM2 log: App [bot-wa:0] starting in -fork mode-
2026-10-04T21:53:46: PM2 log: App [bot-wa:0] online
2026-10-04T21:53:46: PM2 warn: [pidusage] We couldn't find uptime from /proc/uptime, using os.uptime() value
2026-10-04T21:53:47: PM2 warn: [pidusage] We couldn't find uptime from /proc/uptime, using os.uptime() value
2026-10-04T21:54:04: PM2 warn: [pidusage] We couldn't find uptime from /proc/uptime, using os.uptime() value
2026-10-04T21:54:34: PM2 warn: [pidusage] We couldn't find uptime from /proc/uptime, using os.uptime() value
2026-10-04T21:55:04: PM2 warn: [pidusage] We couldn't find uptime from /proc/uptime, using os.uptime() value
2026-10-04T21:55:34: PM2 warn: [pidusage] We couldn't find uptime from /proc/uptime, using os.uptime() value
2026-10-04T21:56:04: PM2 warn: [pidusage] We couldn't find uptime from /proc/uptime, using os.uptime() value
2026-10-04T21:56:34: PM2 warn: [pidusage] We couldn't find uptime from /proc/uptime, using os.uptime() value
2026-10-04T21:57:04: PM2 warn: [pidusage] We couldn't find uptime from /proc/uptime, using os.uptime() value
2026-10-04T21:57:34: PM2 warn: [pidusage] We couldn't find uptime from /proc/uptime, using os.uptime() value
2026-10-04T21:58:04: PM2 warn: [pidusage] We couldn't find uptime from /proc/uptime, using os.uptime() value
2026-10-04T21:58:34: PM2 warn: [pidusage] We couldn't find uptime from /proc/uptime, using os.uptime() value
2026-10-04T21:59:04: PM2 warn: [pidusage] We couldn't find uptime from /proc/uptime, using os.uptime() value
2026-10-04T21:59:34: PM2 warn: [pidusage] We couldn't find uptime from /proc/uptime, using os.uptime() value
2026-10-04T22:00:04: PM2 warn: [pidusage] We couldn't find uptime from /proc/uptime, using os.uptime() value
2026-10-04T22:00:34: PM2 warn: [pidusage] We couldn't find uptime from /proc/uptime, using os.uptime() value
2026-10-04T22:01:04: PM2 warn: [pidusage] We couldn't find uptime from /proc/uptime, using os.uptime() value
2026-10-04T22:01:34: PM2 warn: [pidusage] We couldn't find uptime from /proc/uptime, using os.uptime() value
2026-10-04T22:02:04: PM2 warn: [pidusage] We couldn't find uptime from /proc/uptime, using os.uptime() value
2026-10-04T22:02:34: PM2 warn: [pidusage] We couldn't find uptime from /proc/uptime, using os.uptime() value
2026-10-04T22:03:04: PM2 warn: [pidusage] We couldn't find uptime from /proc/uptime, using os.uptime() value
2026-10-04T22:03:34: PM2 warn: [pidusage] We couldn't find uptime from /proc/uptime, using os.uptime() value
2026-10-04T22:04:04: PM2 warn: [pidusage] We couldn't find uptime from /proc/uptime, using os.uptime() value
2026-10-04T22:04:34: PM2 warn: [pidusage] We couldn't find uptime from /proc/uptime, using os.uptime() value
2026-10-04T22:05:04: PM2 warn: [pidusage] We couldn't find uptime from /proc/uptime, using os.uptime() value
2026-10-04T22:11:00: PM2 warn: [pidusage] We couldn't find uptime from /proc/uptime, using os.uptime() value
2026-10-04T22:11:30: PM2 warn: [pidusage] We couldn't find uptime from /proc/uptime, using os.uptime() value
2026-10-04T22:12:00: PM2 warn: [pidusage] We couldn't find uptime from /proc/uptime, using os.uptime() value
2026-10-04T22:12:29: PM2 warn: [pidusage] We couldn't find uptime from /proc/uptime, using os.uptime() value
2026-10-04T22:13:00: PM2 warn: [pidusage] We couldn't find uptime from /proc/uptime, using os.uptime() value
2026-10-04T22:13:30: PM2 warn: [pidusage] We couldn't find uptime from /proc/uptime, using os.uptime() value
2026-10-04T22:14:00: PM2 warn: [pidusage] We couldn't find uptime from /proc/uptime, using os.uptime() value
2026-10-04T22:14:30: PM2 warn: [pidusage] We couldn't find uptime from /proc/uptime, using os.uptime() value
2026-10-04T22:15:00: PM2 warn: [pidusage] We couldn't find uptime from /proc/uptime, using os.uptime() value
2026-10-04T22:15:30: PM2 warn: [pidusage] We couldn't find uptime from /proc/uptime, using os.uptime() value
2026-10-04T22:16:00: PM2 warn: [pidusage] We couldn't find uptime from /proc/uptime, using os.uptime() value
2026-10-04T22:16:30: PM2 warn: [pidusage] We couldn't find uptime from /proc/uptime, using os.uptime() value
2026-10-04T22:17:00: PM2 warn: [pidusage] We couldn't find uptime from /proc/uptime, using os.uptime() value
2026-10-04T22:17:30: PM2 warn: [pidusage] We couldn't find uptime from /proc/uptime, using os.uptime() value
2026-10-04T22:18:00: PM2 warn: [pidusage] We couldn't find uptime from /proc/uptime, using os.uptime() value
2026-10-04T22:18:30: PM2 warn: [pidusage] We couldn't find uptime from /proc/uptime, using os.uptime() value
2026-10-04T22:19:00: PM2 warn: [pidusage] We couldn't find uptime from /proc/uptime, using os.uptime() value
2026-10-04T22:19:30: PM2 warn: [pidusage] We couldn't find uptime from /proc/uptime, using os.uptime() value
2026-10-04T22:20:00: PM2 warn: [pidusage] We couldn't find uptime from /proc/uptime, using os.uptime() value
2026-10-04T22:20:30: PM2 warn: [pidusage] We couldn't find uptime from /proc/uptime, using os.uptime() value
2026-10-04T22:21:00: PM2 warn: [pidusage] We couldn't find uptime from /proc/uptime, using os.uptime() value
2026-10-04T22:21:30: PM2 warn: [pidusage] We couldn't find uptime from /proc/uptime, using os.uptime() value
2026-10-04T22:22:00: PM2 warn: [pidusage] We couldn't find uptime from /proc/uptime, using os.uptime() value
2026-10-04T22:22:30: PM2 warn: [pidusage] We couldn't find uptime from /proc/uptime, using os.uptime() value
2026-10-04T22:23:00: PM2 warn: [pidusage] We couldn't find uptime from /proc/uptime, using os.uptime() value
2026-10-04T22:23:30: PM2 warn: [pidusage] We couldn't find uptime from /proc/uptime, using os.uptime() value
2026-10-04T22:24:00: PM2 warn: [pidusage] We couldn't find uptime from /proc/uptime, using os.uptime() value
2026-10-04T22:26:09: PM2 warn: [pidusage] We couldn't find uptime from /proc/uptime, using os.uptime() value
2026-10-04T22:26:39: PM2 warn: [pidusage] We couldn't find uptime from /proc/uptime, using os.uptime() value
2026-10-04T22:27:09: PM2 warn: [pidusage] We couldn't find uptime from /proc/uptime, using os.uptime() value
2026-10-04T22:27:39: PM2 warn: [pidusage] We couldn't find uptime from /proc/uptime, using os.uptime() value
2026-10-04T22:28:09: PM2 warn: [pidusage] We couldn't find uptime from /proc/uptime, using os.uptime() value
2026-10-04T22:28:39: PM2 warn: [pidusage] We couldn't find uptime from /proc/uptime, using os.uptime() value
2026-10-04T22:29:09: PM2 warn: [pidusage] We couldn't find uptime from /proc/uptime, using os.uptime() value
2026-10-04T22:29:39: PM2 warn: [pidusage] We couldn't find uptime from /proc/uptime, using os.uptime() value
2026-10-04T22:30:09: PM2 warn: [pidusage] We couldn't find uptime from /proc/uptime, using os.uptime() value
2026-10-04T22:30:39: PM2 warn: [pidusage] We couldn't find uptime from /proc/uptime, using os.uptime() value
2026-10-04T22:31:09: PM2 warn: [pidusage] We couldn't find uptime from /proc/uptime, using os.uptime() value
2026-10-04T22:31:39: PM2 warn: [pidusage] We couldn't find uptime from /proc/uptime, using os.uptime() value
2026-10-04T22:32:09: PM2 warn: [pidusage] We couldn't find uptime from /proc/uptime, using os.uptime() value
2026-10-04T22:32:39: PM2 warn: [pidusage] We couldn't find uptime from /proc/uptime, using os.uptime() value
2026-10-04T22:33:09: PM2 warn: [pidusage] We couldn't find uptime from /proc/uptime, using os.uptime() value
2026-10-04T22:33:39: PM2 warn: [pidusage] We couldn't find uptime from /proc/uptime, using os.uptime() value
2026-10-04T22:34:09: PM2 warn: [pidusage] We couldn't find uptime from /proc/uptime, using os.uptime() value
2026-10-04T22:34:39: PM2 warn: [pidusage] We couldn't find uptime from /proc/uptime, using os.uptime() value
2026-10-04T22:35:09: PM2 warn: [pidusage] We couldn't find uptime from /proc/uptime, using os.uptime() value
2026-10-04T22:35:39: PM2 warn: [pidusage] We couldn't find uptime from /proc/uptime, using os.uptime() value
2026-10-04T22:36:09: PM2 warn: [pidusage] We couldn't find uptime from /proc/uptime, using os.uptime() value
2026-10-04T22:36:39: PM2 warn: [pidusage] We couldn't find uptime from /proc/uptime, using os.uptime() value
2026-10-04T22:37:09: PM2 warn: [pidusage] We couldn't find uptime from /proc/uptime, using os.uptime() value
2026-10-04T22:37:39: PM2 warn: [pidusage] We couldn't find uptime from /proc/uptime, using os.uptime() value
2026-10-04T22:38:09: PM2 warn: [pidusage] We couldn't find uptime from /proc/uptime, using os.uptime() value
2026-10-04T22:38:39: PM2 warn: [pidusage] We couldn't find uptime from /proc/uptime, using os.uptime() value
2026-10-04T22:39:09: PM2 warn: [pidusage] We couldn't find uptime from /proc/uptime, using os.uptime() value
2026-10-04T22:39:39: PM2 warn: [pidusage] We couldn't find uptime from /proc/uptime, using os.uptime() value
2026-10-04T22:40:09: PM2 warn: [pidusage] We couldn't find uptime from /proc/uptime, using os.uptime() value
2026-10-04T22:40:39: PM2 warn: [pidusage] We couldn't find uptime from /proc/uptime, using os.uptime() value
2026-10-04T22:41:09: PM2 warn: [pidusage] We couldn't find uptime from /proc/uptime, using os.uptime() value
2026-10-04T22:41:39: PM2 warn: [pidusage] We couldn't find uptime from /proc/uptime, using os.uptime() value
2026-10-04T22:42:09: PM2 warn: [pidusage] We couldn't find uptime from /proc/uptime, using os.uptime() value
2026-10-04T22:42:39: PM2 warn: [pidusage] We couldn't find uptime from /proc/uptime, using os.uptime() value
2026-10-04T22:43:09: PM2 warn: [pidusage] We couldn't find uptime from /proc/uptime, using os.uptime() value
2026-10-04T22:43:39: PM2 warn: [pidusage] We couldn't find uptime from /proc/uptime, using os.uptime() value
2026-10-04T22:43:52: PM2 warn: [pidusage] We couldn't find uptime from /proc/uptime, using os.uptime() value
2026-10-04T22:43:52: PM2 log: Stopping app:bot-wa id:0
2026-10-04T22:43:52: PM2 log: App [bot-wa:0] exited with code [0] via signal [SIGINT]
2026-10-04T22:43:52: PM2 log: pid=8623 msg=process tree killed (1 pids)
2026-10-04T22:43:52: PM2 log: App [bot-wa:0] starting in -fork mode-
2026-10-04T22:43:52: PM2 log: App [bot-wa:0] online
2026-10-04T22:43:52: PM2 warn: [pidusage] We couldn't find uptime from /proc/uptime, using os.uptime() value
2026-10-04T22:43:54: PM2 warn: [pidusage] We couldn't find uptime from /proc/uptime, using os.uptime() value
2026-10-04T22:44:09: PM2 warn: [pidusage] We couldn't find uptime from /proc/uptime, using os.uptime() value
2026-10-04T22:44:39: PM2 warn: [pidusage] We couldn't find uptime from /proc/uptime, using os.uptime() value
2026-10-04T22:45:09: PM2 warn: [pidusage] We couldn't find uptime from /proc/uptime, using os.uptime() value
2026-10-04T22:45:39: PM2 warn: [pidusage] We couldn't find uptime from /proc/uptime, using os.uptime() value
2026-10-04T22:46:09: PM2 warn: [pidusage] We couldn't find uptime from /proc/uptime, using os.uptime() value
2026-10-04T22:46:39: PM2 warn: [pidusage] We couldn't find uptime from /proc/uptime, using os.uptime() value
2026-10-04T22:47:09: PM2 warn: [pidusage] We couldn't find uptime from /proc/uptime, using os.uptime() value
2026-10-04T22:47:39: PM2 warn: [pidusage] We couldn't find uptime from /proc/uptime, using os.uptime() value
2026-10-04T22:48:09: PM2 warn: [pidusage] We couldn't find uptime from /proc/uptime, using os.uptime() value
2026-10-04T22:48:39: PM2 warn: [pidusage] We couldn't find uptime from /proc/uptime, using os.uptime() value
2026-10-04T22:49:09: PM2 warn: [pidusage] We couldn't find uptime from /proc/uptime, using os.uptime() value
2026-10-04T22:49:39: PM2 warn: [pidusage] We couldn't find uptime from /proc/uptime, using os.uptime() value
2026-10-04T22:50:09: PM2 warn: [pidusage] We couldn't find uptime from /proc/uptime, using os.uptime() value
2026-10-04T22:50:39: PM2 warn: [pidusage] We couldn't find uptime from /proc/uptime, using os.uptime() value
2026-10-04T22:51:09: PM2 warn: [pidusage] We couldn't find uptime from /proc/uptime, using os.uptime() value
2026-10-04T22:51:39: PM2 warn: [pidusage] We couldn't find uptime from /proc/uptime, using os.uptime() value
2026-10-04T22:52:09: PM2 warn: [pidusage] We couldn't find uptime from /proc/uptime, using os.uptime() value
2026-10-04T22:52:39: PM2 warn: [pidusage] We couldn't find uptime from /proc/uptime, using os.uptime() value
2026-10-04T22:53:09: PM2 warn: [pidusage] We couldn't find uptime from /proc/uptime, using os.uptime() value
2026-10-04T22:53:39: PM2 warn: [pidusage] We couldn't find uptime from /proc/uptime, using os.uptime() value
2026-10-04T22:54:09: PM2 warn: [pidusage] We couldn't find uptime from /proc/uptime, using os.uptime() value
2026-10-04T22:54:39: PM2 warn: [pidusage] We couldn't find uptime from /proc/uptime, using os.uptime() value
2026-10-04T22:55:09: PM2 warn: [pidusage] We couldn't find uptime from /proc/uptime, using os.uptime() value
2026-10-04T22:55:39: PM2 warn: [pidusage] We couldn't find uptime from /proc/uptime, using os.uptime() value
2026-10-04T22:56:09: PM2 warn: [pidusage] We couldn't find uptime from /proc/uptime, using os.uptime() value
2026-10-04T22:56:39: PM2 warn: [pidusage] We couldn't find uptime from /proc/uptime, using os.uptime() value
2026-10-04T22:57:09: PM2 warn: [pidusage] We couldn't find uptime from /proc/uptime, using os.uptime() value
2026-10-04T22:57:39: PM2 warn: [pidusage] We couldn't find uptime from /proc/uptime, using os.uptime() value
2026-10-04T22:58:09: PM2 warn: [pidusage] We couldn't find uptime from /proc/uptime, using os.uptime() value
2026-10-04T22:58:39: PM2 warn: [pidusage] We couldn't find uptime from /proc/uptime, using os.uptime() value
2026-10-04T22:59:09: PM2 warn: [pidusage] We couldn't find uptime from /proc/uptime, using os.uptime() value
2026-10-04T22:59:39: PM2 warn: [pidusage] We couldn't find uptime from /proc/uptime, using os.uptime() value
2026-10-04T23:00:09: PM2 warn: [pidusage] We couldn't find uptime from /proc/uptime, using os.uptime() value
2026-10-04T23:04:32: PM2 warn: [pidusage] We couldn't find uptime from /proc/uptime, using os.uptime() value
2026-10-04T23:05:01: PM2 warn: [pidusage] We couldn't find uptime from /proc/uptime, using os.uptime() value
2026-10-04T23:05:31: PM2 warn: [pidusage] We couldn't find uptime from /proc/uptime, using os.uptime() value
2026-10-04T23:06:01: PM2 warn: [pidusage] We couldn't find uptime from /proc/uptime, using os.uptime() value
2026-10-04T23:06:31: PM2 warn: [pidusage] We couldn't find uptime from /proc/uptime, using os.uptime() value
2026-10-04T23:07:01: PM2 warn: [pidusage] We couldn't find uptime from /proc/uptime, using os.uptime() value
2026-10-04T23:07:31: PM2 warn: [pidusage] We couldn't find uptime from /proc/uptime, using os.uptime() value
2026-10-04T23:08:01: PM2 warn: [pidusage] We couldn't find uptime from /proc/uptime, using os.uptime() value
2026-10-04T23:08:31: PM2 warn: [pidusage] We couldn't find uptime from /proc/uptime, using os.uptime() value
2026-10-04T23:09:01: PM2 warn: [pidusage] We couldn't find uptime from /proc/uptime, using os.uptime() value
2026-10-04T23:09:31: PM2 warn: [pidusage] We couldn't find uptime from /proc/uptime, using os.uptime() value
2026-10-04T23:10:01: PM2 warn: [pidusage] We couldn't find uptime from /proc/uptime, using os.uptime() value
2026-10-04T23:10:31: PM2 warn: [pidusage] We couldn't find uptime from /proc/uptime, using os.uptime() value
2026-10-04T23:11:01: PM2 warn: [pidusage] We couldn't find uptime from /proc/uptime, using os.uptime() value
2026-10-04T23:11:31: PM2 warn: [pidusage] We couldn't find uptime from /proc/uptime, using os.uptime() value
2026-10-04T23:12:01: PM2 warn: [pidusage] We couldn't find uptime from /proc/uptime, using os.uptime() value
2026-10-04T23:12:31: PM2 warn: [pidusage] We couldn't find uptime from /proc/uptime, using os.uptime() value
2026-10-04T23:13:01: PM2 warn: [pidusage] We couldn't find uptime from /proc/uptime, using os.uptime() value
2026-10-04T23:13:31: PM2 warn: [pidusage] We couldn't find uptime from /proc/uptime, using os.uptime() value
2026-10-04T23:14:01: PM2 warn: [pidusage] We couldn't find uptime from /proc/uptime, using os.uptime() value
2026-10-04T23:14:31: PM2 warn: [pidusage] We couldn't find uptime from /proc/uptime, using os.uptime() value
2026-10-04T23:15:01: PM2 warn: [pidusage] We couldn't find uptime from /proc/uptime, using os.uptime() value
2026-10-04T23:15:31: PM2 warn: [pidusage] We couldn't find uptime from /proc/uptime, using os.uptime() value
2026-10-04T23:16:01: PM2 warn: [pidusage] We couldn't find uptime from /proc/uptime, using os.uptime() value
2026-10-04T23:16:31: PM2 warn: [pidusage] We couldn't find uptime from /proc/uptime, using os.uptime() value
2026-10-04T23:17:01: PM2 warn: [pidusage] We couldn't find uptime from /proc/uptime, using os.uptime() value
2026-10-04T23:17:31: PM2 warn: [pidusage] We couldn't find uptime from /proc/uptime, using os.uptime() value
2026-10-04T23:18:01: PM2 warn: [pidusage] We couldn't find uptime from /proc/uptime, using os.uptime() value
2026-10-04T23:18:31: PM2 warn: [pidusage] We couldn't find uptime from /proc/uptime, using os.uptime() value
2026-10-04T23:19:01: PM2 warn: [pidusage] We couldn't find uptime from /proc/uptime, using os.uptime() value
2026-10-04T23:19:31: PM2 warn: [pidusage] We couldn't find uptime from /proc/uptime, using os.uptime() value
2026-10-04T23:20:02: PM2 warn: [pidusage] We couldn't find uptime from /proc/uptime, using os.uptime() value
2026-10-04T23:20:31: PM2 warn: [pidusage] We couldn't find uptime from /proc/uptime, using os.uptime() value
2026-10-04T23:21:01: PM2 warn: [pidusage] We couldn't find uptime from /proc/uptime, using os.uptime() value
2026-10-04T23:21:31: PM2 warn: [pidusage] We couldn't find uptime from /proc/uptime, using os.uptime() value
2026-10-04T23:22:01: PM2 warn: [pidusage] We couldn't find uptime from /proc/uptime, using os.uptime() value
2026-10-04T23:22:31: PM2 warn: [pidusage] We couldn't find uptime from /proc/uptime, using os.uptime() value
2026-10-04T23:23:01: PM2 warn: [pidusage] We couldn't find uptime from /proc/uptime, using os.uptime() value
2026-10-04T23:23:31: PM2 warn: [pidusage] We couldn't find uptime from /proc/uptime, using os.uptime() value
2026-10-04T23:24:01: PM2 warn: [pidusage] We couldn't find uptime from /proc/uptime, using os.uptime() value
2026-10-04T23:24:31: PM2 warn: [pidusage] We couldn't find uptime from /proc/uptime, using os.uptime() value
2026-10-04T23:25:01: PM2 warn: [pidusage] We couldn't find uptime from /proc/uptime, using os.uptime() value
2026-10-04T23:25:31: PM2 warn: [pidusage] We couldn't find uptime from /proc/uptime, using os.uptime() value
2026-10-04T23:26:01: PM2 warn: [pidusage] We couldn't find uptime from /proc/uptime, using os.uptime() value
2026-10-04T23:26:31: PM2 warn: [pidusage] We couldn't find uptime from /proc/uptime, using os.uptime() value
2026-10-04T23:27:01: PM2 warn: [pidusage] We couldn't find uptime from /proc/uptime, using os.uptime() value
2026-10-04T23:27:31: PM2 warn: [pidusage] We couldn't find uptime from /proc/uptime, using os.uptime() value
2026-10-04T23:28:01: PM2 warn: [pidusage] We couldn't find uptime from /proc/uptime, using os.uptime() value
2026-10-04T23:28:31: PM2 warn: [pidusage] We couldn't find uptime from /proc/uptime, using os.uptime() value
2026-10-04T23:29:01: PM2 warn: [pidusage] We couldn't find uptime from /proc/uptime, using os.uptime() value
2026-10-04T23:29:31: PM2 warn: [pidusage] We couldn't find uptime from /proc/uptime, using os.uptime() value
2026-10-04T23:30:01: PM2 warn: [pidusage] We couldn't find uptime from /proc/uptime, using os.uptime() value
2026-10-04T23:30:31: PM2 warn: [pidusage] We couldn't find uptime from /proc/uptime, using os.uptime() value
2026-10-04T23:31:01: PM2 warn: [pidusage] We couldn't find uptime from /proc/uptime, using os.uptime() value
2026-10-04T23:31:31: PM2 warn: [pidusage] We couldn't find uptime from /proc/uptime, using os.uptime() value
2026-10-04T23:32:02: PM2 warn: [pidusage] We couldn't find uptime from /proc/uptime, using os.uptime() value
2026-10-04T23:32:32: PM2 warn: [pidusage] We couldn't find uptime from /proc/uptime, using os.uptime() value
2026-10-04T23:33:02: PM2 warn: [pidusage] We couldn't find uptime from /proc/uptime, using os.uptime() value
2026-10-04T23:33:32: PM2 warn: [pidusage] We couldn't find uptime from /proc/uptime, using os.uptime() value
2026-10-04T23:34:02: PM2 warn: [pidusage] We couldn't find uptime from /proc/uptime, using os.uptime() value
2026-10-04T23:34:32: PM2 warn: [pidusage] We couldn't find uptime from /proc/uptime, using os.uptime() value
2026-10-04T23:35:02: PM2 warn: [pidusage] We couldn't find uptime from /proc/uptime, using os.uptime() value
2026-10-04T23:35:32: PM2 warn: [pidusage] We couldn't find uptime from /proc/uptime, using os.uptime() value
2026-10-04T23:36:02: PM2 warn: [pidusage] We couldn't find uptime from /proc/uptime, using os.uptime() value
2026-10-04T23:36:32: PM2 warn: [pidusage] We couldn't find uptime from /proc/uptime, using os.uptime() value
2026-10-04T23:37:02: PM2 warn: [pidusage] We couldn't find uptime from /proc/uptime, using os.uptime() value
2026-10-04T23:37:32: PM2 warn: [pidusage] We couldn't find uptime from /proc/uptime, using os.uptime() value
2026-10-04T23:38:02: PM2 warn: [pidusage] We couldn't find uptime from /proc/uptime, using os.uptime() value
2026-10-04T23:38:32: PM2 warn: [pidusage] We couldn't find uptime from /proc/uptime, using os.uptime() value
2026-10-04T23:39:02: PM2 warn: [pidusage] We couldn't find uptime from /proc/uptime, using os.uptime() value
2026-10-04T23:39:32: PM2 warn: [pidusage] We couldn't find uptime from /proc/uptime, using os.uptime() value
2026-10-04T23:40:02: PM2 warn: [pidusage] We couldn't find uptime from /proc/uptime, using os.uptime() value
2026-10-04T23:40:32: PM2 warn: [pidusage] We couldn't find uptime from /proc/uptime, using os.uptime() value
2026-10-04T23:41:02: PM2 warn: [pidusage] We couldn't find uptime from /proc/uptime, using os.uptime() value
2026-10-04T23:41:32: PM2 warn: [pidusage] We couldn't find uptime from /proc/uptime, using os.uptime() value
2026-10-04T23:42:02: PM2 warn: [pidusage] We couldn't find uptime from /proc/uptime, using os.uptime() value
2026-10-04T23:42:32: PM2 warn: [pidusage] We couldn't find uptime from /proc/uptime, using os.uptime() value
2026-10-04T23:43:02: PM2 warn: [pidusage] We couldn't find uptime from /proc/uptime, using os.uptime() value
2026-10-04T23:43:32: PM2 warn: [pidusage] We couldn't find uptime from /proc/uptime, using os.uptime() value
2026-10-04T23:44:02: PM2 warn: [pidusage] We couldn't find uptime from /proc/uptime, using os.uptime() value
2026-10-04T23:44:32: PM2 warn: [pidusage] We couldn't find uptime from /proc/uptime, using os.uptime() value
2026-10-04T23:45:02: PM2 warn: [pidusage] We couldn't find uptime from /proc/uptime, using os.uptime() value
2026-10-04T23:45:32: PM2 warn: [pidusage] We couldn't find uptime from /proc/uptime, using os.uptime() value
2026-10-04T23:46:02: PM2 warn: [pidusage] We couldn't find uptime from /proc/uptime, using os.uptime() value
2026-10-04T23:46:32: PM2 warn: [pidusage] We couldn't find uptime from /proc/uptime, using os.uptime() value
2026-10-04T23:47:02: PM2 warn: [pidusage] We couldn't find uptime from /proc/uptime, using os.uptime() value
2026-10-04T23:47:32: PM2 warn: [pidusage] We couldn't find uptime from /proc/uptime, using os.uptime() value
2026-10-04T23:48:02: PM2 warn: [pidusage] We couldn't find uptime from /proc/uptime, using os.uptime() value
2026-10-04T23:48:32: PM2 warn: [pidusage] We couldn't find uptime from /proc/uptime, using os.uptime() value
2026-10-04T23:49:02: PM2 warn: [pidusage] We couldn't find uptime from /proc/uptime, using os.uptime() value
2026-10-04T23:49:32: PM2 warn: [pidusage] We couldn't find uptime from /proc/uptime, using os.uptime() value
2026-10-04T23:50:02: PM2 warn: [pidusage] We couldn't find uptime from /proc/uptime, using os.uptime() value
2026-10-04T23:50:32: PM2 warn: [pidusage] We couldn't find uptime from /proc/uptime, using os.uptime() value
2026-10-04T23:51:02: PM2 warn: [pidusage] We couldn't find uptime from /proc/uptime, using os.uptime() value
2026-10-04T23:51:32: PM2 warn: [pidusage] We couldn't find uptime from /proc/uptime, using os.uptime() value
2026-10-04T23:52:02: PM2 warn: [pidusage] We couldn't find uptime from /proc/uptime, using os.uptime() value
2026-10-04T23:52:32: PM2 warn: [pidusage] We couldn't find uptime from /proc/uptime, using os.uptime() value
2026-10-04T23:53:02: PM2 warn: [pidusage] We couldn't find uptime from /proc/uptime, using os.uptime() value
2026-10-04T23:53:32: PM2 warn: [pidusage] We couldn't find uptime from /proc/uptime, using os.uptime() value
2026-10-04T23:54:02: PM2 warn: [pidusage] We couldn't find uptime from /proc/uptime, using os.uptime() value
2026-10-04T23:54:32: PM2 warn: [pidusage] We couldn't find uptime from /proc/uptime, using os.uptime() value
2026-10-04T23:55:02: PM2 warn: [pidusage] We couldn't find uptime from /proc/uptime, using os.uptime() value
2026-10-04T23:55:32: PM2 warn: [pidusage] We couldn't find uptime from /proc/uptime, using os.uptime() value
2026-10-04T23:56:02: PM2 warn: [pidusage] We couldn't find uptime from /proc/uptime, using os.uptime() value
2026-10-04T23:56:32: PM2 warn: [pidusage] We couldn't find uptime from /proc/uptime, using os.uptime() value
2026-10-04T23:57:02: PM2 warn: [pidusage] We couldn't find uptime from /proc/uptime, using os.uptime() value
2026-10-04T23:57:32: PM2 warn: [pidusage] We couldn't find uptime from /proc/uptime, using os.uptime() value
2026-10-04T23:58:02: PM2 warn: [pidusage] We couldn't find uptime from /proc/uptime, using os.uptime() value
2026-10-04T23:58:32: PM2 warn: [pidusage] We couldn't find uptime from /proc/uptime, using os.uptime() value
2026-10-04T23:59:02: PM2 warn: [pidusage] We couldn't find uptime from /proc/uptime, using os.uptime() value
2026-10-04T23:59:32: PM2 warn: [pidusage] We couldn't find uptime from /proc/uptime, using os.uptime() value
2026-10-05T00:00:02: PM2 warn: [pidusage] We couldn't find uptime from /proc/uptime, using os.uptime() value
2026-10-05T00:00:32: PM2 warn: [pidusage] We couldn't find uptime from /proc/uptime, using os.uptime() value
2026-10-05T00:01:02: PM2 warn: [pidusage] We couldn't find uptime from /proc/uptime, using os.uptime() value
2026-10-05T00:01:32: PM2 warn: [pidusage] We couldn't find uptime from /proc/uptime, using os.uptime() value
2026-10-05T00:02:02: PM2 warn: [pidusage] We couldn't find uptime from /proc/uptime, using os.uptime() value
2026-10-05T00:02:32: PM2 warn: [pidusage] We couldn't find uptime from /proc/uptime, using os.uptime() value
2026-10-05T00:03:02: PM2 warn: [pidusage] We couldn't find uptime from /proc/uptime, using os.uptime() value
2026-10-05T00:03:32: PM2 warn: [pidusage] We couldn't find uptime from /proc/uptime, using os.uptime() value
2026-10-05T00:04:02: PM2 warn: [pidusage] We couldn't find uptime from /proc/uptime, using os.uptime() value
2026-10-05T00:04:32: PM2 warn: [pidusage] We couldn't find uptime from /proc/uptime, using os.uptime() value
2026-10-05T00:05:02: PM2 warn: [pidusage] We couldn't find uptime from /proc/uptime, using os.uptime() value
2026-10-05T00:05:32: PM2 warn: [pidusage] We couldn't find uptime from /proc/uptime, using os.uptime() value
2026-10-05T00:06:02: PM2 warn: [pidusage] We couldn't find uptime from /proc/uptime, using os.uptime() value
2026-10-05T00:06:32: PM2 warn: [pidusage] We couldn't find uptime from /proc/uptime, using os.uptime() value
2026-10-05T00:07:02: PM2 warn: [pidusage] We couldn't find uptime from /proc/uptime, using os.uptime() value
2026-10-05T00:07:32: PM2 warn: [pidusage] We couldn't find uptime from /proc/uptime, using os.uptime() value
2026-10-05T00:08:02: PM2 warn: [pidusage] We couldn't find uptime from /proc/uptime, using os.uptime() value
2026-10-05T00:08:19: PM2 warn: [pidusage] We couldn't find uptime from /proc/uptime, using os.uptime() value
2026-10-05T00:08:19: PM2 log: Stopping app:bot-wa id:0
2026-10-05T00:08:19: PM2 log: App [bot-wa:0] exited with code [0] via signal [SIGINT]
2026-10-05T00:08:19: PM2 log: pid=26850 msg=process tree killed (1 pids)
2026-10-05T00:08:19: PM2 log: App [bot-wa:0] starting in -fork mode-
2026-10-05T00:08:19: PM2 log: App [bot-wa:0] online
2026-10-05T00:08:19: PM2 warn: [pidusage] We couldn't find uptime from /proc/uptime, using os.uptime() value
2026-10-05T00:08:20: PM2 warn: [pidusage] We couldn't find uptime from /proc/uptime, using os.uptime() value
2026-10-05T00:08:32: PM2 warn: [pidusage] We couldn't find uptime from /proc/uptime, using os.uptime() value
2026-10-05T00:09:02: PM2 warn: [pidusage] We couldn't find uptime from /proc/uptime, using os.uptime() value
2026-10-05T00:09:32: PM2 warn: [pidusage] We couldn't find uptime from /proc/uptime, using os.uptime() value
2026-10-05T00:10:02: PM2 warn: [pidusage] We couldn't find uptime from /proc/uptime, using os.uptime() value
2026-10-05T00:10:32: PM2 warn: [pidusage] We couldn't find uptime from /proc/uptime, using os.uptime() value
2026-10-05T00:11:02: PM2 warn: [pidusage] We couldn't find uptime from /proc/uptime, using os.uptime() value
2026-10-05T00:12:28: PM2 warn: [pidusage] We couldn't find uptime from /proc/uptime, using os.uptime() value
2026-10-05T00:12:58: PM2 warn: [pidusage] We couldn't find uptime from /proc/uptime, using os.uptime() value
2026-10-05T00:13:28: PM2 warn: [pidusage] We couldn't find uptime from /proc/uptime, using os.uptime() value
2026-10-05T00:13:58: PM2 warn: [pidusage] We couldn't find uptime from /proc/uptime, using os.uptime() value
2026-10-05T00:14:28: PM2 warn: [pidusage] We couldn't find uptime from /proc/uptime, using os.uptime() value
2026-10-05T00:14:58: PM2 warn: [pidusage] We couldn't find uptime from /proc/uptime, using os.uptime() value
2026-10-05T00:15:28: PM2 warn: [pidusage] We couldn't find uptime from /proc/uptime, using os.uptime() value
2026-10-05T00:15:58: PM2 warn: [pidusage] We couldn't find uptime from /proc/uptime, using os.uptime() value
2026-10-05T00:16:28: PM2 warn: [pidusage] We couldn't find uptime from /proc/uptime, using os.uptime() value
2026-10-05T00:16:58: PM2 warn: [pidusage] We couldn't find uptime from /proc/uptime, using os.uptime() value
2026-10-05T00:17:28: PM2 warn: [pidusage] We couldn't find uptime from /proc/uptime, using os.uptime() value
2026-10-05T00:17:58: PM2 warn: [pidusage] We couldn't find uptime from /proc/uptime, using os.uptime() value
2026-10-05T00:18:28: PM2 warn: [pidusage] We couldn't find uptime from /proc/uptime, using os.uptime() value
2026-10-05T00:18:58: PM2 warn: [pidusage] We couldn't find uptime from /proc/uptime, using os.uptime() value
2026-10-05T00:19:28: PM2 warn: [pidusage] We couldn't find uptime from /proc/uptime, using os.uptime() value
2026-10-05T00:19:58: PM2 warn: [pidusage] We couldn't find uptime from /proc/uptime, using os.uptime() value
2026-10-05T00:20:28: PM2 warn: [pidusage] We couldn't find uptime from /proc/uptime, using os.uptime() value
2026-10-05T00:20:58: PM2 warn: [pidusage] We couldn't find uptime from /proc/uptime, using os.uptime() value
2026-10-05T00:21:28: PM2 warn: [pidusage] We couldn't find uptime from /proc/uptime, using os.uptime() value
2026-10-05T00:21:58: PM2 warn: [pidusage] We couldn't find uptime from /proc/uptime, using os.uptime() value
2026-10-05T00:22:28: PM2 warn: [pidusage] We couldn't find uptime from /proc/uptime, using os.uptime() value
2026-10-05T00:22:58: PM2 warn: [pidusage] We couldn't find uptime from /proc/uptime, using os.uptime() value
2026-10-05T00:23:28: PM2 warn: [pidusage] We couldn't find uptime from /proc/uptime, using os.uptime() value
2026-10-05T00:23:58: PM2 warn: [pidusage] We couldn't find uptime from /proc/uptime, using os.uptime() value
2026-10-05T00:24:28: PM2 warn: [pidusage] We couldn't find uptime from /proc/uptime, using os.uptime() value
2026-10-05T00:24:58: PM2 warn: [pidusage] We couldn't find uptime from /proc/uptime, using os.uptime() value
2026-10-05T00:25:28: PM2 warn: [pidusage] We couldn't find uptime from /proc/uptime, using os.uptime() value
2026-10-05T00:25:58: PM2 warn: [pidusage] We couldn't find uptime from /proc/uptime, using os.uptime() value
2026-10-05T00:26:28: PM2 warn: [pidusage] We couldn't find uptime from /proc/uptime, using os.uptime() value
2026-10-05T00:26:58: PM2 warn: [pidusage] We couldn't find uptime from /proc/uptime, using os.uptime() value
2026-10-05T00:27:28: PM2 warn: [pidusage] We couldn't find uptime from /proc/uptime, using os.uptime() value
2026-10-05T00:27:58: PM2 warn: [pidusage] We couldn't find uptime from /proc/uptime, using os.uptime() value
2026-10-05T00:28:28: PM2 warn: [pidusage] We couldn't find uptime from /proc/uptime, using os.uptime() value
2026-10-05T00:28:58: PM2 warn: [pidusage] We couldn't find uptime from /proc/uptime, using os.uptime() value
2026-10-05T00:29:28: PM2 warn: [pidusage] We couldn't find uptime from /proc/uptime, using os.uptime() value
2026-10-05T00:29:58: PM2 warn: [pidusage] We couldn't find uptime from /proc/uptime, using os.uptime() value
2026-10-05T00:30:28: PM2 warn: [pidusage] We couldn't find uptime from /proc/uptime, using os.uptime() value
2026-10-05T00:30:58: PM2 warn: [pidusage] We couldn't find uptime from /proc/uptime, using os.uptime() value
2026-10-05T00:32:38: PM2 warn: [pidusage] We couldn't find uptime from /proc/uptime, using os.uptime() value
2026-10-05T00:33:08: PM2 warn: [pidusage] We couldn't find uptime from /proc/uptime, using os.uptime() value
2026-10-05T00:33:38: PM2 warn: [pidusage] We couldn't find uptime from /proc/uptime, using os.uptime() value
2026-10-05T00:34:08: PM2 warn: [pidusage] We couldn't find uptime from /proc/uptime, using os.uptime() value
2026-10-05T00:34:42: PM2 warn: [pidusage] We couldn't find uptime from /proc/uptime, using os.uptime() value
2026-10-05T00:35:12: PM2 warn: [pidusage] We couldn't find uptime from /proc/uptime, using os.uptime() value
2026-10-05T00:35:42: PM2 warn: [pidusage] We couldn't find uptime from /proc/uptime, using os.uptime() value
2026-10-05T00:36:12: PM2 warn: [pidusage] We couldn't find uptime from /proc/uptime, using os.uptime() value
2026-10-05T00:36:42: PM2 warn: [pidusage] We couldn't find uptime from /proc/uptime, using os.uptime() value
2026-10-05T00:37:12: PM2 warn: [pidusage] We couldn't find uptime from /proc/uptime, using os.uptime() value
2026-10-05T00:37:42: PM2 warn: [pidusage] We couldn't find uptime from /proc/uptime, using os.uptime() value
2026-10-05T00:38:12: PM2 warn: [pidusage] We couldn't find uptime from /proc/uptime, using os.uptime() value
2026-10-05T00:38:42: PM2 warn: [pidusage] We couldn't find uptime from /proc/uptime, using os.uptime() value
2026-10-05T00:39:12: PM2 warn: [pidusage] We couldn't find uptime from /proc/uptime, using os.uptime() value
2026-10-05T00:39:42: PM2 warn: [pidusage] We couldn't find uptime from /proc/uptime, using os.uptime() value
2026-10-05T00:42:53: PM2 warn: [pidusage] We couldn't find uptime from /proc/uptime, using os.uptime() value
2026-10-05T00:43:23: PM2 warn: [pidusage] We couldn't find uptime from /proc/uptime, using os.uptime() value
2026-10-05T00:43:53: PM2 warn: [pidusage] We couldn't find uptime from /proc/uptime, using os.uptime() value
2026-10-05T00:44:23: PM2 warn: [pidusage] We couldn't find uptime from /proc/uptime, using os.uptime() value
2026-10-05T00:44:53: PM2 warn: [pidusage] We couldn't find uptime from /proc/uptime, using os.uptime() value
2026-10-05T00:45:23: PM2 warn: [pidusage] We couldn't find uptime from /proc/uptime, using os.uptime() value
2026-10-05T00:45:53: PM2 warn: [pidusage] We couldn't find uptime from /proc/uptime, using os.uptime() value
2026-10-05T00:46:23: PM2 warn: [pidusage] We couldn't find uptime from /proc/uptime, using os.uptime() value
2026-10-05T00:46:53: PM2 warn: [pidusage] We couldn't find uptime from /proc/uptime, using os.uptime() value
2026-10-05T00:47:23: PM2 warn: [pidusage] We couldn't find uptime from /proc/uptime, using os.uptime() value
2026-10-05T00:47:53: PM2 warn: [pidusage] We couldn't find uptime from /proc/uptime, using os.uptime() value
2026-10-05T00:48:23: PM2 warn: [pidusage] We couldn't find uptime from /proc/uptime, using os.uptime() value
2026-10-05T00:48:53: PM2 warn: [pidusage] We couldn't find uptime from /proc/uptime, using os.uptime() value
2026-10-05T00:49:23: PM2 warn: [pidusage] We couldn't find uptime from /proc/uptime, using os.uptime() value
2026-10-05T00:49:53: PM2 warn: [pidusage] We couldn't find uptime from /proc/uptime, using os.uptime() value
2026-10-05T00:50:23: PM2 warn: [pidusage] We couldn't find uptime from /proc/uptime, using os.uptime() value
2026-10-05T00:50:53: PM2 warn: [pidusage] We couldn't find uptime from /proc/uptime, using os.uptime() value
2026-10-05T00:51:23: PM2 warn: [pidusage] We couldn't find uptime from /proc/uptime, using os.uptime() value
2026-10-05T00:51:53: PM2 warn: [pidusage] We couldn't find uptime from /proc/uptime, using os.uptime() value
2026-10-05T00:52:24: PM2 warn: [pidusage] We couldn't find uptime from /proc/uptime, using os.uptime() value
2026-10-05T00:52:54: PM2 warn: [pidusage] We couldn't find uptime from /proc/uptime, using os.uptime() value
2026-10-05T00:53:24: PM2 warn: [pidusage] We couldn't find uptime from /proc/uptime, using os.uptime() value
2026-10-05T00:53:54: PM2 warn: [pidusage] We couldn't find uptime from /proc/uptime, using os.uptime() value
2026-10-05T00:54:24: PM2 warn: [pidusage] We couldn't find uptime from /proc/uptime, using os.uptime() value
2026-10-05T00:54:54: PM2 warn: [pidusage] We couldn't find uptime from /proc/uptime, using os.uptime() value
2026-10-05T00:55:24: PM2 warn: [pidusage] We couldn't find uptime from /proc/uptime, using os.uptime() value
2026-10-05T00:55:54: PM2 warn: [pidusage] We couldn't find uptime from /proc/uptime, using os.uptime() value
2026-10-05T00:56:24: PM2 warn: [pidusage] We couldn't find uptime from /proc/uptime, using os.uptime() value
2026-10-05T00:56:54: PM2 warn: [pidusage] We couldn't find uptime from /proc/uptime, using os.uptime() value
2026-10-05T00:57:24: PM2 warn: [pidusage] We couldn't find uptime from /proc/uptime, using os.uptime() value
2026-10-05T00:57:54: PM2 warn: [pidusage] We couldn't find uptime from /proc/uptime, using os.uptime() value
2026-10-05T00:58:24: PM2 warn: [pidusage] We couldn't find uptime from /proc/uptime, using os.uptime() value
2026-10-05T01:00:52: PM2 warn: [pidusage] We couldn't find uptime from /proc/uptime, using os.uptime() value
2026-10-05T01:01:22: PM2 warn: [pidusage] We couldn't find uptime from /proc/uptime, using os.uptime() value
2026-10-05T01:01:52: PM2 warn: [pidusage] We couldn't find uptime from /proc/uptime, using os.uptime() value
2026-10-05T01:02:22: PM2 warn: [pidusage] We couldn't find uptime from /proc/uptime, using os.uptime() value
2026-10-05T01:02:52: PM2 warn: [pidusage] We couldn't find uptime from /proc/uptime, using os.uptime() value
2026-10-05T01:03:22: PM2 warn: [pidusage] We couldn't find uptime from /proc/uptime, using os.uptime() value
2026-10-05T01:03:52: PM2 warn: [pidusage] We couldn't find uptime from /proc/uptime, using os.uptime() value
2026-10-05T01:04:22: PM2 warn: [pidusage] We couldn't find uptime from /proc/uptime, using os.uptime() value
2026-10-05T01:04:52: PM2 warn: [pidusage] We couldn't find uptime from /proc/uptime, using os.uptime() value
2026-10-05T01:05:22: PM2 warn: [pidusage] We couldn't find uptime from /proc/uptime, using os.uptime() value
2026-10-05T01:05:52: PM2 warn: [pidusage] We couldn't find uptime from /proc/uptime, using os.uptime() value
2026-10-05T01:06:22: PM2 warn: [pidusage] We couldn't find uptime from /proc/uptime, using os.uptime() value
2026-10-05T01:06:52: PM2 warn: [pidusage] We couldn't find uptime from /proc/uptime, using os.uptime() value
2026-10-05T01:07:22: PM2 warn: [pidusage] We couldn't find uptime from /proc/uptime, using os.uptime() value
2026-10-05T01:07:52: PM2 warn: [pidusage] We couldn't find uptime from /proc/uptime, using os.uptime() value
2026-10-05T01:08:22: PM2 warn: [pidusage] We couldn't find uptime from /proc/uptime, using os.uptime() value
2026-10-05T01:08:52: PM2 warn: [pidusage] We couldn't find uptime from /proc/uptime, using os.uptime() value
2026-10-05T01:09:22: PM2 warn: [pidusage] We couldn't find uptime from /proc/uptime, using os.uptime() value
2026-10-05T01:09:52: PM2 warn: [pidusage] We couldn't find uptime from /proc/uptime, using os.uptime() value
2026-10-05T01:10:22: PM2 warn: [pidusage] We couldn't find uptime from /proc/uptime, using os.uptime() value
2026-10-05T01:10:52: PM2 warn: [pidusage] We couldn't find uptime from /proc/uptime, using os.uptime() value
2026-10-05T01:11:22: PM2 warn: [pidusage] We couldn't find uptime from /proc/uptime, using os.uptime() value
2026-10-05T01:11:52: PM2 warn: [pidusage] We couldn't find uptime from /proc/uptime, using os.uptime() value
2026-10-05T01:12:22: PM2 warn: [pidusage] We couldn't find uptime from /proc/uptime, using os.uptime() value
2026-10-05T01:12:52: PM2 warn: [pidusage] We couldn't find uptime from /proc/uptime, using os.uptime() value
2026-10-05T01:13:22: PM2 warn: [pidusage] We couldn't find uptime from /proc/uptime, using os.uptime() value
2026-10-05T01:13:52: PM2 warn: [pidusage] We couldn't find uptime from /proc/uptime, using os.uptime() value
2026-10-05T01:14:22: PM2 warn: [pidusage] We couldn't find uptime from /proc/uptime, using os.uptime() value
2026-10-05T01:14:52: PM2 warn: [pidusage] We couldn't find uptime from /proc/uptime, using os.uptime() value
2026-10-05T01:15:22: PM2 warn: [pidusage] We couldn't find uptime from /proc/uptime, using os.uptime() value
2026-10-05T01:15:52: PM2 warn: [pidusage] We couldn't find uptime from /proc/uptime, using os.uptime() value
2026-10-05T01:16:22: PM2 warn: [pidusage] We couldn't find uptime from /proc/uptime, using os.uptime() value
2026-10-05T01:16:52: PM2 warn: [pidusage] We couldn't find uptime from /proc/uptime, using os.uptime() value
2026-10-05T01:17:22: PM2 warn: [pidusage] We couldn't find uptime from /proc/uptime, using os.uptime() value
2026-10-05T01:17:52: PM2 warn: [pidusage] We couldn't find uptime from /proc/uptime, using os.uptime() value
2026-10-05T01:18:22: PM2 warn: [pidusage] We couldn't find uptime from /proc/uptime, using os.uptime() value
2026-10-05T01:18:52: PM2 warn: [pidusage] We couldn't find uptime from /proc/uptime, using os.uptime() value
2026-10-05T01:19:22: PM2 warn: [pidusage] We couldn't find uptime from /proc/uptime, using os.uptime() value
2026-10-05T01:19:52: PM2 warn: [pidusage] We couldn't find uptime from /proc/uptime, using os.uptime() value
2026-10-05T01:20:22: PM2 warn: [pidusage] We couldn't find uptime from /proc/uptime, using os.uptime() value
2026-10-05T01:20:52: PM2 warn: [pidusage] We couldn't find uptime from /proc/uptime, using os.uptime() value
2026-10-05T01:21:22: PM2 warn: [pidusage] We couldn't find uptime from /proc/uptime, using os.uptime() value
2026-10-05T01:21:52: PM2 warn: [pidusage] We couldn't find uptime from /proc/uptime, using os.uptime() value
2026-10-05T01:22:22: PM2 warn: [pidusage] We couldn't find uptime from /proc/uptime, using os.uptime() value
2026-10-05T01:22:52: PM2 warn: [pidusage] We couldn't find uptime from /proc/uptime, using os.uptime() value
2026-10-05T01:23:22: PM2 warn: [pidusage] We couldn't find uptime from /proc/uptime, using os.uptime() value
2026-10-05T01:23:52: PM2 warn: [pidusage] We couldn't find uptime from /proc/uptime, using os.uptime() value
2026-10-05T01:24:22: PM2 warn: [pidusage] We couldn't find uptime from /proc/uptime, using os.uptime() value
2026-10-05T01:24:52: PM2 warn: [pidusage] We couldn't find uptime from /proc/uptime, using os.uptime() value
2026-10-05T01:25:22: PM2 warn: [pidusage] We couldn't find uptime from /proc/uptime, using os.uptime() value
2026-10-05T01:25:52: PM2 warn: [pidusage] We couldn't find uptime from /proc/uptime, using os.uptime() value
2026-10-05T01:26:22: PM2 warn: [pidusage] We couldn't find uptime from /proc/uptime, using os.uptime() value
2026-10-05T01:26:52: PM2 warn: [pidusage] We couldn't find uptime from /proc/uptime, using os.uptime() value
2026-10-05T01:27:22: PM2 warn: [pidusage] We couldn't find uptime from /proc/uptime, using os.uptime() value
2026-10-05T01:27:52: PM2 warn: [pidusage] We couldn't find uptime from /proc/uptime, using os.uptime() value
2026-10-05T01:28:22: PM2 warn: [pidusage] We couldn't find uptime from /proc/uptime, using os.uptime() value
2026-10-05T01:28:52: PM2 warn: [pidusage] We couldn't find uptime from /proc/uptime, using os.uptime() value
2026-10-05T01:29:22: PM2 warn: [pidusage] We couldn't find uptime from /proc/uptime, using os.uptime() value
2026-10-05T01:29:52: PM2 warn: [pidusage] We couldn't find uptime from /proc/uptime, using os.uptime() value
2026-10-05T01:30:22: PM2 warn: [pidusage] We couldn't find uptime from /proc/uptime, using os.uptime() value
2026-10-05T01:30:52: PM2 warn: [pidusage] We couldn't find uptime from /proc/uptime, using os.uptime() value
2026-10-05T01:31:22: PM2 warn: [pidusage] We couldn't find uptime from /proc/uptime, using os.uptime() value
2026-10-05T01:31:52: PM2 warn: [pidusage] We couldn't find uptime from /proc/uptime, using os.uptime() value
2026-10-05T01:32:22: PM2 warn: [pidusage] We couldn't find uptime from /proc/uptime, using os.uptime() value
2026-10-05T01:32:52: PM2 warn: [pidusage] We couldn't find uptime from /proc/uptime, using os.uptime() value
2026-10-05T01:33:22: PM2 warn: [pidusage] We couldn't find uptime from /proc/uptime, using os.uptime() value
2026-10-05T01:33:52: PM2 warn: [pidusage] We couldn't find uptime from /proc/uptime, using os.uptime() value
2026-10-05T01:34:22: PM2 warn: [pidusage] We couldn't find uptime from /proc/uptime, using os.uptime() value
2026-10-05T01:34:52: PM2 warn: [pidusage] We couldn't find uptime from /proc/uptime, using os.uptime() value
2026-10-05T01:35:22: PM2 warn: [pidusage] We couldn't find uptime from /proc/uptime, using os.uptime() value
2026-10-05T01:35:52: PM2 warn: [pidusage] We couldn't find uptime from /proc/uptime, using os.uptime() value
2026-10-05T01:36:22: PM2 warn: [pidusage] We couldn't find uptime from /proc/uptime, using os.uptime() value
2026-10-05T01:36:52: PM2 warn: [pidusage] We couldn't find uptime from /proc/uptime, using os.uptime() value
2026-10-05T01:37:22: PM2 warn: [pidusage] We couldn't find uptime from /proc/uptime, using os.uptime() value
2026-10-05T01:37:52: PM2 warn: [pidusage] We couldn't find uptime from /proc/uptime, using os.uptime() value
2026-10-05T01:38:22: PM2 warn: [pidusage] We couldn't find uptime from /proc/uptime, using os.uptime() value
2026-10-05T01:38:52: PM2 warn: [pidusage] We couldn't find uptime from /proc/uptime, using os.uptime() value
2026-10-05T01:39:22: PM2 warn: [pidusage] We couldn't find uptime from /proc/uptime, using os.uptime() value
2026-10-05T01:39:52: PM2 warn: [pidusage] We couldn't find uptime from /proc/uptime, using os.uptime() value
2026-10-05T01:40:22: PM2 warn: [pidusage] We couldn't find uptime from /proc/uptime, using os.uptime() value
2026-10-05T01:40:52: PM2 warn: [pidusage] We couldn't find uptime from /proc/uptime, using os.uptime() value
2026-10-05T01:41:22: PM2 warn: [pidusage] We couldn't find uptime from /proc/uptime, using os.uptime() value
2026-10-05T01:43:10: PM2 warn: [pidusage] We couldn't find uptime from /proc/uptime, using os.uptime() value
2026-10-05T01:43:40: PM2 warn: [pidusage] We couldn't find uptime from /proc/uptime, using os.uptime() value
2026-10-05T01:44:10: PM2 warn: [pidusage] We couldn't find uptime from /proc/uptime, using os.uptime() value
2026-10-05T01:44:40: PM2 warn: [pidusage] We couldn't find uptime from /proc/uptime, using os.uptime() value
2026-10-05T01:45:10: PM2 warn: [pidusage] We couldn't find uptime from /proc/uptime, using os.uptime() value
2026-10-05T01:45:40: PM2 warn: [pidusage] We couldn't find uptime from /proc/uptime, using os.uptime() value
2026-10-05T01:46:10: PM2 warn: [pidusage] We couldn't find uptime from /proc/uptime, using os.uptime() value
2026-10-05T01:46:40: PM2 warn: [pidusage] We couldn't find uptime from /proc/uptime, using os.uptime() value
2026-10-05T01:47:10: PM2 warn: [pidusage] We couldn't find uptime from /proc/uptime, using os.uptime() value
2026-10-05T01:47:37: PM2 warn: [pidusage] We couldn't find uptime from /proc/uptime, using os.uptime() value
2026-10-05T01:47:37: PM2 log: Stopping app:bot-wa id:0
2026-10-05T01:47:38: PM2 log: App [bot-wa:0] exited with code [0] via signal [SIGINT]
2026-10-05T01:47:38: PM2 log: pid=5917 msg=process tree killed (1 pids)
2026-10-05T01:47:38: PM2 log: App [bot-wa:0] starting in -fork mode-
2026-10-05T01:47:38: PM2 log: App [bot-wa:0] online
2026-10-05T01:47:38: PM2 warn: [pidusage] We couldn't find uptime from /proc/uptime, using os.uptime() value
2026-10-05T01:47:39: PM2 warn: [pidusage] We couldn't find uptime from /proc/uptime, using os.uptime() value
2026-10-05T01:47:40: PM2 warn: [pidusage] We couldn't find uptime from /proc/uptime, using os.uptime() value
2026-10-05T01:48:10: PM2 warn: [pidusage] We couldn't find uptime from /proc/uptime, using os.uptime() value
2026-10-05T01:48:40: PM2 warn: [pidusage] We couldn't find uptime from /proc/uptime, using os.uptime() value
2026-10-05T01:49:10: PM2 warn: [pidusage] We couldn't find uptime from /proc/uptime, using os.uptime() value
2026-10-05T01:49:40: PM2 warn: [pidusage] We couldn't find uptime from /proc/uptime, using os.uptime() value
2026-10-05T01:50:10: PM2 warn: [pidusage] We couldn't find uptime from /proc/uptime, using os.uptime() value
2026-10-05T01:50:40: PM2 warn: [pidusage] We couldn't find uptime from /proc/uptime, using os.uptime() value
2026-10-05T01:51:10: PM2 warn: [pidusage] We couldn't find uptime from /proc/uptime, using os.uptime() value
2026-10-05T01:51:40: PM2 warn: [pidusage] We couldn't find uptime from /proc/uptime, using os.uptime() value
2026-10-05T01:52:10: PM2 warn: [pidusage] We couldn't find uptime from /proc/uptime, using os.uptime() value
2026-10-05T01:52:40: PM2 warn: [pidusage] We couldn't find uptime from /proc/uptime, using os.uptime() value
2026-10-05T01:53:10: PM2 warn: [pidusage] We couldn't find uptime from /proc/uptime, using os.uptime() value
2026-10-05T01:53:40: PM2 warn: [pidusage] We couldn't find uptime from /proc/uptime, using os.uptime() value
2026-10-05T01:54:10: PM2 warn: [pidusage] We couldn't find uptime from /proc/uptime, using os.uptime() value
2026-10-05T01:54:40: PM2 warn: [pidusage] We couldn't find uptime from /proc/uptime, using os.uptime() value
2026-10-05T01:55:10: PM2 warn: [pidusage] We couldn't find uptime from /proc/uptime, using os.uptime() value
2026-10-05T01:55:40: PM2 warn: [pidusage] We couldn't find uptime from /proc/uptime, using os.uptime() value
2026-10-05T01:56:10: PM2 warn: [pidusage] We couldn't find uptime from /proc/uptime, using os.uptime() value
2026-10-05T01:56:40: PM2 warn: [pidusage] We couldn't find uptime from /proc/uptime, using os.uptime() value
2026-10-05T01:57:10: PM2 warn: [pidusage] We couldn't find uptime from /proc/uptime, using os.uptime() value
2026-10-05T01:57:40: PM2 warn: [pidusage] We couldn't find uptime from /proc/uptime, using os.uptime() value
2026-10-05T01:58:10: PM2 warn: [pidusage] We couldn't find uptime from /proc/uptime, using os.uptime() value
2026-10-05T01:58:40: PM2 warn: [pidusage] We couldn't find uptime from /proc/uptime, using os.uptime() value
2026-10-05T01:59:06: PM2 warn: [pidusage] We couldn't find uptime from /proc/uptime, using os.uptime() value
2026-10-05T01:59:06: PM2 log: Stopping app:bot-wa id:0
2026-10-05T01:59:06: PM2 log: App [bot-wa:0] exited with code [0] via signal [SIGINT]
2026-10-05T01:59:06: PM2 log: pid=24012 msg=process tree killed (1 pids)
2026-10-05T01:59:06: PM2 log: App [bot-wa:0] starting in -fork mode-
2026-10-05T01:59:06: PM2 log: App [bot-wa:0] online
2026-10-05T01:59:06: PM2 warn: [pidusage] We couldn't find uptime from /proc/uptime, using os.uptime() value
2026-10-05T01:59:07: PM2 warn: [pidusage] We couldn't find uptime from /proc/uptime, using os.uptime() value
2026-10-05T01:59:10: PM2 warn: [pidusage] We couldn't find uptime from /proc/uptime, using os.uptime() value
2026-10-05T01:59:40: PM2 warn: [pidusage] We couldn't find uptime from /proc/uptime, using os.uptime() value
2026-10-05T02:00:10: PM2 warn: [pidusage] We couldn't find uptime from /proc/uptime, using os.uptime() value
2026-10-05T02:00:40: PM2 warn: [pidusage] We couldn't find uptime from /proc/uptime, using os.uptime() value
2026-10-05T02:01:10: PM2 warn: [pidusage] We couldn't find uptime from /proc/uptime, using os.uptime() value
2026-10-05T02:01:40: PM2 warn: [pidusage] We couldn't find uptime from /proc/uptime, using os.uptime() value
2026-10-05T02:02:10: PM2 warn: [pidusage] We couldn't find uptime from /proc/uptime, using os.uptime() value
2026-10-05T02:02:40: PM2 warn: [pidusage] We couldn't find uptime from /proc/uptime, using os.uptime() value
2026-10-05T02:03:10: PM2 warn: [pidusage] We couldn't find uptime from /proc/uptime, using os.uptime() value
2026-10-05T02:03:40: PM2 warn: [pidusage] We couldn't find uptime from /proc/uptime, using os.uptime() value
2026-10-05T02:04:10: PM2 warn: [pidusage] We couldn't find uptime from /proc/uptime, using os.uptime() value
2026-10-05T02:04:40: PM2 warn: [pidusage] We couldn't find uptime from /proc/uptime, using os.uptime() value
2026-10-05T02:05:10: PM2 warn: [pidusage] We couldn't find uptime from /proc/uptime, using os.uptime() value
2026-10-05T02:05:40: PM2 warn: [pidusage] We couldn't find uptime from /proc/uptime, using os.uptime() value
2026-10-05T02:06:10: PM2 warn: [pidusage] We couldn't find uptime from /proc/uptime, using os.uptime() value
2026-10-05T02:06:40: PM2 warn: [pidusage] We couldn't find uptime from /proc/uptime, using os.uptime() value
2026-10-05T02:07:10: PM2 warn: [pidusage] We couldn't find uptime from /proc/uptime, using os.uptime() value
2026-10-05T02:07:40: PM2 warn: [pidusage] We couldn't find uptime from /proc/uptime, using os.uptime() value
2026-10-05T02:08:10: PM2 warn: [pidusage] We couldn't find uptime from /proc/uptime, using os.uptime() value
2026-10-05T02:08:40: PM2 warn: [pidusage] We couldn't find uptime from /proc/uptime, using os.uptime() value
2026-10-05T02:09:10: PM2 warn: [pidusage] We couldn't find uptime from /proc/uptime, using os.uptime() value
2026-10-05T02:09:40: PM2 warn: [pidusage] We couldn't find uptime from /proc/uptime, using os.uptime() value
2026-10-05T02:10:10: PM2 warn: [pidusage] We couldn't find uptime from /proc/uptime, using os.uptime() value
2026-10-05T02:10:40: PM2 warn: [pidusage] We couldn't find uptime from /proc/uptime, using os.uptime() value
2026-10-05T02:11:10: PM2 warn: [pidusage] We couldn't find uptime from /proc/uptime, using os.uptime() value
2026-10-05T02:11:40: PM2 warn: [pidusage] We couldn't find uptime from /proc/uptime, using os.uptime() value
2026-10-05T02:12:10: PM2 warn: [pidusage] We couldn't find uptime from /proc/uptime, using os.uptime() value
2026-10-05T02:12:40: PM2 warn: [pidusage] We couldn't find uptime from /proc/uptime, using os.uptime() value
2026-10-05T02:13:10: PM2 warn: [pidusage] We couldn't find uptime from /proc/uptime, using os.uptime() value
2026-10-05T02:13:40: PM2 warn: [pidusage] We couldn't find uptime from /proc/uptime, using os.uptime() value
2026-10-05T02:14:10: PM2 warn: [pidusage] We couldn't find uptime from /proc/uptime, using os.uptime() value
2026-10-05T02:14:40: PM2 warn: [pidusage] We couldn't find uptime from /proc/uptime, using os.uptime() value
2026-10-05T02:15:10: PM2 warn: [pidusage] We couldn't find uptime from /proc/uptime, using os.uptime() value
2026-10-05T02:15:40: PM2 warn: [pidusage] We couldn't find uptime from /proc/uptime, using os.uptime() value
2026-10-05T02:16:10: PM2 warn: [pidusage] We couldn't find uptime from /proc/uptime, using os.uptime() value
2026-10-05T02:16:40: PM2 warn: [pidusage] We couldn't find uptime from /proc/uptime, using os.uptime() value
2026-10-05T02:17:10: PM2 warn: [pidusage] We couldn't find uptime from /proc/uptime, using os.uptime() value
2026-10-05T02:17:40: PM2 warn: [pidusage] We couldn't find uptime from /proc/uptime, using os.uptime() value
2026-10-05T02:18:10: PM2 warn: [pidusage] We couldn't find uptime from /proc/uptime, using os.uptime() value
2026-10-05T02:18:40: PM2 warn: [pidusage] We couldn't find uptime from /proc/uptime, using os.uptime() value
2026-10-05T02:19:10: PM2 warn: [pidusage] We couldn't find uptime from /proc/uptime, using os.uptime() value
2026-10-05T02:19:40: PM2 warn: [pidusage] We couldn't find uptime from /proc/uptime, using os.uptime() value
2026-10-05T02:20:10: PM2 warn: [pidusage] We couldn't find uptime from /proc/uptime, using os.uptime() value
2026-10-05T02:20:40: PM2 warn: [pidusage] We couldn't find uptime from /proc/uptime, using os.uptime() value
2026-10-05T02:21:10: PM2 warn: [pidusage] We couldn't find uptime from /proc/uptime, using os.uptime() value
2026-10-05T02:21:40: PM2 warn: [pidusage] We couldn't find uptime from /proc/uptime, using os.uptime() value
2026-10-05T02:22:10: PM2 warn: [pidusage] We couldn't find uptime from /proc/uptime, using os.uptime() value
2026-10-05T02:22:40: PM2 warn: [pidusage] We couldn't find uptime from /proc/uptime, using os.uptime() value
2026-10-05T02:23:10: PM2 warn: [pidusage] We couldn't find uptime from /proc/uptime, using os.uptime() value
2026-10-05T02:23:40: PM2 warn: [pidusage] We couldn't find uptime from /proc/uptime, using os.uptime() value
2026-10-05T02:24:10: PM2 warn: [pidusage] We couldn't find uptime from /proc/uptime, using os.uptime() value
2026-10-05T02:24:40: PM2 warn: [pidusage] We couldn't find uptime from /proc/uptime, using os.uptime() value
2026-10-05T02:25:10: PM2 warn: [pidusage] We couldn't find uptime from /proc/uptime, using os.uptime() value
2026-10-05T02:26:24: PM2 warn: [pidusage] We couldn't find uptime from /proc/uptime, using os.uptime() value
2026-10-05T02:26:54: PM2 warn: [pidusage] We couldn't find uptime from /proc/uptime, using os.uptime() value
2026-10-05T02:27:24: PM2 warn: [pidusage] We couldn't find uptime from /proc/uptime, using os.uptime() value
2026-10-05T02:27:54: PM2 warn: [pidusage] We couldn't find uptime from /proc/uptime, using os.uptime() value
2026-10-05T02:28:24: PM2 warn: [pidusage] We couldn't find uptime from /proc/uptime, using os.uptime() value
2026-10-05T02:28:54: PM2 warn: [pidusage] We couldn't find uptime from /proc/uptime, using os.uptime() value
2026-10-05T02:29:24: PM2 warn: [pidusage] We couldn't find uptime from /proc/uptime, using os.uptime() value
2026-10-05T02:29:29: PM2 warn: [pidusage] We couldn't find uptime from /proc/uptime, using os.uptime() value
2026-10-05T02:29:29: PM2 log: Stopping app:bot-wa id:0
2026-10-05T02:29:29: PM2 log: App [bot-wa:0] exited with code [0] via signal [SIGINT]
2026-10-05T02:29:29: PM2 log: pid=31148 msg=process tree killed (1 pids)
2026-10-05T02:29:29: PM2 log: App [bot-wa:0] starting in -fork mode-
2026-10-05T02:29:29: PM2 log: App [bot-wa:0] online
2026-10-05T02:29:29: PM2 warn: [pidusage] We couldn't find uptime from /proc/uptime, using os.uptime() value
2026-10-05T02:29:31: PM2 warn: [pidusage] We couldn't find uptime from /proc/uptime, using os.uptime() value
2026-10-05T02:29:54: PM2 warn: [pidusage] We couldn't find uptime from /proc/uptime, using os.uptime() value
2026-10-05T02:30:24: PM2 warn: [pidusage] We couldn't find uptime from /proc/uptime, using os.uptime() value
2026-10-05T02:30:54: PM2 warn: [pidusage] We couldn't find uptime from /proc/uptime, using os.uptime() value
2026-10-05T02:31:24: PM2 warn: [pidusage] We couldn't find uptime from /proc/uptime, using os.uptime() value
2026-10-05T02:31:54: PM2 warn: [pidusage] We couldn't find uptime from /proc/uptime, using os.uptime() value
2026-10-05T02:32:24: PM2 warn: [pidusage] We couldn't find uptime from /proc/uptime, using os.uptime() value
2026-10-05T02:32:54: PM2 warn: [pidusage] We couldn't find uptime from /proc/uptime, using os.uptime() value
2026-10-05T02:32:54: PM2 warn: [pidusage] We couldn't find uptime from /proc/uptime, using os.uptime() value
2026-10-05T02:32:54: PM2 log: Stopping app:bot-wa id:0
2026-10-05T02:32:54: PM2 log: App [bot-wa:0] exited with code [0] via signal [SIGINT]
2026-10-05T02:32:54: PM2 log: pid=17933 msg=process tree killed (1 pids)
2026-10-05T02:32:54: PM2 log: App [bot-wa:0] starting in -fork mode-
2026-10-05T02:32:54: PM2 log: App [bot-wa:0] online
2026-10-05T02:32:54: PM2 warn: [pidusage] We couldn't find uptime from /proc/uptime, using os.uptime() value
2026-10-05T02:32:55: PM2 warn: [pidusage] We couldn't find uptime from /proc/uptime, using os.uptime() value
2026-10-05T02:33:24: PM2 warn: [pidusage] We couldn't find uptime from /proc/uptime, using os.uptime() value
2026-10-05T02:33:54: PM2 warn: [pidusage] We couldn't find uptime from /proc/uptime, using os.uptime() value
2026-10-05T02:34:24: PM2 warn: [pidusage] We couldn't find uptime from /proc/uptime, using os.uptime() value
2026-10-05T02:34:54: PM2 warn: [pidusage] We couldn't find uptime from /proc/uptime, using os.uptime() value
2026-10-05T02:35:24: PM2 warn: [pidusage] We couldn't find uptime from /proc/uptime, using os.uptime() value
2026-10-05T02:35:28: PM2 warn: [pidusage] We couldn't find uptime from /proc/uptime, using os.uptime() value
2026-10-05T02:35:28: PM2 log: Stopping app:bot-wa id:0
2026-10-05T02:35:28: PM2 log: App [bot-wa:0] exited with code [0] via signal [SIGINT]
2026-10-05T02:35:28: PM2 log: pid=18434 msg=process tree killed (1 pids)
2026-10-05T02:35:28: PM2 log: App [bot-wa:0] starting in -fork mode-
2026-10-05T02:35:28: PM2 log: App [bot-wa:0] online
2026-10-05T02:35:28: PM2 warn: [pidusage] We couldn't find uptime from /proc/uptime, using os.uptime() value
2026-10-05T02:35:54: PM2 warn: [pidusage] We couldn't find uptime from /proc/uptime, using os.uptime() value
2026-10-05T02:36:24: PM2 warn: [pidusage] We couldn't find uptime from /proc/uptime, using os.uptime() value
2026-10-05T02:36:54: PM2 warn: [pidusage] We couldn't find uptime from /proc/uptime, using os.uptime() value
2026-10-05T02:37:24: PM2 warn: [pidusage] We couldn't find uptime from /proc/uptime, using os.uptime() value
2026-10-05T02:37:54: PM2 warn: [pidusage] We couldn't find uptime from /proc/uptime, using os.uptime() value
2026-10-05T02:38:24: PM2 warn: [pidusage] We couldn't find uptime from /proc/uptime, using os.uptime() value
2026-10-05T02:38:29: PM2 warn: [pidusage] We couldn't find uptime from /proc/uptime, using os.uptime() value
2026-10-05T02:38:29: PM2 log: Stopping app:bot-wa id:0
2026-10-05T02:38:29: PM2 log: App [bot-wa:0] exited with code [0] via signal [SIGINT]
2026-10-05T02:38:29: PM2 log: pid=18994 msg=process tree killed (1 pids)
2026-10-05T02:38:29: PM2 log: App [bot-wa:0] starting in -fork mode-
2026-10-05T02:38:29: PM2 log: App [bot-wa:0] online
2026-10-05T02:38:29: PM2 warn: [pidusage] We couldn't find uptime from /proc/uptime, using os.uptime() value
2026-10-05T02:38:54: PM2 warn: [pidusage] We couldn't find uptime from /proc/uptime, using os.uptime() value
2026-10-05T02:39:24: PM2 warn: [pidusage] We couldn't find uptime from /proc/uptime, using os.uptime() value
2026-10-05T02:39:54: PM2 warn: [pidusage] We couldn't find uptime from /proc/uptime, using os.uptime() value
2026-10-05T02:40:24: PM2 warn: [pidusage] We couldn't find uptime from /proc/uptime, using os.uptime() value
2026-10-05T02:40:54: PM2 warn: [pidusage] We couldn't find uptime from /proc/uptime, using os.uptime() value
2026-10-05T02:41:24: PM2 warn: [pidusage] We couldn't find uptime from /proc/uptime, using os.uptime() value
2026-10-05T02:41:54: PM2 warn: [pidusage] We couldn't find uptime from /proc/uptime, using os.uptime() value
2026-10-05T02:42:24: PM2 warn: [pidusage] We couldn't find uptime from /proc/uptime, using os.uptime() value
2026-10-05T02:42:54: PM2 warn: [pidusage] We couldn't find uptime from /proc/uptime, using os.uptime() value
2026-10-05T02:43:24: PM2 warn: [pidusage] We couldn't find uptime from /proc/uptime, using os.uptime() value
2026-10-05T02:43:54: PM2 warn: [pidusage] We couldn't find uptime from /proc/uptime, using os.uptime() value
2026-10-05T02:44:24: PM2 warn: [pidusage] We couldn't find uptime from /proc/uptime, using os.uptime() value
2026-10-05T02:44:54: PM2 warn: [pidusage] We couldn't find uptime from /proc/uptime, using os.uptime() value
2026-10-05T02:45:24: PM2 warn: [pidusage] We couldn't find uptime from /proc/uptime, using os.uptime() value
2026-10-05T02:45:54: PM2 warn: [pidusage] We couldn't find uptime from /proc/uptime, using os.uptime() value
2026-10-05T02:46:24: PM2 warn: [pidusage] We couldn't find uptime from /proc/uptime, using os.uptime() value
2026-10-05T02:46:54: PM2 warn: [pidusage] We couldn't find uptime from /proc/uptime, using os.uptime() value
2026-10-05T02:47:24: PM2 warn: [pidusage] We couldn't find uptime from /proc/uptime, using os.uptime() value
2026-10-05T02:47:54: PM2 warn: [pidusage] We couldn't find uptime from /proc/uptime, using os.uptime() value
2026-10-05T02:48:24: PM2 warn: [pidusage] We couldn't find uptime from /proc/uptime, using os.uptime() value
2026-10-05T02:48:54: PM2 warn: [pidusage] We couldn't find uptime from /proc/uptime, using os.uptime() value
2026-10-05T02:49:24: PM2 warn: [pidusage] We couldn't find uptime from /proc/uptime, using os.uptime() value
2026-10-05T02:49:54: PM2 warn: [pidusage] We couldn't find uptime from /proc/uptime, using os.uptime() value
2026-10-05T02:50:24: PM2 warn: [pidusage] We couldn't find uptime from /proc/uptime, using os.uptime() value
2026-10-05T02:50:54: PM2 warn: [pidusage] We couldn't find uptime from /proc/uptime, using os.uptime() value
2026-10-05T02:51:24: PM2 warn: [pidusage] We couldn't find uptime from /proc/uptime, using os.uptime() value
2026-10-05T02:51:54: PM2 warn: [pidusage] We couldn't find uptime from /proc/uptime, using os.uptime() value
2026-10-05T02:52:24: PM2 warn: [pidusage] We couldn't find uptime from /proc/uptime, using os.uptime() value
2026-10-05T02:52:54: PM2 warn: [pidusage] We couldn't find uptime from /proc/uptime, using os.uptime() value
2026-10-05T02:53:24: PM2 warn: [pidusage] We couldn't find uptime from /proc/uptime, using os.uptime() value
2026-10-05T02:53:54: PM2 warn: [pidusage] We couldn't find uptime from /proc/uptime, using os.uptime() value
2026-10-05T02:54:24: PM2 warn: [pidusage] We couldn't find uptime from /proc/uptime, using os.uptime() value
2026-10-05T02:54:54: PM2 warn: [pidusage] We couldn't find uptime from /proc/uptime, using os.uptime() value
2026-10-05T02:55:24: PM2 warn: [pidusage] We couldn't find uptime from /proc/uptime, using os.uptime() value
2026-10-05T02:55:54: PM2 warn: [pidusage] We couldn't find uptime from /proc/uptime, using os.uptime() value
2026-10-05T02:56:24: PM2 warn: [pidusage] We couldn't find uptime from /proc/uptime, using os.uptime() value
2026-10-05T02:56:54: PM2 warn: [pidusage] We couldn't find uptime from /proc/uptime, using os.uptime() value
2026-10-05T02:57:24: PM2 warn: [pidusage] We couldn't find uptime from /proc/uptime, using os.uptime() value
2026-10-05T02:57:54: PM2 warn: [pidusage] We couldn't find uptime from /proc/uptime, using os.uptime() value
2026-10-05T02:58:24: PM2 warn: [pidusage] We couldn't find uptime from /proc/uptime, using os.uptime() value
2026-10-05T02:58:54: PM2 warn: [pidusage] We couldn't find uptime from /proc/uptime, using os.uptime() value
2026-10-05T02:59:24: PM2 warn: [pidusage] We couldn't find uptime from /proc/uptime, using os.uptime() value
2026-10-05T02:59:54: PM2 warn: [pidusage] We couldn't find uptime from /proc/uptime, using os.uptime() value
2026-10-05T03:00:24: PM2 warn: [pidusage] We couldn't find uptime from /proc/uptime, using os.uptime() value
2026-10-05T03:00:54: PM2 warn: [pidusage] We couldn't find uptime from /proc/uptime, using os.uptime() value
2026-10-05T03:01:24: PM2 warn: [pidusage] We couldn't find uptime from /proc/uptime, using os.uptime() value
2026-10-05T03:01:54: PM2 warn: [pidusage] We couldn't find uptime from /proc/uptime, using os.uptime() value
2026-10-05T03:02:24: PM2 warn: [pidusage] We couldn't find uptime from /proc/uptime, using os.uptime() value
2026-10-05T03:02:54: PM2 warn: [pidusage] We couldn't find uptime from /proc/uptime, using os.uptime() value
2026-10-05T03:03:24: PM2 warn: [pidusage] We couldn't find uptime from /proc/uptime, using os.uptime() value
2026-10-05T03:03:54: PM2 warn: [pidusage] We couldn't find uptime from /proc/uptime, using os.uptime() value
2026-10-05T03:04:24: PM2 warn: [pidusage] We couldn't find uptime from /proc/uptime, using os.uptime() value
2026-10-05T03:04:54: PM2 warn: [pidusage] We couldn't find uptime from /proc/uptime, using os.uptime() value
2026-10-05T03:05:24: PM2 warn: [pidusage] We couldn't find uptime from /proc/uptime, using os.uptime() value
2026-10-05T03:05:54: PM2 warn: [pidusage] We couldn't find uptime from /proc/uptime, using os.uptime() value
2026-10-05T03:06:24: PM2 warn: [pidusage] We couldn't find uptime from /proc/uptime, using os.uptime() value
2026-10-05T03:06:54: PM2 warn: [pidusage] We couldn't find uptime from /proc/uptime, using os.uptime() value
2026-10-05T03:07:24: PM2 warn: [pidusage] We couldn't find uptime from /proc/uptime, using os.uptime() value
2026-10-05T03:07:54: PM2 warn: [pidusage] We couldn't find uptime from /proc/uptime, using os.uptime() value
2026-10-05T03:08:24: PM2 warn: [pidusage] We couldn't find uptime from /proc/uptime, using os.uptime() value
2026-10-05T03:08:54: PM2 warn: [pidusage] We couldn't find uptime from /proc/uptime, using os.uptime() value
2026-10-05T03:09:24: PM2 warn: [pidusage] We couldn't find uptime from /proc/uptime, using os.uptime() value
2026-10-05T03:09:54: PM2 warn: [pidusage] We couldn't find uptime from /proc/uptime, using os.uptime() value
2026-10-05T03:15:59: PM2 warn: [pidusage] We couldn't find uptime from /proc/uptime, using os.uptime() value
2026-10-05T03:16:29: PM2 warn: [pidusage] We couldn't find uptime from /proc/uptime, using os.uptime() value
2026-10-05T03:16:59: PM2 warn: [pidusage] We couldn't find uptime from /proc/uptime, using os.uptime() value
2026-10-05T03:17:29: PM2 warn: [pidusage] We couldn't find uptime from /proc/uptime, using os.uptime() value
2026-10-05T03:17:59: PM2 warn: [pidusage] We couldn't find uptime from /proc/uptime, using os.uptime() value
2026-10-05T03:18:29: PM2 warn: [pidusage] We couldn't find uptime from /proc/uptime, using os.uptime() value
2026-10-05T03:18:59: PM2 warn: [pidusage] We couldn't find uptime from /proc/uptime, using os.uptime() value
2026-10-05T03:19:29: PM2 warn: [pidusage] We couldn't find uptime from /proc/uptime, using os.uptime() value
2026-10-05T03:19:59: PM2 warn: [pidusage] We couldn't find uptime from /proc/uptime, using os.uptime() value
2026-10-05T03:20:29: PM2 warn: [pidusage] We couldn't find uptime from /proc/uptime, using os.uptime() value
2026-10-05T03:20:59: PM2 warn: [pidusage] We couldn't find uptime from /proc/uptime, using os.uptime() value
2026-10-05T03:21:29: PM2 warn: [pidusage] We couldn't find uptime from /proc/uptime, using os.uptime() value
2026-10-05T03:21:59: PM2 warn: [pidusage] We couldn't find uptime from /proc/uptime, using os.uptime() value
2026-10-05T03:22:29: PM2 warn: [pidusage] We couldn't find uptime from /proc/uptime, using os.uptime() value
2026-10-05T03:22:59: PM2 warn: [pidusage] We couldn't find uptime from /proc/uptime, using os.uptime() value
2026-10-05T03:23:29: PM2 warn: [pidusage] We couldn't find uptime from /proc/uptime, using os.uptime() value
2026-10-05T03:23:59: PM2 warn: [pidusage] We couldn't find uptime from /proc/uptime, using os.uptime() value
2026-10-05T03:29:48: PM2 warn: [pidusage] We couldn't find uptime from /proc/uptime, using os.uptime() value
2026-10-05T03:30:18: PM2 warn: [pidusage] We couldn't find uptime from /proc/uptime, using os.uptime() value
2026-10-05T03:30:48: PM2 warn: [pidusage] We couldn't find uptime from /proc/uptime, using os.uptime() value
2026-10-05T03:31:18: PM2 warn: [pidusage] We couldn't find uptime from /proc/uptime, using os.uptime() value
2026-10-05T03:31:33: PM2 warn: [pidusage] We couldn't find uptime from /proc/uptime, using os.uptime() value
2026-10-05T03:31:33: PM2 log: Stopping app:bot-wa id:0
2026-10-05T03:31:33: PM2 log: App [bot-wa:0] exited with code [0] via signal [SIGINT]
2026-10-05T03:31:33: PM2 log: pid=19837 msg=process tree killed (1 pids)
2026-10-05T03:31:33: PM2 log: App [bot-wa:0] starting in -fork mode-
2026-10-05T03:31:33: PM2 log: App [bot-wa:0] online
2026-10-05T03:31:34: PM2 warn: [pidusage] We couldn't find uptime from /proc/uptime, using os.uptime() value
2026-10-05T03:31:48: PM2 warn: [pidusage] We couldn't find uptime from /proc/uptime, using os.uptime() value
2026-10-05T03:32:10: PM2 warn: [pidusage] We couldn't find uptime from /proc/uptime, using os.uptime() value
2026-10-05T03:32:10: PM2 warn: [pidusage] We couldn't find uptime from /proc/uptime, using os.uptime() value
2026-10-05T03:32:18: PM2 warn: [pidusage] We couldn't find uptime from /proc/uptime, using os.uptime() value
2026-10-05T03:32:21: PM2 warn: [pidusage] We couldn't find uptime from /proc/uptime, using os.uptime() value
2026-10-05T03:32:48: PM2 warn: [pidusage] We couldn't find uptime from /proc/uptime, using os.uptime() value
2026-10-05T03:32:52: PM2 warn: [pidusage] We couldn't find uptime from /proc/uptime, using os.uptime() value
2026-10-05T03:32:52: PM2 log: Stopping app:bot-wa id:0
2026-10-05T03:32:52: PM2 log: App [bot-wa:0] exited with code [0] via signal [SIGINT]
2026-10-05T03:32:53: PM2 log: pid=11265 msg=process tree killed (1 pids)
2026-10-05T03:34:41: PM2 log: App [bot-wa:0] starting in -fork mode-
2026-10-05T03:34:41: PM2 log: App [bot-wa:0] online
2026-10-05T03:34:41: PM2 warn: [pidusage] We couldn't find uptime from /proc/uptime, using os.uptime() value
2026-10-05T03:34:48: PM2 warn: [pidusage] We couldn't find uptime from /proc/uptime, using os.uptime() value
2026-10-05T03:35:18: PM2 warn: [pidusage] We couldn't find uptime from /proc/uptime, using os.uptime() value
2026-10-05T03:35:48: PM2 warn: [pidusage] We couldn't find uptime from /proc/uptime, using os.uptime() value
2026-10-05T03:36:18: PM2 warn: [pidusage] We couldn't find uptime from /proc/uptime, using os.uptime() value
2026-10-05T03:36:48: PM2 warn: [pidusage] We couldn't find uptime from /proc/uptime, using os.uptime() value
2026-10-05T03:37:18: PM2 warn: [pidusage] We couldn't find uptime from /proc/uptime, using os.uptime() value
2026-10-05T03:37:48: PM2 warn: [pidusage] We couldn't find uptime from /proc/uptime, using os.uptime() value
2026-10-05T03:38:05: PM2 warn: [pidusage] We couldn't find uptime from /proc/uptime, using os.uptime() value
2026-10-05T03:38:05: PM2 log: Stopping app:bot-wa id:0
2026-10-05T03:38:05: PM2 log: App [bot-wa:0] exited with code [0] via signal [SIGINT]
2026-10-05T03:38:05: PM2 log: pid=12897 msg=process tree killed (1 pids)
2026-10-05T03:38:05: PM2 log: App [bot-wa:0] starting in -fork mode-
2026-10-05T03:38:05: PM2 log: App [bot-wa:0] online
2026-10-05T03:38:05: PM2 warn: [pidusage] We couldn't find uptime from /proc/uptime, using os.uptime() value
2026-10-05T03:38:18: PM2 warn: [pidusage] We couldn't find uptime from /proc/uptime, using os.uptime() value
2026-10-05T03:38:48: PM2 warn: [pidusage] We couldn't find uptime from /proc/uptime, using os.uptime() value
2026-10-05T03:39:18: PM2 warn: [pidusage] We couldn't find uptime from /proc/uptime, using os.uptime() value
2026-10-05T03:39:48: PM2 warn: [pidusage] We couldn't find uptime from /proc/uptime, using os.uptime() value
2026-10-05T03:40:18: PM2 warn: [pidusage] We couldn't find uptime from /proc/uptime, using os.uptime() value
2026-10-05T03:40:48: PM2 warn: [pidusage] We couldn't find uptime from /proc/uptime, using os.uptime() value
2026-10-05T03:41:18: PM2 warn: [pidusage] We couldn't find uptime from /proc/uptime, using os.uptime() value
2026-10-05T03:41:48: PM2 warn: [pidusage] We couldn't find uptime from /proc/uptime, using os.uptime() value
2026-10-05T03:42:18: PM2 warn: [pidusage] We couldn't find uptime from /proc/uptime, using os.uptime() value
2026-10-05T03:42:48: PM2 warn: [pidusage] We couldn't find uptime from /proc/uptime, using os.uptime() value
2026-10-05T03:43:07: PM2 warn: [pidusage] We couldn't find uptime from /proc/uptime, using os.uptime() value
2026-10-05T03:43:07: PM2 log: Stopping app:bot-wa id:0
2026-10-05T03:43:07: PM2 log: App [bot-wa:0] exited with code [0] via signal [SIGINT]
2026-10-05T03:43:07: PM2 log: pid=13581 msg=process tree killed (1 pids)
2026-10-05T03:43:07: PM2 log: App [bot-wa:0] starting in -fork mode-
2026-10-05T03:43:07: PM2 log: App [bot-wa:0] online
2026-10-05T03:43:07: PM2 warn: [pidusage] We couldn't find uptime from /proc/uptime, using os.uptime() value
2026-10-05T03:43:08: PM2 warn: [pidusage] We couldn't find uptime from /proc/uptime, using os.uptime() value
2026-10-05T03:43:18: PM2 warn: [pidusage] We couldn't find uptime from /proc/uptime, using os.uptime() value
2026-10-05T03:43:48: PM2 warn: [pidusage] We couldn't find uptime from /proc/uptime, using os.uptime() value
2026-10-05T03:44:18: PM2 warn: [pidusage] We couldn't find uptime from /proc/uptime, using os.uptime() value
2026-10-05T03:44:48: PM2 warn: [pidusage] We couldn't find uptime from /proc/uptime, using os.uptime() value
2026-10-05T03:45:18: PM2 warn: [pidusage] We couldn't find uptime from /proc/uptime, using os.uptime() value
2026-10-05T03:45:48: PM2 warn: [pidusage] We couldn't find uptime from /proc/uptime, using os.uptime() value
2026-10-05T03:46:18: PM2 warn: [pidusage] We couldn't find uptime from /proc/uptime, using os.uptime() value
2026-10-05T03:46:48: PM2 warn: [pidusage] We couldn't find uptime from /proc/uptime, using os.uptime() value
2026-10-05T03:47:16: PM2 warn: [pidusage] We couldn't find uptime from /proc/uptime, using os.uptime() value
2026-10-05T03:47:16: PM2 log: Stopping app:bot-wa id:0
2026-10-05T03:47:16: PM2 log: App [bot-wa:0] exited with code [0] via signal [SIGINT]
2026-10-05T03:47:16: PM2 log: pid=15775 msg=process tree killed (1 pids)
2026-10-05T03:47:16: PM2 log: App [bot-wa:0] starting in -fork mode-
2026-10-05T03:47:16: PM2 log: App [bot-wa:0] online
2026-10-05T03:47:16: PM2 warn: [pidusage] We couldn't find uptime from /proc/uptime, using os.uptime() value
2026-10-05T03:47:17: PM2 warn: [pidusage] We couldn't find uptime from /proc/uptime, using os.uptime() value
2026-10-05T03:47:18: PM2 warn: [pidusage] We couldn't find uptime from /proc/uptime, using os.uptime() value
2026-10-05T03:47:48: PM2 warn: [pidusage] We couldn't find uptime from /proc/uptime, using os.uptime() value
2026-10-05T03:48:18: PM2 warn: [pidusage] We couldn't find uptime from /proc/uptime, using os.uptime() value
2026-10-05T03:48:48: PM2 warn: [pidusage] We couldn't find uptime from /proc/uptime, using os.uptime() value
2026-10-05T03:49:18: PM2 warn: [pidusage] We couldn't find uptime from /proc/uptime, using os.uptime() value
2026-10-05T03:49:48: PM2 warn: [pidusage] We couldn't find uptime from /proc/uptime, using os.uptime() value
2026-10-05T03:50:18: PM2 warn: [pidusage] We couldn't find uptime from /proc/uptime, using os.uptime() value
2026-10-05T03:50:48: PM2 warn: [pidusage] We couldn't find uptime from /proc/uptime, using os.uptime() value
2026-10-05T03:51:18: PM2 warn: [pidusage] We couldn't find uptime from /proc/uptime, using os.uptime() value
2026-10-05T03:51:25: PM2 warn: [pidusage] We couldn't find uptime from /proc/uptime, using os.uptime() value
2026-10-05T03:51:25: PM2 log: Stopping app:bot-wa id:0
2026-10-05T03:51:25: PM2 log: App [bot-wa:0] exited with code [0] via signal [SIGINT]
2026-10-05T03:51:25: PM2 log: pid=17012 msg=process tree killed (1 pids)
2026-10-05T03:51:25: PM2 log: App [bot-wa:0] starting in -fork mode-
2026-10-05T03:51:25: PM2 log: App [bot-wa:0] online
2026-10-05T03:51:25: PM2 warn: [pidusage] We couldn't find uptime from /proc/uptime, using os.uptime() value
2026-10-05T03:51:48: PM2 warn: [pidusage] We couldn't find uptime from /proc/uptime, using os.uptime() value
2026-10-05T03:52:18: PM2 warn: [pidusage] We couldn't find uptime from /proc/uptime, using os.uptime() value
2026-10-05T03:52:48: PM2 warn: [pidusage] We couldn't find uptime from /proc/uptime, using os.uptime() value
2026-10-05T03:53:18: PM2 warn: [pidusage] We couldn't find uptime from /proc/uptime, using os.uptime() value
2026-10-05T03:53:18: PM2 warn: [pidusage] We couldn't find uptime from /proc/uptime, using os.uptime() value
2026-10-05T03:53:18: PM2 log: Stopping app:bot-wa id:0
2026-10-05T03:53:18: PM2 log: App [bot-wa:0] exited with code [0] via signal [SIGINT]
2026-10-05T03:53:19: PM2 log: pid=18343 msg=process tree killed (1 pids)
2026-10-05T03:53:19: PM2 log: App [bot-wa:0] starting in -fork mode-
2026-10-05T03:53:19: PM2 log: App [bot-wa:0] online
2026-10-05T03:53:19: PM2 warn: [pidusage] We couldn't find uptime from /proc/uptime, using os.uptime() value
2026-10-05T03:53:48: PM2 warn: [pidusage] We couldn't find uptime from /proc/uptime, using os.uptime() value
2026-10-05T03:54:18: PM2 warn: [pidusage] We couldn't find uptime from /proc/uptime, using os.uptime() value
2026-10-05T03:54:48: PM2 warn: [pidusage] We couldn't find uptime from /proc/uptime, using os.uptime() value
2026-10-05T03:55:18: PM2 warn: [pidusage] We couldn't find uptime from /proc/uptime, using os.uptime() value
2026-10-05T03:55:48: PM2 warn: [pidusage] We couldn't find uptime from /proc/uptime, using os.uptime() value
2026-10-05T03:56:18: PM2 warn: [pidusage] We couldn't find uptime from /proc/uptime, using os.uptime() value
2026-10-05T03:56:48: PM2 warn: [pidusage] We couldn't find uptime from /proc/uptime, using os.uptime() value
2026-10-05T03:57:18: PM2 warn: [pidusage] We couldn't find uptime from /proc/uptime, using os.uptime() value
2026-10-05T03:57:48: PM2 warn: [pidusage] We couldn't find uptime from /proc/uptime, using os.uptime() value
2026-10-05T03:58:18: PM2 warn: [pidusage] We couldn't find uptime from /proc/uptime, using os.uptime() value
2026-10-05T03:58:48: PM2 warn: [pidusage] We couldn't find uptime from /proc/uptime, using os.uptime() value
2026-10-05T03:59:01: PM2 warn: [pidusage] We couldn't find uptime from /proc/uptime, using os.uptime() value
2026-10-05T03:59:01: PM2 log: Stopping app:bot-wa id:0
2026-10-05T03:59:01: PM2 log: App [bot-wa:0] exited with code [0] via signal [SIGINT]
2026-10-05T03:59:01: PM2 log: pid=18787 msg=process tree killed (1 pids)
2026-10-05T03:59:01: PM2 log: App [bot-wa:0] starting in -fork mode-
2026-10-05T03:59:01: PM2 log: App [bot-wa:0] online
2026-10-05T03:59:01: PM2 warn: [pidusage] We couldn't find uptime from /proc/uptime, using os.uptime() value
2026-10-05T03:59:18: PM2 warn: [pidusage] We couldn't find uptime from /proc/uptime, using os.uptime() value
2026-10-05T03:59:48: PM2 warn: [pidusage] We couldn't find uptime from /proc/uptime, using os.uptime() value
2026-10-05T04:00:18: PM2 warn: [pidusage] We couldn't find uptime from /proc/uptime, using os.uptime() value
2026-10-05T04:00:43: PM2 warn: [pidusage] We couldn't find uptime from /proc/uptime, using os.uptime() value
2026-10-05T04:00:43: PM2 log: Stopping app:bot-wa id:0
2026-10-05T04:00:44: PM2 log: App [bot-wa:0] exited with code [0] via signal [SIGINT]
2026-10-05T04:00:44: PM2 log: pid=21887 msg=process tree killed (1 pids)
2026-10-05T04:00:44: PM2 log: App [bot-wa:0] starting in -fork mode-
2026-10-05T04:00:44: PM2 log: App [bot-wa:0] online
2026-10-05T04:00:44: PM2 warn: [pidusage] We couldn't find uptime from /proc/uptime, using os.uptime() value
2026-10-05T04:00:48: PM2 warn: [pidusage] We couldn't find uptime from /proc/uptime, using os.uptime() value
2026-10-05T04:01:18: PM2 warn: [pidusage] We couldn't find uptime from /proc/uptime, using os.uptime() value
2026-10-05T04:01:48: PM2 warn: [pidusage] We couldn't find uptime from /proc/uptime, using os.uptime() value
2026-10-05T04:02:14: PM2 warn: [pidusage] We couldn't find uptime from /proc/uptime, using os.uptime() value
2026-10-05T04:02:14: PM2 log: Stopping app:bot-wa id:0
2026-10-05T04:02:14: PM2 log: App [bot-wa:0] exited with code [0] via signal [SIGINT]
2026-10-05T04:02:14: PM2 log: pid=22249 msg=process tree killed (1 pids)
2026-10-05T04:02:14: PM2 log: App [bot-wa:0] starting in -fork mode-
2026-10-05T04:02:14: PM2 log: App [bot-wa:0] online
2026-10-05T04:02:14: PM2 warn: [pidusage] We couldn't find uptime from /proc/uptime, using os.uptime() value
2026-10-05T04:02:18: PM2 warn: [pidusage] We couldn't find uptime from /proc/uptime, using os.uptime() value
2026-10-05T04:02:48: PM2 warn: [pidusage] We couldn't find uptime from /proc/uptime, using os.uptime() value
2026-10-05T04:03:18: PM2 warn: [pidusage] We couldn't find uptime from /proc/uptime, using os.uptime() value
2026-10-05T04:03:48: PM2 warn: [pidusage] We couldn't find uptime from /proc/uptime, using os.uptime() value
2026-10-05T04:04:18: PM2 warn: [pidusage] We couldn't find uptime from /proc/uptime, using os.uptime() value
2026-10-05T04:04:27: PM2 warn: [pidusage] We couldn't find uptime from /proc/uptime, using os.uptime() value
2026-10-05T04:04:27: PM2 log: Stopping app:bot-wa id:0
2026-10-05T04:04:28: PM2 log: App [bot-wa:0] exited with code [0] via signal [SIGINT]
2026-10-05T04:04:28: PM2 log: pid=22546 msg=process tree killed (1 pids)
2026-10-05T04:04:28: PM2 log: App [bot-wa:0] starting in -fork mode-
2026-10-05T04:04:28: PM2 log: App [bot-wa:0] online
2026-10-05T04:04:28: PM2 warn: [pidusage] We couldn't find uptime from /proc/uptime, using os.uptime() value
2026-10-05T04:04:48: PM2 warn: [pidusage] We couldn't find uptime from /proc/uptime, using os.uptime() value
2026-10-05T04:05:18: PM2 warn: [pidusage] We couldn't find uptime from /proc/uptime, using os.uptime() value
2026-10-05T04:05:48: PM2 warn: [pidusage] We couldn't find uptime from /proc/uptime, using os.uptime() value
2026-10-05T04:06:18: PM2 warn: [pidusage] We couldn't find uptime from /proc/uptime, using os.uptime() value
2026-10-05T04:06:48: PM2 warn: [pidusage] We couldn't find uptime from /proc/uptime, using os.uptime() value
2026-10-05T04:07:18: PM2 warn: [pidusage] We couldn't find uptime from /proc/uptime, using os.uptime() value
2026-10-05T04:07:48: PM2 warn: [pidusage] We couldn't find uptime from /proc/uptime, using os.uptime() value
2026-10-05T04:08:18: PM2 warn: [pidusage] We couldn't find uptime from /proc/uptime, using os.uptime() value
2026-10-05T04:08:48: PM2 warn: [pidusage] We couldn't find uptime from /proc/uptime, using os.uptime() value
2026-10-05T04:09:18: PM2 warn: [pidusage] We couldn't find uptime from /proc/uptime, using os.uptime() value
2026-10-05T04:09:48: PM2 warn: [pidusage] We couldn't find uptime from /proc/uptime, using os.uptime() value
2026-10-05T04:10:18: PM2 warn: [pidusage] We couldn't find uptime from /proc/uptime, using os.uptime() value
2026-10-05T04:10:48: PM2 warn: [pidusage] We couldn't find uptime from /proc/uptime, using os.uptime() value
2026-10-05T04:11:18: PM2 warn: [pidusage] We couldn't find uptime from /proc/uptime, using os.uptime() value
2026-10-05T04:11:48: PM2 warn: [pidusage] We couldn't find uptime from /proc/uptime, using os.uptime() value
2026-10-05T04:12:08: PM2 warn: [pidusage] We couldn't find uptime from /proc/uptime, using os.uptime() value
2026-10-05T04:12:08: PM2 log: Stopping app:bot-wa id:0
2026-10-05T04:12:08: PM2 log: App [bot-wa:0] exited with code [0] via signal [SIGINT]
2026-10-05T04:12:08: PM2 log: pid=23014 msg=process tree killed (1 pids)
2026-10-05T04:12:08: PM2 log: App [bot-wa:0] starting in -fork mode-
2026-10-05T04:12:08: PM2 log: App [bot-wa:0] online
2026-10-05T04:12:08: PM2 warn: [pidusage] We couldn't find uptime from /proc/uptime, using os.uptime() value
2026-10-05T04:12:18: PM2 warn: [pidusage] We couldn't find uptime from /proc/uptime, using os.uptime() value
2026-10-05T04:12:48: PM2 warn: [pidusage] We couldn't find uptime from /proc/uptime, using os.uptime() value
2026-10-05T04:13:18: PM2 warn: [pidusage] We couldn't find uptime from /proc/uptime, using os.uptime() value
2026-10-05T04:13:48: PM2 warn: [pidusage] We couldn't find uptime from /proc/uptime, using os.uptime() value
2026-10-05T04:14:18: PM2 warn: [pidusage] We couldn't find uptime from /proc/uptime, using os.uptime() value
2026-10-05T04:14:48: PM2 warn: [pidusage] We couldn't find uptime from /proc/uptime, using os.uptime() value
2026-10-05T04:15:18: PM2 warn: [pidusage] We couldn't find uptime from /proc/uptime, using os.uptime() value
2026-10-05T04:15:48: PM2 warn: [pidusage] We couldn't find uptime from /proc/uptime, using os.uptime() value
2026-10-05T04:16:18: PM2 warn: [pidusage] We couldn't find uptime from /proc/uptime, using os.uptime() value
2026-10-05T04:16:48: PM2 warn: [pidusage] We couldn't find uptime from /proc/uptime, using os.uptime() value
2026-10-05T04:16:55: PM2 warn: [pidusage] We couldn't find uptime from /proc/uptime, using os.uptime() value
2026-10-05T04:16:55: PM2 log: Stopping app:bot-wa id:0
2026-10-05T04:16:55: PM2 log: App [bot-wa:0] exited with code [0] via signal [SIGINT]
2026-10-05T04:16:55: PM2 log: pid=24441 msg=process tree killed (1 pids)
2026-10-05T04:16:55: PM2 log: App [bot-wa:0] starting in -fork mode-
2026-10-05T04:16:55: PM2 log: App [bot-wa:0] online
2026-10-05T04:16:55: PM2 warn: [pidusage] We couldn't find uptime from /proc/uptime, using os.uptime() value
2026-10-05T04:17:18: PM2 warn: [pidusage] We couldn't find uptime from /proc/uptime, using os.uptime() value
2026-10-05T04:17:48: PM2 warn: [pidusage] We couldn't find uptime from /proc/uptime, using os.uptime() value
2026-10-05T04:18:18: PM2 warn: [pidusage] We couldn't find uptime from /proc/uptime, using os.uptime() value
2026-10-05T04:18:48: PM2 warn: [pidusage] We couldn't find uptime from /proc/uptime, using os.uptime() value
2026-10-05T04:19:18: PM2 warn: [pidusage] We couldn't find uptime from /proc/uptime, using os.uptime() value
2026-10-05T04:19:48: PM2 warn: [pidusage] We couldn't find uptime from /proc/uptime, using os.uptime() value
2026-10-05T04:19:51: PM2 warn: [pidusage] We couldn't find uptime from /proc/uptime, using os.uptime() value
2026-10-05T04:19:51: PM2 log: Stopping app:bot-wa id:0
2026-10-05T04:19:51: PM2 log: App [bot-wa:0] exited with code [0] via signal [SIGINT]
2026-10-05T04:19:51: PM2 log: pid=26307 msg=process tree killed (1 pids)
2026-10-05T04:19:51: PM2 log: App [bot-wa:0] starting in -fork mode-
2026-10-05T04:19:51: PM2 log: App [bot-wa:0] online
2026-10-05T04:19:51: PM2 warn: [pidusage] We couldn't find uptime from /proc/uptime, using os.uptime() value
2026-10-05T04:20:18: PM2 warn: [pidusage] We couldn't find uptime from /proc/uptime, using os.uptime() value
2026-10-05T04:20:48: PM2 warn: [pidusage] We couldn't find uptime from /proc/uptime, using os.uptime() value
2026-10-05T04:21:18: PM2 warn: [pidusage] We couldn't find uptime from /proc/uptime, using os.uptime() value
2026-10-05T04:21:48: PM2 warn: [pidusage] We couldn't find uptime from /proc/uptime, using os.uptime() value
2026-10-05T04:22:00: PM2 warn: [pidusage] We couldn't find uptime from /proc/uptime, using os.uptime() value
2026-10-05T04:22:00: PM2 log: Stopping app:bot-wa id:0
2026-10-05T04:22:00: PM2 log: App [bot-wa:0] exited with code [0] via signal [SIGINT]
2026-10-05T04:22:00: PM2 log: pid=26792 msg=process tree killed (1 pids)
2026-10-05T04:22:00: PM2 log: App [bot-wa:0] starting in -fork mode-
2026-10-05T04:22:00: PM2 log: App [bot-wa:0] online
2026-10-05T04:22:00: PM2 warn: [pidusage] We couldn't find uptime from /proc/uptime, using os.uptime() value
2026-10-05T04:22:18: PM2 warn: [pidusage] We couldn't find uptime from /proc/uptime, using os.uptime() value
2026-10-05T04:22:48: PM2 warn: [pidusage] We couldn't find uptime from /proc/uptime, using os.uptime() value
2026-10-05T04:23:18: PM2 warn: [pidusage] We couldn't find uptime from /proc/uptime, using os.uptime() value
2026-10-05T04:23:48: PM2 warn: [pidusage] We couldn't find uptime from /proc/uptime, using os.uptime() value
2026-10-05T04:24:18: PM2 warn: [pidusage] We couldn't find uptime from /proc/uptime, using os.uptime() value
2026-10-05T04:25:55: PM2 warn: [pidusage] We couldn't find uptime from /proc/uptime, using os.uptime() value
2026-10-05T04:26:25: PM2 warn: [pidusage] We couldn't find uptime from /proc/uptime, using os.uptime() value
2026-10-05T04:28:26: PM2 warn: [pidusage] We couldn't find uptime from /proc/uptime, using os.uptime() value
2026-10-05T04:28:56: PM2 warn: [pidusage] We couldn't find uptime from /proc/uptime, using os.uptime() value
2026-10-05T04:29:19: PM2 warn: [pidusage] We couldn't find uptime from /proc/uptime, using os.uptime() value
2026-10-05T04:29:19: PM2 log: Stopping app:bot-wa id:0
2026-10-05T04:29:19: PM2 log: App [bot-wa:0] exited with code [0] via signal [SIGINT]
2026-10-05T04:29:19: PM2 log: pid=27388 msg=process tree killed (1 pids)
2026-10-05T04:29:19: PM2 log: App [bot-wa:0] starting in -fork mode-
2026-10-05T04:29:19: PM2 log: App [bot-wa:0] online
2026-10-05T04:29:19: PM2 warn: [pidusage] We couldn't find uptime from /proc/uptime, using os.uptime() value
2026-10-05T04:29:26: PM2 warn: [pidusage] We couldn't find uptime from /proc/uptime, using os.uptime() value
2026-10-05T04:29:56: PM2 warn: [pidusage] We couldn't find uptime from /proc/uptime, using os.uptime() value
2026-10-05T04:30:26: PM2 warn: [pidusage] We couldn't find uptime from /proc/uptime, using os.uptime() value
2026-10-05T04:30:56: PM2 warn: [pidusage] We couldn't find uptime from /proc/uptime, using os.uptime() value
2026-10-05T04:31:26: PM2 warn: [pidusage] We couldn't find uptime from /proc/uptime, using os.uptime() value
2026-10-05T04:31:56: PM2 warn: [pidusage] We couldn't find uptime from /proc/uptime, using os.uptime() value
2026-10-05T04:32:26: PM2 warn: [pidusage] We couldn't find uptime from /proc/uptime, using os.uptime() value
2026-10-05T04:32:56: PM2 warn: [pidusage] We couldn't find uptime from /proc/uptime, using os.uptime() value
2026-10-05T04:33:26: PM2 warn: [pidusage] We couldn't find uptime from /proc/uptime, using os.uptime() value
2026-10-05T04:33:56: PM2 warn: [pidusage] We couldn't find uptime from /proc/uptime, using os.uptime() value
2026-10-05T04:34:26: PM2 warn: [pidusage] We couldn't find uptime from /proc/uptime, using os.uptime() value
2026-10-05T04:35:30: PM2 warn: [pidusage] We couldn't find uptime from /proc/uptime, using os.uptime() value
2026-10-05T04:36:00: PM2 warn: [pidusage] We couldn't find uptime from /proc/uptime, using os.uptime() value
2026-10-05T04:36:30: PM2 warn: [pidusage] We couldn't find uptime from /proc/uptime, using os.uptime() value
2026-10-05T04:36:49: PM2 warn: [pidusage] We couldn't find uptime from /proc/uptime, using os.uptime() value
2026-10-05T04:36:49: PM2 log: Stopping app:bot-wa id:0
2026-10-05T04:36:49: PM2 log: App [bot-wa:0] exited with code [0] via signal [SIGINT]
2026-10-05T04:36:49: PM2 log: pid=29228 msg=process tree killed (1 pids)
2026-10-05T04:36:49: PM2 log: App [bot-wa:0] starting in -fork mode-
2026-10-05T04:36:49: PM2 log: App [bot-wa:0] online
2026-10-05T04:36:49: PM2 warn: [pidusage] We couldn't find uptime from /proc/uptime, using os.uptime() value
2026-10-05T04:37:00: PM2 warn: [pidusage] We couldn't find uptime from /proc/uptime, using os.uptime() value
2026-10-05T04:37:30: PM2 warn: [pidusage] We couldn't find uptime from /proc/uptime, using os.uptime() value
2026-10-05T04:38:00: PM2 warn: [pidusage] We couldn't find uptime from /proc/uptime, using os.uptime() value
2026-10-05T04:38:30: PM2 warn: [pidusage] We couldn't find uptime from /proc/uptime, using os.uptime() value
2026-10-05T04:39:00: PM2 warn: [pidusage] We couldn't find uptime from /proc/uptime, using os.uptime() value
2026-10-05T04:39:30: PM2 warn: [pidusage] We couldn't find uptime from /proc/uptime, using os.uptime() value
2026-10-05T04:40:00: PM2 warn: [pidusage] We couldn't find uptime from /proc/uptime, using os.uptime() value
2026-10-05T04:40:30: PM2 warn: [pidusage] We couldn't find uptime from /proc/uptime, using os.uptime() value
2026-10-05T04:40:42: PM2 warn: [pidusage] We couldn't find uptime from /proc/uptime, using os.uptime() value
2026-10-05T04:40:42: PM2 log: Stopping app:bot-wa id:0
2026-10-05T04:40:42: PM2 log: App [bot-wa:0] exited with code [0] via signal [SIGINT]
2026-10-05T04:40:42: PM2 log: pid=31534 msg=process tree killed (1 pids)
2026-10-05T04:40:42: PM2 log: App [bot-wa:0] starting in -fork mode-
2026-10-05T04:40:42: PM2 log: App [bot-wa:0] online
2026-10-05T04:40:42: PM2 warn: [pidusage] We couldn't find uptime from /proc/uptime, using os.uptime() value
2026-10-05T04:41:00: PM2 warn: [pidusage] We couldn't find uptime from /proc/uptime, using os.uptime() value
2026-10-05T04:41:30: PM2 warn: [pidusage] We couldn't find uptime from /proc/uptime, using os.uptime() value
2026-10-05T04:42:00: PM2 warn: [pidusage] We couldn't find uptime from /proc/uptime, using os.uptime() value
2026-10-05T04:42:30: PM2 warn: [pidusage] We couldn't find uptime from /proc/uptime, using os.uptime() value
2026-10-05T04:43:00: PM2 warn: [pidusage] We couldn't find uptime from /proc/uptime, using os.uptime() value
2026-10-05T04:43:30: PM2 warn: [pidusage] We couldn't find uptime from /proc/uptime, using os.uptime() value
2026-10-05T04:44:00: PM2 warn: [pidusage] We couldn't find uptime from /proc/uptime, using os.uptime() value
2026-10-05T04:44:30: PM2 warn: [pidusage] We couldn't find uptime from /proc/uptime, using os.uptime() value
2026-10-05T04:44:35: PM2 warn: [pidusage] We couldn't find uptime from /proc/uptime, using os.uptime() value
2026-10-05T04:44:35: PM2 log: Stopping app:bot-wa id:0
2026-10-05T04:44:35: PM2 log: App [bot-wa:0] exited with code [0] via signal [SIGINT]
2026-10-05T04:44:35: PM2 log: pid=32429 msg=process tree killed (1 pids)
2026-10-05T04:44:35: PM2 log: App [bot-wa:0] starting in -fork mode-
2026-10-05T04:44:35: PM2 log: App [bot-wa:0] online
2026-10-05T04:44:35: PM2 warn: [pidusage] We couldn't find uptime from /proc/uptime, using os.uptime() value
2026-10-05T04:45:00: PM2 warn: [pidusage] We couldn't find uptime from /proc/uptime, using os.uptime() value
2026-10-05T04:45:30: PM2 warn: [pidusage] We couldn't find uptime from /proc/uptime, using os.uptime() value
2026-10-05T04:46:00: PM2 warn: [pidusage] We couldn't find uptime from /proc/uptime, using os.uptime() value
2026-10-05T04:46:30: PM2 warn: [pidusage] We couldn't find uptime from /proc/uptime, using os.uptime() value
2026-10-05T04:47:00: PM2 warn: [pidusage] We couldn't find uptime from /proc/uptime, using os.uptime() value
2026-10-05T04:47:30: PM2 warn: [pidusage] We couldn't find uptime from /proc/uptime, using os.uptime() value
2026-10-05T04:48:00: PM2 warn: [pidusage] We couldn't find uptime from /proc/uptime, using os.uptime() value
2026-10-05T04:48:16: PM2 warn: [pidusage] We couldn't find uptime from /proc/uptime, using os.uptime() value
2026-10-05T04:48:16: PM2 log: Stopping app:bot-wa id:0
2026-10-05T04:48:16: PM2 log: App [bot-wa:0] exited with code [0] via signal [SIGINT]
2026-10-05T04:48:16: PM2 log: pid=975 msg=process tree killed (1 pids)
2026-10-05T04:48:16: PM2 log: App [bot-wa:0] starting in -fork mode-
2026-10-05T04:48:16: PM2 log: App [bot-wa:0] online
2026-10-05T04:48:16: PM2 warn: [pidusage] We couldn't find uptime from /proc/uptime, using os.uptime() value
2026-10-05T04:48:29: PM2 warn: [pidusage] We couldn't find uptime from /proc/uptime, using os.uptime() value
2026-10-05T04:48:29: PM2 log: Stopping app:bot-wa id:0
2026-10-05T04:48:29: PM2 log: App [bot-wa:0] exited with code [0] via signal [SIGINT]
2026-10-05T04:48:29: PM2 log: pid=2209 msg=process tree killed (1 pids)
2026-10-05T04:48:29: PM2 log: App [bot-wa:0] starting in -fork mode-
2026-10-05T04:48:29: PM2 log: App [bot-wa:0] online
2026-10-05T04:48:29: PM2 warn: [pidusage] We couldn't find uptime from /proc/uptime, using os.uptime() value
2026-10-05T04:48:30: PM2 warn: [pidusage] We couldn't find uptime from /proc/uptime, using os.uptime() value
2026-10-05T04:49:00: PM2 warn: [pidusage] We couldn't find uptime from /proc/uptime, using os.uptime() value
2026-10-05T04:49:30: PM2 warn: [pidusage] We couldn't find uptime from /proc/uptime, using os.uptime() value
2026-10-05T04:50:00: PM2 warn: [pidusage] We couldn't find uptime from /proc/uptime, using os.uptime() value
2026-10-05T04:50:12: PM2 warn: [pidusage] We couldn't find uptime from /proc/uptime, using os.uptime() value
2026-10-05T04:50:12: PM2 log: Stopping app:bot-wa id:0
2026-10-05T04:50:12: PM2 log: App [bot-wa:0] exited with code [0] via signal [SIGINT]
2026-10-05T04:50:12: PM2 log: pid=2276 msg=process tree killed (1 pids)
2026-10-05T04:50:12: PM2 log: App [bot-wa:0] starting in -fork mode-
2026-10-05T04:50:12: PM2 log: App [bot-wa:0] online
2026-10-05T04:50:12: PM2 warn: [pidusage] We couldn't find uptime from /proc/uptime, using os.uptime() value
2026-10-05T04:50:30: PM2 warn: [pidusage] We couldn't find uptime from /proc/uptime, using os.uptime() value
2026-10-05T04:52:10: PM2 warn: [pidusage] We couldn't find uptime from /proc/uptime, using os.uptime() value
2026-10-05T04:52:20: PM2 warn: [pidusage] We couldn't find uptime from /proc/uptime, using os.uptime() value
2026-10-05T04:52:20: PM2 log: Stopping app:bot-wa id:0
2026-10-05T04:52:20: PM2 log: App [bot-wa:0] exited with code [0] via signal [SIGINT]
2026-10-05T04:52:20: PM2 log: pid=3751 msg=process tree killed (1 pids)
2026-10-05T04:52:20: PM2 log: App [bot-wa:0] starting in -fork mode-
2026-10-05T04:52:20: PM2 log: App [bot-wa:0] online
2026-10-05T04:52:20: PM2 warn: [pidusage] We couldn't find uptime from /proc/uptime, using os.uptime() value
2026-10-05T04:52:40: PM2 warn: [pidusage] We couldn't find uptime from /proc/uptime, using os.uptime() value
2026-10-05T04:53:10: PM2 warn: [pidusage] We couldn't find uptime from /proc/uptime, using os.uptime() value
2026-10-05T04:53:58: PM2 warn: [pidusage] We couldn't find uptime from /proc/uptime, using os.uptime() value
2026-10-05T04:54:09: PM2 warn: [pidusage] We couldn't find uptime from /proc/uptime, using os.uptime() value
2026-10-05T04:54:09: PM2 log: Stopping app:bot-wa id:0
2026-10-05T04:54:09: PM2 log: App [bot-wa:0] exited with code [0] via signal [SIGINT]
2026-10-05T04:54:09: PM2 log: pid=4531 msg=process tree killed (1 pids)
2026-10-05T04:54:09: PM2 log: App [bot-wa:0] starting in -fork mode-
2026-10-05T04:54:09: PM2 log: App [bot-wa:0] online
2026-10-05T04:54:09: PM2 warn: [pidusage] We couldn't find uptime from /proc/uptime, using os.uptime() value
2026-10-05T04:54:28: PM2 warn: [pidusage] We couldn't find uptime from /proc/uptime, using os.uptime() value
2026-10-05T04:58:10: PM2 warn: [pidusage] We couldn't find uptime from /proc/uptime, using os.uptime() value
2026-10-05T04:58:27: PM2 warn: [pidusage] We couldn't find uptime from /proc/uptime, using os.uptime() value
2026-10-05T04:58:27: PM2 log: Stopping app:bot-wa id:0
2026-10-05T04:58:27: PM2 log: App [bot-wa:0] exited with code [0] via signal [SIGINT]
2026-10-05T04:58:27: PM2 log: pid=5431 msg=process tree killed (1 pids)
2026-10-05T04:58:27: PM2 log: App [bot-wa:0] starting in -fork mode-
2026-10-05T04:58:27: PM2 log: App [bot-wa:0] online
2026-10-05T04:58:28: PM2 warn: [pidusage] We couldn't find uptime from /proc/uptime, using os.uptime() value
2026-10-05T04:58:40: PM2 warn: [pidusage] We couldn't find uptime from /proc/uptime, using os.uptime() value
2026-10-05T04:59:10: PM2 warn: [pidusage] We couldn't find uptime from /proc/uptime, using os.uptime() value
2026-10-05T04:59:40: PM2 warn: [pidusage] We couldn't find uptime from /proc/uptime, using os.uptime() value
2026-10-05T05:00:10: PM2 warn: [pidusage] We couldn't find uptime from /proc/uptime, using os.uptime() value
2026-10-05T05:00:40: PM2 warn: [pidusage] We couldn't find uptime from /proc/uptime, using os.uptime() value
2026-10-05T05:01:10: PM2 warn: [pidusage] We couldn't find uptime from /proc/uptime, using os.uptime() value
2026-10-05T05:01:40: PM2 warn: [pidusage] We couldn't find uptime from /proc/uptime, using os.uptime() value
2026-10-05T05:02:10: PM2 warn: [pidusage] We couldn't find uptime from /proc/uptime, using os.uptime() value
2026-10-05T05:02:40: PM2 warn: [pidusage] We couldn't find uptime from /proc/uptime, using os.uptime() value
2026-10-05T05:03:10: PM2 warn: [pidusage] We couldn't find uptime from /proc/uptime, using os.uptime() value
2026-10-05T05:03:40: PM2 warn: [pidusage] We couldn't find uptime from /proc/uptime, using os.uptime() value
2026-10-05T05:04:10: PM2 warn: [pidusage] We couldn't find uptime from /proc/uptime, using os.uptime() value
2026-10-05T05:04:40: PM2 warn: [pidusage] We couldn't find uptime from /proc/uptime, using os.uptime() value
2026-10-05T05:05:08: PM2 warn: [pidusage] We couldn't find uptime from /proc/uptime, using os.uptime() value
2026-10-05T05:05:08: PM2 log: Stopping app:bot-wa id:0
2026-10-05T05:05:08: PM2 log: App [bot-wa:0] exited with code [0] via signal [SIGINT]
2026-10-05T05:05:08: PM2 log: pid=6466 msg=process tree killed (1 pids)
2026-10-05T05:05:08: PM2 log: App [bot-wa:0] starting in -fork mode-
2026-10-05T05:05:08: PM2 log: App [bot-wa:0] online
2026-10-05T05:05:08: PM2 warn: [pidusage] We couldn't find uptime from /proc/uptime, using os.uptime() value
2026-10-05T05:05:10: PM2 warn: [pidusage] We couldn't find uptime from /proc/uptime, using os.uptime() value
2026-10-05T05:05:40: PM2 warn: [pidusage] We couldn't find uptime from /proc/uptime, using os.uptime() value
2026-10-05T05:06:10: PM2 warn: [pidusage] We couldn't find uptime from /proc/uptime, using os.uptime() value
2026-10-05T05:06:40: PM2 warn: [pidusage] We couldn't find uptime from /proc/uptime, using os.uptime() value
2026-10-05T05:07:10: PM2 warn: [pidusage] We couldn't find uptime from /proc/uptime, using os.uptime() value
2026-10-05T05:07:40: PM2 warn: [pidusage] We couldn't find uptime from /proc/uptime, using os.uptime() value
2026-10-05T05:07:40: PM2 warn: [pidusage] We couldn't find uptime from /proc/uptime, using os.uptime() value
2026-10-05T05:07:40: PM2 log: Stopping app:bot-wa id:0
2026-10-05T05:07:40: PM2 log: App [bot-wa:0] exited with code [0] via signal [SIGINT]
2026-10-05T05:07:40: PM2 log: pid=9098 msg=process tree killed (1 pids)
2026-10-05T05:07:40: PM2 log: App [bot-wa:0] starting in -fork mode-
2026-10-05T05:07:40: PM2 log: App [bot-wa:0] online
2026-10-05T05:07:40: PM2 warn: [pidusage] We couldn't find uptime from /proc/uptime, using os.uptime() value
2026-10-05T05:08:10: PM2 warn: [pidusage] We couldn't find uptime from /proc/uptime, using os.uptime() value
2026-10-05T05:08:40: PM2 warn: [pidusage] We couldn't find uptime from /proc/uptime, using os.uptime() value
2026-10-05T05:09:10: PM2 warn: [pidusage] We couldn't find uptime from /proc/uptime, using os.uptime() value
2026-10-05T05:09:40: PM2 warn: [pidusage] We couldn't find uptime from /proc/uptime, using os.uptime() value
2026-10-05T05:10:10: PM2 warn: [pidusage] We couldn't find uptime from /proc/uptime, using os.uptime() value
2026-10-05T05:10:40: PM2 warn: [pidusage] We couldn't find uptime from /proc/uptime, using os.uptime() value
2026-10-05T05:10:58: PM2 warn: [pidusage] We couldn't find uptime from /proc/uptime, using os.uptime() value
2026-10-05T05:10:58: PM2 log: Stopping app:bot-wa id:0
2026-10-05T05:10:58: PM2 log: App [bot-wa:0] exited with code [0] via signal [SIGINT]
2026-10-05T05:10:58: PM2 log: pid=9705 msg=process tree killed (1 pids)
2026-10-05T05:10:58: PM2 log: App [bot-wa:0] starting in -fork mode-
2026-10-05T05:10:58: PM2 log: App [bot-wa:0] online
2026-10-05T05:10:58: PM2 warn: [pidusage] We couldn't find uptime from /proc/uptime, using os.uptime() value
2026-10-05T05:11:10: PM2 warn: [pidusage] We couldn't find uptime from /proc/uptime, using os.uptime() value
2026-10-05T05:11:40: PM2 warn: [pidusage] We couldn't find uptime from /proc/uptime, using os.uptime() value
2026-10-05T05:12:10: PM2 warn: [pidusage] We couldn't find uptime from /proc/uptime, using os.uptime() value
2026-10-05T05:12:40: PM2 warn: [pidusage] We couldn't find uptime from /proc/uptime, using os.uptime() value
2026-10-05T05:13:00: PM2 warn: [pidusage] We couldn't find uptime from /proc/uptime, using os.uptime() value
2026-10-05T05:13:00: PM2 log: Stopping app:bot-wa id:0
2026-10-05T05:13:00: PM2 log: App [bot-wa:0] exited with code [0] via signal [SIGINT]
2026-10-05T05:13:00: PM2 log: pid=10454 msg=process tree killed (1 pids)
2026-10-05T05:13:00: PM2 log: App [bot-wa:0] starting in -fork mode-
2026-10-05T05:13:00: PM2 log: App [bot-wa:0] online
2026-10-05T05:13:00: PM2 warn: [pidusage] We couldn't find uptime from /proc/uptime, using os.uptime() value
2026-10-05T05:13:10: PM2 warn: [pidusage] We couldn't find uptime from /proc/uptime, using os.uptime() value
2026-10-05T05:13:40: PM2 warn: [pidusage] We couldn't find uptime from /proc/uptime, using os.uptime() value
2026-10-05T05:14:10: PM2 warn: [pidusage] We couldn't find uptime from /proc/uptime, using os.uptime() value
2026-10-05T05:14:40: PM2 warn: [pidusage] We couldn't find uptime from /proc/uptime, using os.uptime() value
2026-10-05T05:15:10: PM2 warn: [pidusage] We couldn't find uptime from /proc/uptime, using os.uptime() value
2026-10-05T05:15:40: PM2 warn: [pidusage] We couldn't find uptime from /proc/uptime, using os.uptime() value
2026-10-05T05:16:10: PM2 warn: [pidusage] We couldn't find uptime from /proc/uptime, using os.uptime() value
2026-10-05T05:16:40: PM2 warn: [pidusage] We couldn't find uptime from /proc/uptime, using os.uptime() value
2026-10-05T05:16:55: PM2 warn: [pidusage] We couldn't find uptime from /proc/uptime, using os.uptime() value
2026-10-05T05:16:55: PM2 log: Stopping app:bot-wa id:0
2026-10-05T05:16:55: PM2 log: App [bot-wa:0] exited with code [0] via signal [SIGINT]
2026-10-05T05:16:55: PM2 log: pid=11089 msg=process tree killed (1 pids)
2026-10-05T05:16:55: PM2 log: App [bot-wa:0] starting in -fork mode-
2026-10-05T05:16:55: PM2 log: App [bot-wa:0] online
2026-10-05T05:16:55: PM2 warn: [pidusage] We couldn't find uptime from /proc/uptime, using os.uptime() value
2026-10-05T05:17:10: PM2 warn: [pidusage] We couldn't find uptime from /proc/uptime, using os.uptime() value
2026-10-05T05:17:40: PM2 warn: [pidusage] We couldn't find uptime from /proc/uptime, using os.uptime() value
2026-10-05T05:18:10: PM2 warn: [pidusage] We couldn't find uptime from /proc/uptime, using os.uptime() value
2026-10-05T05:18:40: PM2 warn: [pidusage] We couldn't find uptime from /proc/uptime, using os.uptime() value
2026-10-05T05:19:10: PM2 warn: [pidusage] We couldn't find uptime from /proc/uptime, using os.uptime() value
2026-10-05T05:19:40: PM2 warn: [pidusage] We couldn't find uptime from /proc/uptime, using os.uptime() value
2026-10-05T05:20:10: PM2 warn: [pidusage] We couldn't find uptime from /proc/uptime, using os.uptime() value
2026-10-05T05:20:40: PM2 warn: [pidusage] We couldn't find uptime from /proc/uptime, using os.uptime() value
2026-10-05T05:21:10: PM2 warn: [pidusage] We couldn't find uptime from /proc/uptime, using os.uptime() value
2026-10-05T05:21:40: PM2 warn: [pidusage] We couldn't find uptime from /proc/uptime, using os.uptime() value
2026-10-05T05:21:55: PM2 warn: [pidusage] We couldn't find uptime from /proc/uptime, using os.uptime() value
2026-10-05T05:21:55: PM2 log: Stopping app:bot-wa id:0
2026-10-05T05:21:55: PM2 log: App [bot-wa:0] exited with code [0] via signal [SIGINT]
2026-10-05T05:21:55: PM2 log: pid=11632 msg=process tree killed (1 pids)
2026-10-05T05:21:55: PM2 log: App [bot-wa:0] starting in -fork mode-
2026-10-05T05:21:55: PM2 log: App [bot-wa:0] online
2026-10-05T05:21:55: PM2 warn: [pidusage] We couldn't find uptime from /proc/uptime, using os.uptime() value
2026-10-05T05:22:10: PM2 warn: [pidusage] We couldn't find uptime from /proc/uptime, using os.uptime() value
2026-10-05T05:22:40: PM2 warn: [pidusage] We couldn't find uptime from /proc/uptime, using os.uptime() value
2026-10-05T05:23:10: PM2 warn: [pidusage] We couldn't find uptime from /proc/uptime, using os.uptime() value
2026-10-05T05:23:23: PM2 warn: [pidusage] We couldn't find uptime from /proc/uptime, using os.uptime() value
2026-10-05T05:23:23: PM2 log: Stopping app:bot-wa id:0
2026-10-05T05:23:23: PM2 log: App [bot-wa:0] exited with code [0] via signal [SIGINT]
2026-10-05T05:23:23: PM2 log: pid=12323 msg=process tree killed (1 pids)
2026-10-05T05:23:23: PM2 log: App [bot-wa:0] starting in -fork mode-
2026-10-05T05:23:23: PM2 log: App [bot-wa:0] online
2026-10-05T05:23:23: PM2 warn: [pidusage] We couldn't find uptime from /proc/uptime, using os.uptime() value
2026-10-05T05:23:28: PM2 warn: [pidusage] We couldn't find uptime from /proc/uptime, using os.uptime() value
2026-10-05T05:23:28: PM2 log: Stopping app:bot-wa id:0
2026-10-05T05:23:28: PM2 log: App [bot-wa:0] exited with code [0] via signal [SIGINT]
2026-10-05T05:23:28: PM2 log: pid=12523 msg=process tree killed (1 pids)
2026-10-05T05:23:28: PM2 log: App [bot-wa:0] starting in -fork mode-
2026-10-05T05:23:28: PM2 log: App [bot-wa:0] online
2026-10-05T05:23:28: PM2 warn: [pidusage] We couldn't find uptime from /proc/uptime, using os.uptime() value
2026-10-05T05:23:40: PM2 warn: [pidusage] We couldn't find uptime from /proc/uptime, using os.uptime() value
2026-10-05T05:24:10: PM2 warn: [pidusage] We couldn't find uptime from /proc/uptime, using os.uptime() value
2026-10-05T05:24:40: PM2 warn: [pidusage] We couldn't find uptime from /proc/uptime, using os.uptime() value
2026-10-05T05:25:10: PM2 warn: [pidusage] We couldn't find uptime from /proc/uptime, using os.uptime() value
2026-10-05T05:25:40: PM2 warn: [pidusage] We couldn't find uptime from /proc/uptime, using os.uptime() value
2026-10-05T05:26:10: PM2 warn: [pidusage] We couldn't find uptime from /proc/uptime, using os.uptime() value
2026-10-05T05:26:40: PM2 warn: [pidusage] We couldn't find uptime from /proc/uptime, using os.uptime() value
2026-10-05T05:27:10: PM2 warn: [pidusage] We couldn't find uptime from /proc/uptime, using os.uptime() value
2026-10-05T05:27:40: PM2 warn: [pidusage] We couldn't find uptime from /proc/uptime, using os.uptime() value
2026-10-05T05:28:10: PM2 warn: [pidusage] We couldn't find uptime from /proc/uptime, using os.uptime() value
2026-10-05T05:28:40: PM2 warn: [pidusage] We couldn't find uptime from /proc/uptime, using os.uptime() value
2026-10-05T05:29:10: PM2 warn: [pidusage] We couldn't find uptime from /proc/uptime, using os.uptime() value
2026-10-05T05:29:40: PM2 warn: [pidusage] We couldn't find uptime from /proc/uptime, using os.uptime() value
2026-10-05T05:30:10: PM2 warn: [pidusage] We couldn't find uptime from /proc/uptime, using os.uptime() value
2026-10-05T05:30:40: PM2 warn: [pidusage] We couldn't find uptime from /proc/uptime, using os.uptime() value
2026-10-05T05:31:10: PM2 warn: [pidusage] We couldn't find uptime from /proc/uptime, using os.uptime() value
2026-10-05T05:34:44: PM2 warn: [pidusage] We couldn't find uptime from /proc/uptime, using os.uptime() value
2026-10-05T05:35:14: PM2 warn: [pidusage] We couldn't find uptime from /proc/uptime, using os.uptime() value
2026-10-05T05:35:44: PM2 warn: [pidusage] We couldn't find uptime from /proc/uptime, using os.uptime() value
2026-10-05T05:36:14: PM2 warn: [pidusage] We couldn't find uptime from /proc/uptime, using os.uptime() value
2026-10-05T05:36:44: PM2 warn: [pidusage] We couldn't find uptime from /proc/uptime, using os.uptime() value
2026-10-05T05:37:14: PM2 warn: [pidusage] We couldn't find uptime from /proc/uptime, using os.uptime() value
2026-10-05T05:37:44: PM2 warn: [pidusage] We couldn't find uptime from /proc/uptime, using os.uptime() value
2026-10-05T05:38:14: PM2 warn: [pidusage] We couldn't find uptime from /proc/uptime, using os.uptime() value
2026-10-05T05:38:44: PM2 warn: [pidusage] We couldn't find uptime from /proc/uptime, using os.uptime() value
2026-10-05T05:39:14: PM2 warn: [pidusage] We couldn't find uptime from /proc/uptime, using os.uptime() value
2026-10-05T05:39:44: PM2 warn: [pidusage] We couldn't find uptime from /proc/uptime, using os.uptime() value
2026-10-05T05:40:14: PM2 warn: [pidusage] We couldn't find uptime from /proc/uptime, using os.uptime() value
2026-10-05T05:40:44: PM2 warn: [pidusage] We couldn't find uptime from /proc/uptime, using os.uptime() value
2026-10-05T05:41:14: PM2 warn: [pidusage] We couldn't find uptime from /proc/uptime, using os.uptime() value
2026-10-05T05:41:44: PM2 warn: [pidusage] We couldn't find uptime from /proc/uptime, using os.uptime() value
2026-10-05T05:42:14: PM2 warn: [pidusage] We couldn't find uptime from /proc/uptime, using os.uptime() value
2026-10-05T05:42:44: PM2 warn: [pidusage] We couldn't find uptime from /proc/uptime, using os.uptime() value
2026-10-05T05:43:14: PM2 warn: [pidusage] We couldn't find uptime from /proc/uptime, using os.uptime() value
2026-10-05T05:43:44: PM2 warn: [pidusage] We couldn't find uptime from /proc/uptime, using os.uptime() value
2026-10-05T05:44:14: PM2 warn: [pidusage] We couldn't find uptime from /proc/uptime, using os.uptime() value
2026-10-05T05:44:44: PM2 warn: [pidusage] We couldn't find uptime from /proc/uptime, using os.uptime() value
2026-10-05T05:45:14: PM2 warn: [pidusage] We couldn't find uptime from /proc/uptime, using os.uptime() value
2026-10-05T05:45:44: PM2 warn: [pidusage] We couldn't find uptime from /proc/uptime, using os.uptime() value
2026-10-05T05:46:14: PM2 warn: [pidusage] We couldn't find uptime from /proc/uptime, using os.uptime() value
2026-10-05T05:46:44: PM2 warn: [pidusage] We couldn't find uptime from /proc/uptime, using os.uptime() value
2026-10-05T05:47:14: PM2 warn: [pidusage] We couldn't find uptime from /proc/uptime, using os.uptime() value
2026-10-05T05:47:44: PM2 warn: [pidusage] We couldn't find uptime from /proc/uptime, using os.uptime() value
2026-10-05T05:48:14: PM2 warn: [pidusage] We couldn't find uptime from /proc/uptime, using os.uptime() value
2026-10-05T05:48:44: PM2 warn: [pidusage] We couldn't find uptime from /proc/uptime, using os.uptime() value
2026-10-05T05:49:14: PM2 warn: [pidusage] We couldn't find uptime from /proc/uptime, using os.uptime() value
2026-10-05T05:49:44: PM2 warn: [pidusage] We couldn't find uptime from /proc/uptime, using os.uptime() value
2026-10-05T05:50:14: PM2 warn: [pidusage] We couldn't find uptime from /proc/uptime, using os.uptime() value
2026-10-05T05:50:44: PM2 warn: [pidusage] We couldn't find uptime from /proc/uptime, using os.uptime() value
2026-10-05T05:51:14: PM2 warn: [pidusage] We couldn't find uptime from /proc/uptime, using os.uptime() value
2026-10-05T05:51:44: PM2 warn: [pidusage] We couldn't find uptime from /proc/uptime, using os.uptime() value
2026-10-05T05:52:14: PM2 warn: [pidusage] We couldn't find uptime from /proc/uptime, using os.uptime() value
2026-10-05T05:52:44: PM2 warn: [pidusage] We couldn't find uptime from /proc/uptime, using os.uptime() value
2026-10-05T05:53:14: PM2 warn: [pidusage] We couldn't find uptime from /proc/uptime, using os.uptime() value
2026-10-05T05:53:44: PM2 warn: [pidusage] We couldn't find uptime from /proc/uptime, using os.uptime() value
2026-10-05T05:54:14: PM2 warn: [pidusage] We couldn't find uptime from /proc/uptime, using os.uptime() value
2026-10-05T05:54:44: PM2 warn: [pidusage] We couldn't find uptime from /proc/uptime, using os.uptime() value
2026-10-05T05:55:14: PM2 warn: [pidusage] We couldn't find uptime from /proc/uptime, using os.uptime() value
2026-10-05T05:55:44: PM2 warn: [pidusage] We couldn't find uptime from /proc/uptime, using os.uptime() value
2026-10-05T05:56:14: PM2 warn: [pidusage] We couldn't find uptime from /proc/uptime, using os.uptime() value
2026-10-05T05:56:44: PM2 warn: [pidusage] We couldn't find uptime from /proc/uptime, using os.uptime() value
2026-10-05T05:57:14: PM2 warn: [pidusage] We couldn't find uptime from /proc/uptime, using os.uptime() value
2026-10-05T05:57:44: PM2 warn: [pidusage] We couldn't find uptime from /proc/uptime, using os.uptime() value
2026-10-05T05:58:14: PM2 warn: [pidusage] We couldn't find uptime from /proc/uptime, using os.uptime() value
2026-10-05T05:58:44: PM2 warn: [pidusage] We couldn't find uptime from /proc/uptime, using os.uptime() value
2026-10-05T05:59:14: PM2 warn: [pidusage] We couldn't find uptime from /proc/uptime, using os.uptime() value
2026-10-05T05:59:44: PM2 warn: [pidusage] We couldn't find uptime from /proc/uptime, using os.uptime() value
2026-10-05T06:00:14: PM2 warn: [pidusage] We couldn't find uptime from /proc/uptime, using os.uptime() value
2026-10-05T06:00:44: PM2 warn: [pidusage] We couldn't find uptime from /proc/uptime, using os.uptime() value
2026-10-05T06:01:14: PM2 warn: [pidusage] We couldn't find uptime from /proc/uptime, using os.uptime() value
2026-10-05T06:01:44: PM2 warn: [pidusage] We couldn't find uptime from /proc/uptime, using os.uptime() value
2026-10-05T06:02:14: PM2 warn: [pidusage] We couldn't find uptime from /proc/uptime, using os.uptime() value
2026-10-05T06:02:44: PM2 warn: [pidusage] We couldn't find uptime from /proc/uptime, using os.uptime() value
2026-10-05T06:03:14: PM2 warn: [pidusage] We couldn't find uptime from /proc/uptime, using os.uptime() value
2026-10-05T06:03:44: PM2 warn: [pidusage] We couldn't find uptime from /proc/uptime, using os.uptime() value
2026-10-05T06:08:37: PM2 warn: [pidusage] We couldn't find uptime from /proc/uptime, using os.uptime() value
2026-10-05T06:09:07: PM2 warn: [pidusage] We couldn't find uptime from /proc/uptime, using os.uptime() value
2026-10-05T06:09:37: PM2 warn: [pidusage] We couldn't find uptime from /proc/uptime, using os.uptime() value
2026-10-05T06:12:12: PM2 warn: [pidusage] We couldn't find uptime from /proc/uptime, using os.uptime() value
2026-10-05T06:12:42: PM2 warn: [pidusage] We couldn't find uptime from /proc/uptime, using os.uptime() value
2026-10-05T06:13:12: PM2 warn: [pidusage] We couldn't find uptime from /proc/uptime, using os.uptime() value
2026-10-05T06:13:42: PM2 warn: [pidusage] We couldn't find uptime from /proc/uptime, using os.uptime() value
2026-10-05T06:14:12: PM2 warn: [pidusage] We couldn't find uptime from /proc/uptime, using os.uptime() value
2026-10-05T06:14:42: PM2 warn: [pidusage] We couldn't find uptime from /proc/uptime, using os.uptime() value
2026-10-05T06:15:12: PM2 warn: [pidusage] We couldn't find uptime from /proc/uptime, using os.uptime() value
2026-10-05T06:15:42: PM2 warn: [pidusage] We couldn't find uptime from /proc/uptime, using os.uptime() value
2026-10-05T06:16:12: PM2 warn: [pidusage] We couldn't find uptime from /proc/uptime, using os.uptime() value
2026-10-05T06:16:42: PM2 warn: [pidusage] We couldn't find uptime from /proc/uptime, using os.uptime() value
2026-10-05T06:17:12: PM2 warn: [pidusage] We couldn't find uptime from /proc/uptime, using os.uptime() value
2026-10-05T06:17:42: PM2 warn: [pidusage] We couldn't find uptime from /proc/uptime, using os.uptime() value
2026-10-05T06:18:12: PM2 warn: [pidusage] We couldn't find uptime from /proc/uptime, using os.uptime() value
2026-10-05T06:18:42: PM2 warn: [pidusage] We couldn't find uptime from /proc/uptime, using os.uptime() value
2026-10-05T06:19:12: PM2 warn: [pidusage] We couldn't find uptime from /proc/uptime, using os.uptime() value
2026-10-05T06:19:42: PM2 warn: [pidusage] We couldn't find uptime from /proc/uptime, using os.uptime() value
2026-10-05T06:20:12: PM2 warn: [pidusage] We couldn't find uptime from /proc/uptime, using os.uptime() value
2026-10-05T06:20:42: PM2 warn: [pidusage] We couldn't find uptime from /proc/uptime, using os.uptime() value
2026-10-05T06:21:12: PM2 warn: [pidusage] We couldn't find uptime from /proc/uptime, using os.uptime() value
2026-10-05T06:21:42: PM2 warn: [pidusage] We couldn't find uptime from /proc/uptime, using os.uptime() value
2026-10-05T06:22:12: PM2 warn: [pidusage] We couldn't find uptime from /proc/uptime, using os.uptime() value
2026-10-05T06:22:42: PM2 warn: [pidusage] We couldn't find uptime from /proc/uptime, using os.uptime() value
2026-10-05T06:23:12: PM2 warn: [pidusage] We couldn't find uptime from /proc/uptime, using os.uptime() value
2026-10-05T06:23:42: PM2 warn: [pidusage] We couldn't find uptime from /proc/uptime, using os.uptime() value
2026-10-05T06:24:12: PM2 warn: [pidusage] We couldn't find uptime from /proc/uptime, using os.uptime() value
2026-10-05T06:24:42: PM2 warn: [pidusage] We couldn't find uptime from /proc/uptime, using os.uptime() value
2026-10-05T06:25:12: PM2 warn: [pidusage] We couldn't find uptime from /proc/uptime, using os.uptime() value
2026-10-05T06:25:42: PM2 warn: [pidusage] We couldn't find uptime from /proc/uptime, using os.uptime() value
2026-10-05T06:26:12: PM2 warn: [pidusage] We couldn't find uptime from /proc/uptime, using os.uptime() value
2026-10-05T06:26:42: PM2 warn: [pidusage] We couldn't find uptime from /proc/uptime, using os.uptime() value
2026-10-05T06:27:12: PM2 warn: [pidusage] We couldn't find uptime from /proc/uptime, using os.uptime() value
2026-10-05T06:27:42: PM2 warn: [pidusage] We couldn't find uptime from /proc/uptime, using os.uptime() value
2026-10-05T06:28:12: PM2 warn: [pidusage] We couldn't find uptime from /proc/uptime, using os.uptime() value
2026-10-05T06:28:42: PM2 warn: [pidusage] We couldn't find uptime from /proc/uptime, using os.uptime() value
2026-10-05T06:29:12: PM2 warn: [pidusage] We couldn't find uptime from /proc/uptime, using os.uptime() value
2026-10-05T06:29:42: PM2 warn: [pidusage] We couldn't find uptime from /proc/uptime, using os.uptime() value
2026-10-05T06:30:12: PM2 warn: [pidusage] We couldn't find uptime from /proc/uptime, using os.uptime() value
2026-10-05T06:30:42: PM2 warn: [pidusage] We couldn't find uptime from /proc/uptime, using os.uptime() value
2026-10-05T06:31:12: PM2 warn: [pidusage] We couldn't find uptime from /proc/uptime, using os.uptime() value
2026-10-05T06:31:42: PM2 warn: [pidusage] We couldn't find uptime from /proc/uptime, using os.uptime() value
2026-10-05T06:32:12: PM2 warn: [pidusage] We couldn't find uptime from /proc/uptime, using os.uptime() value
2026-10-05T06:32:42: PM2 warn: [pidusage] We couldn't find uptime from /proc/uptime, using os.uptime() value
2026-10-05T06:33:12: PM2 warn: [pidusage] We couldn't find uptime from /proc/uptime, using os.uptime() value
2026-10-05T06:33:42: PM2 warn: [pidusage] We couldn't find uptime from /proc/uptime, using os.uptime() value
2026-10-05T06:34:12: PM2 warn: [pidusage] We couldn't find uptime from /proc/uptime, using os.uptime() value
2026-10-05T06:34:42: PM2 warn: [pidusage] We couldn't find uptime from /proc/uptime, using os.uptime() value
2026-10-05T06:35:12: PM2 warn: [pidusage] We couldn't find uptime from /proc/uptime, using os.uptime() value
2026-10-05T06:35:42: PM2 warn: [pidusage] We couldn't find uptime from /proc/uptime, using os.uptime() value
2026-10-05T06:36:12: PM2 warn: [pidusage] We couldn't find uptime from /proc/uptime, using os.uptime() value
2026-10-05T06:36:42: PM2 warn: [pidusage] We couldn't find uptime from /proc/uptime, using os.uptime() value
2026-10-05T06:37:12: PM2 warn: [pidusage] We couldn't find uptime from /proc/uptime, using os.uptime() value
2026-10-05T06:37:42: PM2 warn: [pidusage] We couldn't find uptime from /proc/uptime, using os.uptime() value
2026-10-05T06:38:12: PM2 warn: [pidusage] We couldn't find uptime from /proc/uptime, using os.uptime() value
2026-10-05T06:38:42: PM2 warn: [pidusage] We couldn't find uptime from /proc/uptime, using os.uptime() value
2026-10-05T06:39:12: PM2 warn: [pidusage] We couldn't find uptime from /proc/uptime, using os.uptime() value
2026-10-05T06:39:42: PM2 warn: [pidusage] We couldn't find uptime from /proc/uptime, using os.uptime() value
2026-10-05T06:40:12: PM2 warn: [pidusage] We couldn't find uptime from /proc/uptime, using os.uptime() value
2026-10-05T06:40:42: PM2 warn: [pidusage] We couldn't find uptime from /proc/uptime, using os.uptime() value
2026-10-05T06:41:12: PM2 warn: [pidusage] We couldn't find uptime from /proc/uptime, using os.uptime() value
2026-10-05T06:41:42: PM2 warn: [pidusage] We couldn't find uptime from /proc/uptime, using os.uptime() value
2026-10-05T06:42:12: PM2 warn: [pidusage] We couldn't find uptime from /proc/uptime, using os.uptime() value
2026-10-05T06:42:42: PM2 warn: [pidusage] We couldn't find uptime from /proc/uptime, using os.uptime() value
2026-10-05T06:43:12: PM2 warn: [pidusage] We couldn't find uptime from /proc/uptime, using os.uptime() value
2026-10-05T06:43:42: PM2 warn: [pidusage] We couldn't find uptime from /proc/uptime, using os.uptime() value
2026-10-05T06:44:12: PM2 warn: [pidusage] We couldn't find uptime from /proc/uptime, using os.uptime() value
2026-10-05T06:44:42: PM2 warn: [pidusage] We couldn't find uptime from /proc/uptime, using os.uptime() value
2026-10-05T06:45:12: PM2 warn: [pidusage] We couldn't find uptime from /proc/uptime, using os.uptime() value
2026-10-05T06:45:42: PM2 warn: [pidusage] We couldn't find uptime from /proc/uptime, using os.uptime() value
2026-10-05T06:46:12: PM2 warn: [pidusage] We couldn't find uptime from /proc/uptime, using os.uptime() value
2026-10-05T06:46:42: PM2 warn: [pidusage] We couldn't find uptime from /proc/uptime, using os.uptime() value
2026-10-05T06:47:12: PM2 warn: [pidusage] We couldn't find uptime from /proc/uptime, using os.uptime() value
2026-10-05T06:47:42: PM2 warn: [pidusage] We couldn't find uptime from /proc/uptime, using os.uptime() value
2026-10-05T06:48:12: PM2 warn: [pidusage] We couldn't find uptime from /proc/uptime, using os.uptime() value
2026-10-05T06:48:42: PM2 warn: [pidusage] We couldn't find uptime from /proc/uptime, using os.uptime() value
2026-10-05T06:49:12: PM2 warn: [pidusage] We couldn't find uptime from /proc/uptime, using os.uptime() value
2026-10-05T06:49:42: PM2 warn: [pidusage] We couldn't find uptime from /proc/uptime, using os.uptime() value
2026-10-05T06:50:12: PM2 warn: [pidusage] We couldn't find uptime from /proc/uptime, using os.uptime() value
2026-10-05T06:50:42: PM2 warn: [pidusage] We couldn't find uptime from /proc/uptime, using os.uptime() value
2026-10-05T06:51:12: PM2 warn: [pidusage] We couldn't find uptime from /proc/uptime, using os.uptime() value
2026-10-05T06:51:42: PM2 warn: [pidusage] We couldn't find uptime from /proc/uptime, using os.uptime() value
2026-10-05T06:52:12: PM2 warn: [pidusage] We couldn't find uptime from /proc/uptime, using os.uptime() value
2026-10-05T06:52:42: PM2 warn: [pidusage] We couldn't find uptime from /proc/uptime, using os.uptime() value
2026-10-05T06:53:12: PM2 warn: [pidusage] We couldn't find uptime from /proc/uptime, using os.uptime() value
2026-10-05T06:53:42: PM2 warn: [pidusage] We couldn't find uptime from /proc/uptime, using os.uptime() value
2026-10-05T06:54:12: PM2 warn: [pidusage] We couldn't find uptime from /proc/uptime, using os.uptime() value
2026-10-05T06:54:42: PM2 warn: [pidusage] We couldn't find uptime from /proc/uptime, using os.uptime() value
2026-10-05T06:55:12: PM2 warn: [pidusage] We couldn't find uptime from /proc/uptime, using os.uptime() value
2026-10-05T06:55:42: PM2 warn: [pidusage] We couldn't find uptime from /proc/uptime, using os.uptime() value
2026-10-05T06:56:12: PM2 warn: [pidusage] We couldn't find uptime from /proc/uptime, using os.uptime() value
2026-10-05T06:56:42: PM2 warn: [pidusage] We couldn't find uptime from /proc/uptime, using os.uptime() value
2026-10-05T06:57:12: PM2 warn: [pidusage] We couldn't find uptime from /proc/uptime, using os.uptime() value
2026-10-05T06:57:42: PM2 warn: [pidusage] We couldn't find uptime from /proc/uptime, using os.uptime() value
2026-10-05T06:58:12: PM2 warn: [pidusage] We couldn't find uptime from /proc/uptime, using os.uptime() value
2026-10-05T06:58:42: PM2 warn: [pidusage] We couldn't find uptime from /proc/uptime, using os.uptime() value
2026-10-05T06:59:12: PM2 warn: [pidusage] We couldn't find uptime from /proc/uptime, using os.uptime() value
2026-10-05T06:59:42: PM2 warn: [pidusage] We couldn't find uptime from /proc/uptime, using os.uptime() value
2026-10-05T07:00:12: PM2 warn: [pidusage] We couldn't find uptime from /proc/uptime, using os.uptime() value
2026-10-05T07:00:42: PM2 warn: [pidusage] We couldn't find uptime from /proc/uptime, using os.uptime() value
2026-10-05T07:01:12: PM2 warn: [pidusage] We couldn't find uptime from /proc/uptime, using os.uptime() value
2026-10-05T07:01:42: PM2 warn: [pidusage] We couldn't find uptime from /proc/uptime, using os.uptime() value
2026-10-05T07:02:12: PM2 warn: [pidusage] We couldn't find uptime from /proc/uptime, using os.uptime() value
2026-10-05T07:02:42: PM2 warn: [pidusage] We couldn't find uptime from /proc/uptime, using os.uptime() value
2026-10-05T07:03:12: PM2 warn: [pidusage] We couldn't find uptime from /proc/uptime, using os.uptime() value
2026-10-05T07:03:42: PM2 warn: [pidusage] We couldn't find uptime from /proc/uptime, using os.uptime() value
2026-10-05T07:04:12: PM2 warn: [pidusage] We couldn't find uptime from /proc/uptime, using os.uptime() value
2026-10-05T07:04:42: PM2 warn: [pidusage] We couldn't find uptime from /proc/uptime, using os.uptime() value
2026-10-05T07:05:12: PM2 warn: [pidusage] We couldn't find uptime from /proc/uptime, using os.uptime() value
2026-10-05T07:05:42: PM2 warn: [pidusage] We couldn't find uptime from /proc/uptime, using os.uptime() value
2026-10-05T07:06:12: PM2 warn: [pidusage] We couldn't find uptime from /proc/uptime, using os.uptime() value
2026-10-05T07:06:42: PM2 warn: [pidusage] We couldn't find uptime from /proc/uptime, using os.uptime() value
2026-10-05T07:07:12: PM2 warn: [pidusage] We couldn't find uptime from /proc/uptime, using os.uptime() value
2026-10-05T07:07:42: PM2 warn: [pidusage] We couldn't find uptime from /proc/uptime, using os.uptime() value
2026-10-05T07:08:12: PM2 warn: [pidusage] We couldn't find uptime from /proc/uptime, using os.uptime() value
2026-10-05T07:08:42: PM2 warn: [pidusage] We couldn't find uptime from /proc/uptime, using os.uptime() value
2026-10-05T07:09:12: PM2 warn: [pidusage] We couldn't find uptime from /proc/uptime, using os.uptime() value
2026-10-05T07:09:42: PM2 warn: [pidusage] We couldn't find uptime from /proc/uptime, using os.uptime() value
2026-10-05T07:10:12: PM2 warn: [pidusage] We couldn't find uptime from /proc/uptime, using os.uptime() value
2026-10-05T07:10:42: PM2 warn: [pidusage] We couldn't find uptime from /proc/uptime, using os.uptime() value
2026-10-05T07:11:12: PM2 warn: [pidusage] We couldn't find uptime from /proc/uptime, using os.uptime() value
2026-10-05T07:11:42: PM2 warn: [pidusage] We couldn't find uptime from /proc/uptime, using os.uptime() value
2026-10-05T07:12:12: PM2 warn: [pidusage] We couldn't find uptime from /proc/uptime, using os.uptime() value
2026-10-05T07:12:42: PM2 warn: [pidusage] We couldn't find uptime from /proc/uptime, using os.uptime() value
2026-10-05T07:13:12: PM2 warn: [pidusage] We couldn't find uptime from /proc/uptime, using os.uptime() value
2026-10-05T07:13:42: PM2 warn: [pidusage] We couldn't find uptime from /proc/uptime, using os.uptime() value
2026-10-05T07:14:12: PM2 warn: [pidusage] We couldn't find uptime from /proc/uptime, using os.uptime() value
2026-10-05T07:14:42: PM2 warn: [pidusage] We couldn't find uptime from /proc/uptime, using os.uptime() value
2026-10-05T07:15:12: PM2 warn: [pidusage] We couldn't find uptime from /proc/uptime, using os.uptime() value
2026-10-05T07:15:42: PM2 warn: [pidusage] We couldn't find uptime from /proc/uptime, using os.uptime() value
2026-10-05T07:16:12: PM2 warn: [pidusage] We couldn't find uptime from /proc/uptime, using os.uptime() value
2026-10-05T07:16:42: PM2 warn: [pidusage] We couldn't find uptime from /proc/uptime, using os.uptime() value
2026-10-05T07:17:12: PM2 warn: [pidusage] We couldn't find uptime from /proc/uptime, using os.uptime() value
2026-10-05T07:17:42: PM2 warn: [pidusage] We couldn't find uptime from /proc/uptime, using os.uptime() value
2026-10-05T07:18:12: PM2 warn: [pidusage] We couldn't find uptime from /proc/uptime, using os.uptime() value
2026-10-05T07:18:42: PM2 warn: [pidusage] We couldn't find uptime from /proc/uptime, using os.uptime() value
2026-10-05T07:19:12: PM2 warn: [pidusage] We couldn't find uptime from /proc/uptime, using os.uptime() value
2026-10-05T07:19:42: PM2 warn: [pidusage] We couldn't find uptime from /proc/uptime, using os.uptime() value
2026-10-05T07:20:12: PM2 warn: [pidusage] We couldn't find uptime from /proc/uptime, using os.uptime() value
2026-10-05T07:20:42: PM2 warn: [pidusage] We couldn't find uptime from /proc/uptime, using os.uptime() value
2026-10-05T07:21:12: PM2 warn: [pidusage] We couldn't find uptime from /proc/uptime, using os.uptime() value
2026-10-05T07:21:42: PM2 warn: [pidusage] We couldn't find uptime from /proc/uptime, using os.uptime() value
2026-10-05T07:22:12: PM2 warn: [pidusage] We couldn't find uptime from /proc/uptime, using os.uptime() value
2026-10-05T07:22:42: PM2 warn: [pidusage] We couldn't find uptime from /proc/uptime, using os.uptime() value
2026-10-05T07:23:12: PM2 warn: [pidusage] We couldn't find uptime from /proc/uptime, using os.uptime() value
2026-10-05T07:23:42: PM2 warn: [pidusage] We couldn't find uptime from /proc/uptime, using os.uptime() value
2026-10-05T07:24:12: PM2 warn: [pidusage] We couldn't find uptime from /proc/uptime, using os.uptime() value
2026-10-05T07:24:42: PM2 warn: [pidusage] We couldn't find uptime from /proc/uptime, using os.uptime() value
2026-10-05T07:25:12: PM2 warn: [pidusage] We couldn't find uptime from /proc/uptime, using os.uptime() value
2026-10-05T07:25:42: PM2 warn: [pidusage] We couldn't find uptime from /proc/uptime, using os.uptime() value
2026-10-05T07:26:12: PM2 warn: [pidusage] We couldn't find uptime from /proc/uptime, using os.uptime() value
2026-10-05T07:26:42: PM2 warn: [pidusage] We couldn't find uptime from /proc/uptime, using os.uptime() value
2026-10-05T07:27:12: PM2 warn: [pidusage] We couldn't find uptime from /proc/uptime, using os.uptime() value
2026-10-05T07:27:42: PM2 warn: [pidusage] We couldn't find uptime from /proc/uptime, using os.uptime() value
2026-10-05T07:28:12: PM2 warn: [pidusage] We couldn't find uptime from /proc/uptime, using os.uptime() value
2026-10-05T07:28:42: PM2 warn: [pidusage] We couldn't find uptime from /proc/uptime, using os.uptime() value
2026-10-05T07:29:12: PM2 warn: [pidusage] We couldn't find uptime from /proc/uptime, using os.uptime() value
2026-10-05T07:29:42: PM2 warn: [pidusage] We couldn't find uptime from /proc/uptime, using os.uptime() value
2026-10-05T07:30:12: PM2 warn: [pidusage] We couldn't find uptime from /proc/uptime, using os.uptime() value
2026-10-05T07:30:42: PM2 warn: [pidusage] We couldn't find uptime from /proc/uptime, using os.uptime() value
2026-10-05T07:31:12: PM2 warn: [pidusage] We couldn't find uptime from /proc/uptime, using os.uptime() value
2026-10-05T07:31:42: PM2 warn: [pidusage] We couldn't find uptime from /proc/uptime, using os.uptime() value
2026-10-05T07:32:12: PM2 warn: [pidusage] We couldn't find uptime from /proc/uptime, using os.uptime() value
2026-10-05T07:32:42: PM2 warn: [pidusage] We couldn't find uptime from /proc/uptime, using os.uptime() value
2026-10-05T07:33:12: PM2 warn: [pidusage] We couldn't find uptime from /proc/uptime, using os.uptime() value
2026-10-05T07:33:42: PM2 warn: [pidusage] We couldn't find uptime from /proc/uptime, using os.uptime() value
2026-10-05T07:34:12: PM2 warn: [pidusage] We couldn't find uptime from /proc/uptime, using os.uptime() value
2026-10-05T07:34:42: PM2 warn: [pidusage] We couldn't find uptime from /proc/uptime, using os.uptime() value
2026-10-05T07:35:12: PM2 warn: [pidusage] We couldn't find uptime from /proc/uptime, using os.uptime() value
2026-10-05T07:35:42: PM2 warn: [pidusage] We couldn't find uptime from /proc/uptime, using os.uptime() value
2026-10-05T07:36:12: PM2 warn: [pidusage] We couldn't find uptime from /proc/uptime, using os.uptime() value
2026-10-05T07:36:42: PM2 warn: [pidusage] We couldn't find uptime from /proc/uptime, using os.uptime() value
2026-10-05T14:42:30: PM2 warn: [pidusage] We couldn't find uptime from /proc/uptime, using os.uptime() value
2026-10-05T14:43:00: PM2 warn: [pidusage] We couldn't find uptime from /proc/uptime, using os.uptime() value
2026-10-05T14:43:30: PM2 warn: [pidusage] We couldn't find uptime from /proc/uptime, using os.uptime() value
2026-10-05T14:44:00: PM2 warn: [pidusage] We couldn't find uptime from /proc/uptime, using os.uptime() value
2026-10-05T14:44:30: PM2 warn: [pidusage] We couldn't find uptime from /proc/uptime, using os.uptime() value
2026-10-05T14:45:00: PM2 warn: [pidusage] We couldn't find uptime from /proc/uptime, using os.uptime() value
2026-10-05T14:45:30: PM2 warn: [pidusage] We couldn't find uptime from /proc/uptime, using os.uptime() value
2026-10-05T14:46:00: PM2 warn: [pidusage] We couldn't find uptime from /proc/uptime, using os.uptime() value
2026-10-05T14:46:30: PM2 warn: [pidusage] We couldn't find uptime from /proc/uptime, using os.uptime() value
2026-10-05T14:47:00: PM2 warn: [pidusage] We couldn't find uptime from /proc/uptime, using os.uptime() value
2026-10-05T14:47:30: PM2 warn: [pidusage] We couldn't find uptime from /proc/uptime, using os.uptime() value
2026-10-05T14:48:00: PM2 warn: [pidusage] We couldn't find uptime from /proc/uptime, using os.uptime() value
2026-10-05T14:48:30: PM2 warn: [pidusage] We couldn't find uptime from /proc/uptime, using os.uptime() value
2026-10-05T14:49:00: PM2 warn: [pidusage] We couldn't find uptime from /proc/uptime, using os.uptime() value
2026-10-05T14:49:30: PM2 warn: [pidusage] We couldn't find uptime from /proc/uptime, using os.uptime() value
2026-10-05T14:50:00: PM2 warn: [pidusage] We couldn't find uptime from /proc/uptime, using os.uptime() value
2026-10-05T14:50:30: PM2 warn: [pidusage] We couldn't find uptime from /proc/uptime, using os.uptime() value
2026-10-05T14:51:00: PM2 warn: [pidusage] We couldn't find uptime from /proc/uptime, using os.uptime() value
2026-10-05T14:54:42: PM2 warn: [pidusage] We couldn't find uptime from /proc/uptime, using os.uptime() value
2026-10-05T14:55:12: PM2 warn: [pidusage] We couldn't find uptime from /proc/uptime, using os.uptime() value
2026-10-05T14:55:42: PM2 warn: [pidusage] We couldn't find uptime from /proc/uptime, using os.uptime() value
2026-10-05T14:56:12: PM2 warn: [pidusage] We couldn't find uptime from /proc/uptime, using os.uptime() value
2026-10-05T14:56:42: PM2 warn: [pidusage] We couldn't find uptime from /proc/uptime, using os.uptime() value
2026-10-05T14:57:12: PM2 warn: [pidusage] We couldn't find uptime from /proc/uptime, using os.uptime() value
2026-10-05T14:57:42: PM2 warn: [pidusage] We couldn't find uptime from /proc/uptime, using os.uptime() value
2026-10-05T14:58:12: PM2 warn: [pidusage] We couldn't find uptime from /proc/uptime, using os.uptime() value
2026-10-05T14:58:42: PM2 warn: [pidusage] We couldn't find uptime from /proc/uptime, using os.uptime() value
2026-10-05T14:59:12: PM2 warn: [pidusage] We couldn't find uptime from /proc/uptime, using os.uptime() value
2026-10-05T14:59:42: PM2 warn: [pidusage] We couldn't find uptime from /proc/uptime, using os.uptime() value
2026-10-05T15:00:12: PM2 warn: [pidusage] We couldn't find uptime from /proc/uptime, using os.uptime() value
2026-10-05T15:00:42: PM2 warn: [pidusage] We couldn't find uptime from /proc/uptime, using os.uptime() value
2026-10-05T15:01:12: PM2 warn: [pidusage] We couldn't find uptime from /proc/uptime, using os.uptime() value
2026-10-05T15:01:42: PM2 warn: [pidusage] We couldn't find uptime from /proc/uptime, using os.uptime() value
2026-10-05T15:02:12: PM2 warn: [pidusage] We couldn't find uptime from /proc/uptime, using os.uptime() value
2026-10-05T15:02:42: PM2 warn: [pidusage] We couldn't find uptime from /proc/uptime, using os.uptime() value
2026-10-05T15:03:12: PM2 warn: [pidusage] We couldn't find uptime from /proc/uptime, using os.uptime() value
2026-10-05T15:03:42: PM2 warn: [pidusage] We couldn't find uptime from /proc/uptime, using os.uptime() value
2026-10-05T15:04:12: PM2 warn: [pidusage] We couldn't find uptime from /proc/uptime, using os.uptime() value
2026-10-05T15:04:42: PM2 warn: [pidusage] We couldn't find uptime from /proc/uptime, using os.uptime() value
2026-10-05T15:05:12: PM2 warn: [pidusage] We couldn't find uptime from /proc/uptime, using os.uptime() value
2026-10-05T15:05:42: PM2 warn: [pidusage] We couldn't find uptime from /proc/uptime, using os.uptime() value
2026-10-05T15:07:32: PM2 warn: [pidusage] We couldn't find uptime from /proc/uptime, using os.uptime() value
2026-10-05T15:08:02: PM2 warn: [pidusage] We couldn't find uptime from /proc/uptime, using os.uptime() value
2026-10-05T15:08:32: PM2 warn: [pidusage] We couldn't find uptime from /proc/uptime, using os.uptime() value
2026-10-05T15:09:02: PM2 warn: [pidusage] We couldn't find uptime from /proc/uptime, using os.uptime() value
2026-10-05T15:09:32: PM2 warn: [pidusage] We couldn't find uptime from /proc/uptime, using os.uptime() value
2026-10-05T15:10:02: PM2 warn: [pidusage] We couldn't find uptime from /proc/uptime, using os.uptime() value
2026-10-05T15:10:32: PM2 warn: [pidusage] We couldn't find uptime from /proc/uptime, using os.uptime() value
2026-10-05T15:11:02: PM2 warn: [pidusage] We couldn't find uptime from /proc/uptime, using os.uptime() value
2026-10-05T15:11:32: PM2 warn: [pidusage] We couldn't find uptime from /proc/uptime, using os.uptime() value
2026-10-05T15:12:02: PM2 warn: [pidusage] We couldn't find uptime from /proc/uptime, using os.uptime() value
2026-10-05T15:12:32: PM2 warn: [pidusage] We couldn't find uptime from /proc/uptime, using os.uptime() value
2026-10-05T15:13:02: PM2 warn: [pidusage] We couldn't find uptime from /proc/uptime, using os.uptime() value
2026-10-05T15:13:32: PM2 warn: [pidusage] We couldn't find uptime from /proc/uptime, using os.uptime() value
2026-10-05T15:14:02: PM2 warn: [pidusage] We couldn't find uptime from /proc/uptime, using os.uptime() value
2026-10-05T15:14:32: PM2 warn: [pidusage] We couldn't find uptime from /proc/uptime, using os.uptime() value
2026-10-05T15:15:02: PM2 warn: [pidusage] We couldn't find uptime from /proc/uptime, using os.uptime() value
2026-10-05T15:15:32: PM2 warn: [pidusage] We couldn't find uptime from /proc/uptime, using os.uptime() value
2026-10-05T15:16:02: PM2 warn: [pidusage] We couldn't find uptime from /proc/uptime, using os.uptime() value
2026-10-05T15:16:32: PM2 warn: [pidusage] We couldn't find uptime from /proc/uptime, using os.uptime() value
2026-10-05T15:17:02: PM2 warn: [pidusage] We couldn't find uptime from /proc/uptime, using os.uptime() value
2026-10-05T15:17:32: PM2 warn: [pidusage] We couldn't find uptime from /proc/uptime, using os.uptime() value
2026-10-05T15:18:02: PM2 warn: [pidusage] We couldn't find uptime from /proc/uptime, using os.uptime() value
2026-10-05T15:18:32: PM2 warn: [pidusage] We couldn't find uptime from /proc/uptime, using os.uptime() value
2026-10-05T15:19:02: PM2 warn: [pidusage] We couldn't find uptime from /proc/uptime, using os.uptime() value
2026-10-05T15:19:32: PM2 warn: [pidusage] We couldn't find uptime from /proc/uptime, using os.uptime() value
2026-10-05T15:20:02: PM2 warn: [pidusage] We couldn't find uptime from /proc/uptime, using os.uptime() value
2026-10-05T15:20:32: PM2 warn: [pidusage] We couldn't find uptime from /proc/uptime, using os.uptime() value
2026-10-05T15:21:02: PM2 warn: [pidusage] We couldn't find uptime from /proc/uptime, using os.uptime() value
2026-10-05T15:21:32: PM2 warn: [pidusage] We couldn't find uptime from /proc/uptime, using os.uptime() value
2026-10-05T15:22:02: PM2 warn: [pidusage] We couldn't find uptime from /proc/uptime, using os.uptime() value
2026-10-05T15:22:32: PM2 warn: [pidusage] We couldn't find uptime from /proc/uptime, using os.uptime() value
2026-10-05T15:23:02: PM2 warn: [pidusage] We couldn't find uptime from /proc/uptime, using os.uptime() value
2026-10-05T15:23:32: PM2 warn: [pidusage] We couldn't find uptime from /proc/uptime, using os.uptime() value
2026-10-05T15:24:02: PM2 warn: [pidusage] We couldn't find uptime from /proc/uptime, using os.uptime() value
2026-10-05T15:24:32: PM2 warn: [pidusage] We couldn't find uptime from /proc/uptime, using os.uptime() value
2026-10-05T15:25:02: PM2 warn: [pidusage] We couldn't find uptime from /proc/uptime, using os.uptime() value
2026-10-05T15:25:32: PM2 warn: [pidusage] We couldn't find uptime from /proc/uptime, using os.uptime() value
2026-10-05T15:26:02: PM2 warn: [pidusage] We couldn't find uptime from /proc/uptime, using os.uptime() value
2026-10-05T15:26:32: PM2 warn: [pidusage] We couldn't find uptime from /proc/uptime, using os.uptime() value
2026-10-05T15:27:02: PM2 warn: [pidusage] We couldn't find uptime from /proc/uptime, using os.uptime() value
2026-10-05T15:27:32: PM2 warn: [pidusage] We couldn't find uptime from /proc/uptime, using os.uptime() value
2026-10-05T15:28:02: PM2 warn: [pidusage] We couldn't find uptime from /proc/uptime, using os.uptime() value
2026-10-05T15:28:32: PM2 warn: [pidusage] We couldn't find uptime from /proc/uptime, using os.uptime() value
2026-10-05T15:29:02: PM2 warn: [pidusage] We couldn't find uptime from /proc/uptime, using os.uptime() value
2026-10-05T15:29:32: PM2 warn: [pidusage] We couldn't find uptime from /proc/uptime, using os.uptime() value
2026-10-05T15:30:02: PM2 warn: [pidusage] We couldn't find uptime from /proc/uptime, using os.uptime() value
2026-10-05T15:30:32: PM2 warn: [pidusage] We couldn't find uptime from /proc/uptime, using os.uptime() value
2026-10-05T15:31:02: PM2 warn: [pidusage] We couldn't find uptime from /proc/uptime, using os.uptime() value
2026-10-05T15:31:32: PM2 warn: [pidusage] We couldn't find uptime from /proc/uptime, using os.uptime() value
2026-10-05T15:32:02: PM2 warn: [pidusage] We couldn't find uptime from /proc/uptime, using os.uptime() value
2026-10-05T15:32:32: PM2 warn: [pidusage] We couldn't find uptime from /proc/uptime, using os.uptime() value
2026-10-05T15:33:02: PM2 warn: [pidusage] We couldn't find uptime from /proc/uptime, using os.uptime() value
2026-10-05T15:33:32: PM2 warn: [pidusage] We couldn't find uptime from /proc/uptime, using os.uptime() value
2026-10-05T15:34:02: PM2 warn: [pidusage] We couldn't find uptime from /proc/uptime, using os.uptime() value
2026-10-05T15:41:27: PM2 warn: [pidusage] We couldn't find uptime from /proc/uptime, using os.uptime() value
2026-10-05T15:41:57: PM2 warn: [pidusage] We couldn't find uptime from /proc/uptime, using os.uptime() value
2026-10-05T15:42:27: PM2 warn: [pidusage] We couldn't find uptime from /proc/uptime, using os.uptime() value
2026-10-05T15:42:57: PM2 warn: [pidusage] We couldn't find uptime from /proc/uptime, using os.uptime() value
2026-10-05T15:43:27: PM2 warn: [pidusage] We couldn't find uptime from /proc/uptime, using os.uptime() value
2026-10-05T15:43:57: PM2 warn: [pidusage] We couldn't find uptime from /proc/uptime, using os.uptime() value
2026-10-05T15:44:27: PM2 warn: [pidusage] We couldn't find uptime from /proc/uptime, using os.uptime() value
2026-10-05T15:44:57: PM2 warn: [pidusage] We couldn't find uptime from /proc/uptime, using os.uptime() value
2026-10-05T15:45:27: PM2 warn: [pidusage] We couldn't find uptime from /proc/uptime, using os.uptime() value
2026-10-05T15:45:57: PM2 warn: [pidusage] We couldn't find uptime from /proc/uptime, using os.uptime() value
2026-10-05T15:46:27: PM2 warn: [pidusage] We couldn't find uptime from /proc/uptime, using os.uptime() value
2026-10-05T15:46:57: PM2 warn: [pidusage] We couldn't find uptime from /proc/uptime, using os.uptime() value
2026-10-05T15:47:27: PM2 warn: [pidusage] We couldn't find uptime from /proc/uptime, using os.uptime() value
2026-10-05T15:47:57: PM2 warn: [pidusage] We couldn't find uptime from /proc/uptime, using os.uptime() value
2026-10-05T15:48:27: PM2 warn: [pidusage] We couldn't find uptime from /proc/uptime, using os.uptime() value
2026-10-05T15:48:57: PM2 warn: [pidusage] We couldn't find uptime from /proc/uptime, using os.uptime() value
2026-10-05T15:49:27: PM2 warn: [pidusage] We couldn't find uptime from /proc/uptime, using os.uptime() value
2026-10-05T15:49:57: PM2 warn: [pidusage] We couldn't find uptime from /proc/uptime, using os.uptime() value
2026-10-05T15:50:27: PM2 warn: [pidusage] We couldn't find uptime from /proc/uptime, using os.uptime() value
2026-10-05T15:50:57: PM2 warn: [pidusage] We couldn't find uptime from /proc/uptime, using os.uptime() value
2026-10-05T15:51:27: PM2 warn: [pidusage] We couldn't find uptime from /proc/uptime, using os.uptime() value
2026-10-05T15:51:57: PM2 warn: [pidusage] We couldn't find uptime from /proc/uptime, using os.uptime() value
2026-10-05T15:52:27: PM2 warn: [pidusage] We couldn't find uptime from /proc/uptime, using os.uptime() value
2026-10-05T15:52:57: PM2 warn: [pidusage] We couldn't find uptime from /proc/uptime, using os.uptime() value
2026-10-05T15:53:27: PM2 warn: [pidusage] We couldn't find uptime from /proc/uptime, using os.uptime() value
2026-10-05T15:53:57: PM2 warn: [pidusage] We couldn't find uptime from /proc/uptime, using os.uptime() value
2026-10-05T15:54:27: PM2 warn: [pidusage] We couldn't find uptime from /proc/uptime, using os.uptime() value
2026-10-05T15:54:57: PM2 warn: [pidusage] We couldn't find uptime from /proc/uptime, using os.uptime() value
2026-10-05T15:55:27: PM2 warn: [pidusage] We couldn't find uptime from /proc/uptime, using os.uptime() value
2026-10-05T15:55:57: PM2 warn: [pidusage] We couldn't find uptime from /proc/uptime, using os.uptime() value
2026-10-05T15:56:27: PM2 warn: [pidusage] We couldn't find uptime from /proc/uptime, using os.uptime() value
2026-10-05T15:56:57: PM2 warn: [pidusage] We couldn't find uptime from /proc/uptime, using os.uptime() value
2026-10-05T15:57:27: PM2 warn: [pidusage] We couldn't find uptime from /proc/uptime, using os.uptime() value
2026-10-05T15:57:57: PM2 warn: [pidusage] We couldn't find uptime from /proc/uptime, using os.uptime() value
2026-10-05T15:58:27: PM2 warn: [pidusage] We couldn't find uptime from /proc/uptime, using os.uptime() value
2026-10-05T15:58:57: PM2 warn: [pidusage] We couldn't find uptime from /proc/uptime, using os.uptime() value
2026-10-05T15:59:27: PM2 warn: [pidusage] We couldn't find uptime from /proc/uptime, using os.uptime() value
2026-10-05T15:59:57: PM2 warn: [pidusage] We couldn't find uptime from /proc/uptime, using os.uptime() value
2026-10-05T16:00:27: PM2 warn: [pidusage] We couldn't find uptime from /proc/uptime, using os.uptime() value
2026-10-05T16:00:57: PM2 warn: [pidusage] We couldn't find uptime from /proc/uptime, using os.uptime() value
2026-10-05T16:01:27: PM2 warn: [pidusage] We couldn't find uptime from /proc/uptime, using os.uptime() value
2026-10-05T16:01:57: PM2 warn: [pidusage] We couldn't find uptime from /proc/uptime, using os.uptime() value
2026-10-05T16:02:27: PM2 warn: [pidusage] We couldn't find uptime from /proc/uptime, using os.uptime() value
2026-10-05T16:02:57: PM2 warn: [pidusage] We couldn't find uptime from /proc/uptime, using os.uptime() value
2026-10-05T16:03:27: PM2 warn: [pidusage] We couldn't find uptime from /proc/uptime, using os.uptime() value
2026-10-05T16:03:57: PM2 warn: [pidusage] We couldn't find uptime from /proc/uptime, using os.uptime() value
2026-10-05T16:04:27: PM2 warn: [pidusage] We couldn't find uptime from /proc/uptime, using os.uptime() value
2026-10-05T16:04:57: PM2 warn: [pidusage] We couldn't find uptime from /proc/uptime, using os.uptime() value
2026-10-05T16:05:27: PM2 warn: [pidusage] We couldn't find uptime from /proc/uptime, using os.uptime() value
2026-10-05T16:05:57: PM2 warn: [pidusage] We couldn't find uptime from /proc/uptime, using os.uptime() value
2026-10-05T16:06:27: PM2 warn: [pidusage] We couldn't find uptime from /proc/uptime, using os.uptime() value
2026-10-05T16:06:57: PM2 warn: [pidusage] We couldn't find uptime from /proc/uptime, using os.uptime() value
2026-10-05T16:07:27: PM2 warn: [pidusage] We couldn't find uptime from /proc/uptime, using os.uptime() value
2026-10-05T16:07:57: PM2 warn: [pidusage] We couldn't find uptime from /proc/uptime, using os.uptime() value
2026-10-05T16:08:27: PM2 warn: [pidusage] We couldn't find uptime from /proc/uptime, using os.uptime() value
2026-10-05T16:08:57: PM2 warn: [pidusage] We couldn't find uptime from /proc/uptime, using os.uptime() value
2026-10-05T16:09:27: PM2 warn: [pidusage] We couldn't find uptime from /proc/uptime, using os.uptime() value
2026-10-05T16:09:57: PM2 warn: [pidusage] We couldn't find uptime from /proc/uptime, using os.uptime() value
2026-10-05T16:10:27: PM2 warn: [pidusage] We couldn't find uptime from /proc/uptime, using os.uptime() value
2026-10-05T16:10:57: PM2 warn: [pidusage] We couldn't find uptime from /proc/uptime, using os.uptime() value
2026-10-05T16:11:27: PM2 warn: [pidusage] We couldn't find uptime from /proc/uptime, using os.uptime() value
2026-10-05T16:11:57: PM2 warn: [pidusage] We couldn't find uptime from /proc/uptime, using os.uptime() value
2026-10-05T16:12:27: PM2 warn: [pidusage] We couldn't find uptime from /proc/uptime, using os.uptime() value
2026-10-05T16:12:57: PM2 warn: [pidusage] We couldn't find uptime from /proc/uptime, using os.uptime() value
2026-10-05T16:13:27: PM2 warn: [pidusage] We couldn't find uptime from /proc/uptime, using os.uptime() value
2026-10-05T16:13:57: PM2 warn: [pidusage] We couldn't find uptime from /proc/uptime, using os.uptime() value
2026-10-05T16:14:27: PM2 warn: [pidusage] We couldn't find uptime from /proc/uptime, using os.uptime() value
2026-10-05T16:14:57: PM2 warn: [pidusage] We couldn't find uptime from /proc/uptime, using os.uptime() value
2026-10-05T16:15:27: PM2 warn: [pidusage] We couldn't find uptime from /proc/uptime, using os.uptime() value
2026-10-05T16:15:57: PM2 warn: [pidusage] We couldn't find uptime from /proc/uptime, using os.uptime() value
2026-10-05T16:16:27: PM2 warn: [pidusage] We couldn't find uptime from /proc/uptime, using os.uptime() value
2026-10-05T16:16:57: PM2 warn: [pidusage] We couldn't find uptime from /proc/uptime, using os.uptime() value
2026-10-05T16:17:27: PM2 warn: [pidusage] We couldn't find uptime from /proc/uptime, using os.uptime() value
2026-10-05T16:17:57: PM2 warn: [pidusage] We couldn't find uptime from /proc/uptime, using os.uptime() value
2026-10-05T16:18:27: PM2 warn: [pidusage] We couldn't find uptime from /proc/uptime, using os.uptime() value
2026-10-05T16:18:57: PM2 warn: [pidusage] We couldn't find uptime from /proc/uptime, using os.uptime() value
2026-10-05T16:19:27: PM2 warn: [pidusage] We couldn't find uptime from /proc/uptime, using os.uptime() value
2026-10-05T16:19:57: PM2 warn: [pidusage] We couldn't find uptime from /proc/uptime, using os.uptime() value
2026-10-05T16:20:27: PM2 warn: [pidusage] We couldn't find uptime from /proc/uptime, using os.uptime() value
2026-10-05T16:20:57: PM2 warn: [pidusage] We couldn't find uptime from /proc/uptime, using os.uptime() value
2026-10-05T16:21:27: PM2 warn: [pidusage] We couldn't find uptime from /proc/uptime, using os.uptime() value
2026-10-05T16:21:57: PM2 warn: [pidusage] We couldn't find uptime from /proc/uptime, using os.uptime() value
2026-10-05T16:22:27: PM2 warn: [pidusage] We couldn't find uptime from /proc/uptime, using os.uptime() value
2026-10-05T16:22:57: PM2 warn: [pidusage] We couldn't find uptime from /proc/uptime, using os.uptime() value
2026-10-05T16:23:27: PM2 warn: [pidusage] We couldn't find uptime from /proc/uptime, using os.uptime() value
2026-10-05T16:23:57: PM2 warn: [pidusage] We couldn't find uptime from /proc/uptime, using os.uptime() value
2026-10-05T16:24:27: PM2 warn: [pidusage] We couldn't find uptime from /proc/uptime, using os.uptime() value
2026-10-05T16:24:57: PM2 warn: [pidusage] We couldn't find uptime from /proc/uptime, using os.uptime() value
2026-10-05T16:25:27: PM2 warn: [pidusage] We couldn't find uptime from /proc/uptime, using os.uptime() value
2026-10-05T16:25:57: PM2 warn: [pidusage] We couldn't find uptime from /proc/uptime, using os.uptime() value
2026-10-05T16:26:27: PM2 warn: [pidusage] We couldn't find uptime from /proc/uptime, using os.uptime() value
2026-10-05T16:26:57: PM2 warn: [pidusage] We couldn't find uptime from /proc/uptime, using os.uptime() value
2026-10-05T16:27:27: PM2 warn: [pidusage] We couldn't find uptime from /proc/uptime, using os.uptime() value
2026-10-05T16:27:57: PM2 warn: [pidusage] We couldn't find uptime from /proc/uptime, using os.uptime() value
2026-10-05T16:28:27: PM2 warn: [pidusage] We couldn't find uptime from /proc/uptime, using os.uptime() value
2026-10-05T16:28:57: PM2 warn: [pidusage] We couldn't find uptime from /proc/uptime, using os.uptime() value
2026-10-05T16:29:27: PM2 warn: [pidusage] We couldn't find uptime from /proc/uptime, using os.uptime() value
2026-10-05T16:29:57: PM2 warn: [pidusage] We couldn't find uptime from /proc/uptime, using os.uptime() value
2026-10-05T16:30:27: PM2 warn: [pidusage] We couldn't find uptime from /proc/uptime, using os.uptime() value
2026-10-05T16:30:57: PM2 warn: [pidusage] We couldn't find uptime from /proc/uptime, using os.uptime() value
2026-10-05T16:31:27: PM2 warn: [pidusage] We couldn't find uptime from /proc/uptime, using os.uptime() value
2026-10-05T16:31:57: PM2 warn: [pidusage] We couldn't find uptime from /proc/uptime, using os.uptime() value
2026-10-05T16:32:27: PM2 warn: [pidusage] We couldn't find uptime from /proc/uptime, using os.uptime() value
2026-10-05T16:32:57: PM2 warn: [pidusage] We couldn't find uptime from /proc/uptime, using os.uptime() value
2026-10-05T16:33:27: PM2 warn: [pidusage] We couldn't find uptime from /proc/uptime, using os.uptime() value
2026-10-05T16:33:57: PM2 warn: [pidusage] We couldn't find uptime from /proc/uptime, using os.uptime() value
2026-10-05T16:34:27: PM2 warn: [pidusage] We couldn't find uptime from /proc/uptime, using os.uptime() value
2026-10-05T16:34:57: PM2 warn: [pidusage] We couldn't find uptime from /proc/uptime, using os.uptime() value
2026-10-05T16:35:27: PM2 warn: [pidusage] We couldn't find uptime from /proc/uptime, using os.uptime() value
2026-10-05T16:35:57: PM2 warn: [pidusage] We couldn't find uptime from /proc/uptime, using os.uptime() value
2026-10-05T16:36:27: PM2 warn: [pidusage] We couldn't find uptime from /proc/uptime, using os.uptime() value
2026-10-05T16:36:57: PM2 warn: [pidusage] We couldn't find uptime from /proc/uptime, using os.uptime() value
2026-10-05T16:37:27: PM2 warn: [pidusage] We couldn't find uptime from /proc/uptime, using os.uptime() value
2026-10-05T16:37:57: PM2 warn: [pidusage] We couldn't find uptime from /proc/uptime, using os.uptime() value
2026-10-05T16:38:27: PM2 warn: [pidusage] We couldn't find uptime from /proc/uptime, using os.uptime() value
2026-10-05T16:38:57: PM2 warn: [pidusage] We couldn't find uptime from /proc/uptime, using os.uptime() value
2026-10-05T16:39:27: PM2 warn: [pidusage] We couldn't find uptime from /proc/uptime, using os.uptime() value
2026-10-05T16:39:57: PM2 warn: [pidusage] We couldn't find uptime from /proc/uptime, using os.uptime() value
2026-10-05T16:40:27: PM2 warn: [pidusage] We couldn't find uptime from /proc/uptime, using os.uptime() value
2026-10-05T16:40:57: PM2 warn: [pidusage] We couldn't find uptime from /proc/uptime, using os.uptime() value
2026-10-05T16:41:27: PM2 warn: [pidusage] We couldn't find uptime from /proc/uptime, using os.uptime() value
2026-10-05T16:41:57: PM2 warn: [pidusage] We couldn't find uptime from /proc/uptime, using os.uptime() value
2026-10-05T16:42:27: PM2 warn: [pidusage] We couldn't find uptime from /proc/uptime, using os.uptime() value
2026-10-05T16:42:57: PM2 warn: [pidusage] We couldn't find uptime from /proc/uptime, using os.uptime() value
2026-10-05T16:43:27: PM2 warn: [pidusage] We couldn't find uptime from /proc/uptime, using os.uptime() value
2026-10-05T16:43:57: PM2 warn: [pidusage] We couldn't find uptime from /proc/uptime, using os.uptime() value
2026-10-05T16:44:27: PM2 warn: [pidusage] We couldn't find uptime from /proc/uptime, using os.uptime() value
2026-10-05T16:44:57: PM2 warn: [pidusage] We couldn't find uptime from /proc/uptime, using os.uptime() value
2026-10-05T16:45:27: PM2 warn: [pidusage] We couldn't find uptime from /proc/uptime, using os.uptime() value
2026-10-05T16:45:57: PM2 warn: [pidusage] We couldn't find uptime from /proc/uptime, using os.uptime() value
2026-10-05T16:46:27: PM2 warn: [pidusage] We couldn't find uptime from /proc/uptime, using os.uptime() value
2026-10-05T16:46:57: PM2 warn: [pidusage] We couldn't find uptime from /proc/uptime, using os.uptime() value
2026-10-05T16:47:27: PM2 warn: [pidusage] We couldn't find uptime from /proc/uptime, using os.uptime() value
2026-10-05T16:47:57: PM2 warn: [pidusage] We couldn't find uptime from /proc/uptime, using os.uptime() value
2026-10-05T16:48:27: PM2 warn: [pidusage] We couldn't find uptime from /proc/uptime, using os.uptime() value
2026-10-05T16:48:57: PM2 warn: [pidusage] We couldn't find uptime from /proc/uptime, using os.uptime() value
2026-10-05T16:49:27: PM2 warn: [pidusage] We couldn't find uptime from /proc/uptime, using os.uptime() value
2026-10-05T16:49:57: PM2 warn: [pidusage] We couldn't find uptime from /proc/uptime, using os.uptime() value
2026-10-05T16:50:27: PM2 warn: [pidusage] We couldn't find uptime from /proc/uptime, using os.uptime() value
2026-10-05T16:50:57: PM2 warn: [pidusage] We couldn't find uptime from /proc/uptime, using os.uptime() value
2026-10-05T16:51:27: PM2 warn: [pidusage] We couldn't find uptime from /proc/uptime, using os.uptime() value
2026-10-05T16:51:57: PM2 warn: [pidusage] We couldn't find uptime from /proc/uptime, using os.uptime() value
2026-10-05T16:52:27: PM2 warn: [pidusage] We couldn't find uptime from /proc/uptime, using os.uptime() value
2026-10-05T16:52:57: PM2 warn: [pidusage] We couldn't find uptime from /proc/uptime, using os.uptime() value
2026-10-05T16:53:27: PM2 warn: [pidusage] We couldn't find uptime from /proc/uptime, using os.uptime() value
2026-10-05T16:53:57: PM2 warn: [pidusage] We couldn't find uptime from /proc/uptime, using os.uptime() value
2026-10-05T16:54:27: PM2 warn: [pidusage] We couldn't find uptime from /proc/uptime, using os.uptime() value
2026-10-05T16:54:57: PM2 warn: [pidusage] We couldn't find uptime from /proc/uptime, using os.uptime() value
2026-10-05T16:55:27: PM2 warn: [pidusage] We couldn't find uptime from /proc/uptime, using os.uptime() value
2026-10-05T16:55:57: PM2 warn: [pidusage] We couldn't find uptime from /proc/uptime, using os.uptime() value
2026-10-05T16:56:27: PM2 warn: [pidusage] We couldn't find uptime from /proc/uptime, using os.uptime() value
2026-10-05T16:56:57: PM2 warn: [pidusage] We couldn't find uptime from /proc/uptime, using os.uptime() value
2026-10-05T16:57:27: PM2 warn: [pidusage] We couldn't find uptime from /proc/uptime, using os.uptime() value
2026-10-05T16:57:57: PM2 warn: [pidusage] We couldn't find uptime from /proc/uptime, using os.uptime() value
2026-10-05T16:58:27: PM2 warn: [pidusage] We couldn't find uptime from /proc/uptime, using os.uptime() value
2026-10-05T16:58:57: PM2 warn: [pidusage] We couldn't find uptime from /proc/uptime, using os.uptime() value
2026-10-05T16:59:27: PM2 warn: [pidusage] We couldn't find uptime from /proc/uptime, using os.uptime() value
2026-10-05T16:59:57: PM2 warn: [pidusage] We couldn't find uptime from /proc/uptime, using os.uptime() value
2026-10-05T17:00:27: PM2 warn: [pidusage] We couldn't find uptime from /proc/uptime, using os.uptime() value
2026-10-05T17:00:57: PM2 warn: [pidusage] We couldn't find uptime from /proc/uptime, using os.uptime() value
2026-10-05T17:01:27: PM2 warn: [pidusage] We couldn't find uptime from /proc/uptime, using os.uptime() value
2026-10-05T17:01:57: PM2 warn: [pidusage] We couldn't find uptime from /proc/uptime, using os.uptime() value
2026-10-05T17:02:27: PM2 warn: [pidusage] We couldn't find uptime from /proc/uptime, using os.uptime() value
2026-10-05T17:02:57: PM2 warn: [pidusage] We couldn't find uptime from /proc/uptime, using os.uptime() value
2026-10-05T17:03:27: PM2 warn: [pidusage] We couldn't find uptime from /proc/uptime, using os.uptime() value
2026-10-05T17:03:57: PM2 warn: [pidusage] We couldn't find uptime from /proc/uptime, using os.uptime() value
2026-10-05T17:04:27: PM2 warn: [pidusage] We couldn't find uptime from /proc/uptime, using os.uptime() value
2026-10-05T17:04:57: PM2 warn: [pidusage] We couldn't find uptime from /proc/uptime, using os.uptime() value
2026-10-05T17:05:27: PM2 warn: [pidusage] We couldn't find uptime from /proc/uptime, using os.uptime() value
2026-10-05T17:05:57: PM2 warn: [pidusage] We couldn't find uptime from /proc/uptime, using os.uptime() value
2026-10-05T17:06:27: PM2 warn: [pidusage] We couldn't find uptime from /proc/uptime, using os.uptime() value
2026-10-05T17:06:57: PM2 warn: [pidusage] We couldn't find uptime from /proc/uptime, using os.uptime() value
2026-10-05T17:07:27: PM2 warn: [pidusage] We couldn't find uptime from /proc/uptime, using os.uptime() value
2026-10-05T17:07:57: PM2 warn: [pidusage] We couldn't find uptime from /proc/uptime, using os.uptime() value
2026-10-05T17:08:27: PM2 warn: [pidusage] We couldn't find uptime from /proc/uptime, using os.uptime() value
2026-10-05T17:08:57: PM2 warn: [pidusage] We couldn't find uptime from /proc/uptime, using os.uptime() value
2026-10-05T17:09:27: PM2 warn: [pidusage] We couldn't find uptime from /proc/uptime, using os.uptime() value
2026-10-05T17:09:57: PM2 warn: [pidusage] We couldn't find uptime from /proc/uptime, using os.uptime() value
2026-10-05T17:10:27: PM2 warn: [pidusage] We couldn't find uptime from /proc/uptime, using os.uptime() value
2026-10-05T17:10:57: PM2 warn: [pidusage] We couldn't find uptime from /proc/uptime, using os.uptime() value
2026-10-05T17:11:27: PM2 warn: [pidusage] We couldn't find uptime from /proc/uptime, using os.uptime() value
2026-10-05T17:11:57: PM2 warn: [pidusage] We couldn't find uptime from /proc/uptime, using os.uptime() value
2026-10-05T17:12:27: PM2 warn: [pidusage] We couldn't find uptime from /proc/uptime, using os.uptime() value
2026-10-05T17:12:57: PM2 warn: [pidusage] We couldn't find uptime from /proc/uptime, using os.uptime() value
2026-10-05T17:13:27: PM2 warn: [pidusage] We couldn't find uptime from /proc/uptime, using os.uptime() value
2026-10-05T17:13:57: PM2 warn: [pidusage] We couldn't find uptime from /proc/uptime, using os.uptime() value
2026-10-05T17:14:27: PM2 warn: [pidusage] We couldn't find uptime from /proc/uptime, using os.uptime() value
2026-10-05T17:14:57: PM2 warn: [pidusage] We couldn't find uptime from /proc/uptime, using os.uptime() value
2026-10-05T17:15:27: PM2 warn: [pidusage] We couldn't find uptime from /proc/uptime, using os.uptime() value
2026-10-05T17:15:57: PM2 warn: [pidusage] We couldn't find uptime from /proc/uptime, using os.uptime() value
2026-10-05T17:16:27: PM2 warn: [pidusage] We couldn't find uptime from /proc/uptime, using os.uptime() value
2026-10-05T17:16:57: PM2 warn: [pidusage] We couldn't find uptime from /proc/uptime, using os.uptime() value
2026-10-05T17:17:27: PM2 warn: [pidusage] We couldn't find uptime from /proc/uptime, using os.uptime() value
2026-10-05T17:17:57: PM2 warn: [pidusage] We couldn't find uptime from /proc/uptime, using os.uptime() value
2026-10-05T17:18:27: PM2 warn: [pidusage] We couldn't find uptime from /proc/uptime, using os.uptime() value
2026-10-05T17:18:57: PM2 warn: [pidusage] We couldn't find uptime from /proc/uptime, using os.uptime() value
2026-10-05T17:19:27: PM2 warn: [pidusage] We couldn't find uptime from /proc/uptime, using os.uptime() value
2026-10-05T17:19:57: PM2 warn: [pidusage] We couldn't find uptime from /proc/uptime, using os.uptime() value
2026-10-05T17:20:27: PM2 warn: [pidusage] We couldn't find uptime from /proc/uptime, using os.uptime() value
2026-10-05T17:20:57: PM2 warn: [pidusage] We couldn't find uptime from /proc/uptime, using os.uptime() value
2026-10-05T17:21:27: PM2 warn: [pidusage] We couldn't find uptime from /proc/uptime, using os.uptime() value
2026-10-05T17:21:57: PM2 warn: [pidusage] We couldn't find uptime from /proc/uptime, using os.uptime() value
2026-10-05T17:22:27: PM2 warn: [pidusage] We couldn't find uptime from /proc/uptime, using os.uptime() value
2026-10-05T17:22:57: PM2 warn: [pidusage] We couldn't find uptime from /proc/uptime, using os.uptime() value
2026-10-05T17:23:27: PM2 warn: [pidusage] We couldn't find uptime from /proc/uptime, using os.uptime() value
2026-10-05T17:23:57: PM2 warn: [pidusage] We couldn't find uptime from /proc/uptime, using os.uptime() value
2026-10-05T17:24:27: PM2 warn: [pidusage] We couldn't find uptime from /proc/uptime, using os.uptime() value
2026-10-05T17:24:57: PM2 warn: [pidusage] We couldn't find uptime from /proc/uptime, using os.uptime() value
2026-10-05T17:25:27: PM2 warn: [pidusage] We couldn't find uptime from /proc/uptime, using os.uptime() value
2026-10-05T17:25:57: PM2 warn: [pidusage] We couldn't find uptime from /proc/uptime, using os.uptime() value
2026-10-05T17:26:27: PM2 warn: [pidusage] We couldn't find uptime from /proc/uptime, using os.uptime() value
2026-10-05T17:26:57: PM2 warn: [pidusage] We couldn't find uptime from /proc/uptime, using os.uptime() value
2026-10-05T17:27:27: PM2 warn: [pidusage] We couldn't find uptime from /proc/uptime, using os.uptime() value
2026-10-05T17:27:57: PM2 warn: [pidusage] We couldn't find uptime from /proc/uptime, using os.uptime() value
2026-10-05T17:28:27: PM2 warn: [pidusage] We couldn't find uptime from /proc/uptime, using os.uptime() value
2026-10-05T17:28:57: PM2 warn: [pidusage] We couldn't find uptime from /proc/uptime, using os.uptime() value
2026-10-05T17:29:27: PM2 warn: [pidusage] We couldn't find uptime from /proc/uptime, using os.uptime() value
2026-10-05T17:29:57: PM2 warn: [pidusage] We couldn't find uptime from /proc/uptime, using os.uptime() value
2026-10-05T17:30:27: PM2 warn: [pidusage] We couldn't find uptime from /proc/uptime, using os.uptime() value
2026-10-05T17:30:57: PM2 warn: [pidusage] We couldn't find uptime from /proc/uptime, using os.uptime() value
2026-10-05T17:31:27: PM2 warn: [pidusage] We couldn't find uptime from /proc/uptime, using os.uptime() value
2026-10-05T17:31:57: PM2 warn: [pidusage] We couldn't find uptime from /proc/uptime, using os.uptime() value
2026-10-05T17:32:27: PM2 warn: [pidusage] We couldn't find uptime from /proc/uptime, using os.uptime() value
2026-10-05T17:32:57: PM2 warn: [pidusage] We couldn't find uptime from /proc/uptime, using os.uptime() value
2026-10-05T17:33:27: PM2 warn: [pidusage] We couldn't find uptime from /proc/uptime, using os.uptime() value
2026-10-05T17:33:57: PM2 warn: [pidusage] We couldn't find uptime from /proc/uptime, using os.uptime() value
2026-10-05T17:34:27: PM2 warn: [pidusage] We couldn't find uptime from /proc/uptime, using os.uptime() value
2026-10-05T17:34:57: PM2 warn: [pidusage] We couldn't find uptime from /proc/uptime, using os.uptime() value
2026-10-05T17:35:27: PM2 warn: [pidusage] We couldn't find uptime from /proc/uptime, using os.uptime() value
2026-10-05T17:35:57: PM2 warn: [pidusage] We couldn't find uptime from /proc/uptime, using os.uptime() value
2026-10-05T17:36:27: PM2 warn: [pidusage] We couldn't find uptime from /proc/uptime, using os.uptime() value
2026-10-05T17:36:57: PM2 warn: [pidusage] We couldn't find uptime from /proc/uptime, using os.uptime() value
2026-10-05T17:37:27: PM2 warn: [pidusage] We couldn't find uptime from /proc/uptime, using os.uptime() value
2026-10-05T17:37:57: PM2 warn: [pidusage] We couldn't find uptime from /proc/uptime, using os.uptime() value
2026-10-05T17:38:27: PM2 warn: [pidusage] We couldn't find uptime from /proc/uptime, using os.uptime() value
2026-10-05T17:38:57: PM2 warn: [pidusage] We couldn't find uptime from /proc/uptime, using os.uptime() value
2026-10-05T17:39:27: PM2 warn: [pidusage] We couldn't find uptime from /proc/uptime, using os.uptime() value
2026-10-05T17:39:57: PM2 warn: [pidusage] We couldn't find uptime from /proc/uptime, using os.uptime() value
2026-10-05T17:40:27: PM2 warn: [pidusage] We couldn't find uptime from /proc/uptime, using os.uptime() value
2026-10-05T17:40:57: PM2 warn: [pidusage] We couldn't find uptime from /proc/uptime, using os.uptime() value
2026-10-05T17:41:27: PM2 warn: [pidusage] We couldn't find uptime from /proc/uptime, using os.uptime() value
2026-10-05T17:41:57: PM2 warn: [pidusage] We couldn't find uptime from /proc/uptime, using os.uptime() value
2026-10-05T17:42:27: PM2 warn: [pidusage] We couldn't find uptime from /proc/uptime, using os.uptime() value
2026-10-05T17:42:57: PM2 warn: [pidusage] We couldn't find uptime from /proc/uptime, using os.uptime() value
2026-10-05T17:43:27: PM2 warn: [pidusage] We couldn't find uptime from /proc/uptime, using os.uptime() value
2026-10-05T17:43:57: PM2 warn: [pidusage] We couldn't find uptime from /proc/uptime, using os.uptime() value
2026-10-05T17:44:27: PM2 warn: [pidusage] We couldn't find uptime from /proc/uptime, using os.uptime() value
2026-10-05T17:44:57: PM2 warn: [pidusage] We couldn't find uptime from /proc/uptime, using os.uptime() value
2026-10-05T17:45:27: PM2 warn: [pidusage] We couldn't find uptime from /proc/uptime, using os.uptime() value
2026-10-05T17:45:57: PM2 warn: [pidusage] We couldn't find uptime from /proc/uptime, using os.uptime() value
2026-10-05T17:46:27: PM2 warn: [pidusage] We couldn't find uptime from /proc/uptime, using os.uptime() value
2026-10-05T17:46:57: PM2 warn: [pidusage] We couldn't find uptime from /proc/uptime, using os.uptime() value
2026-10-05T17:47:27: PM2 warn: [pidusage] We couldn't find uptime from /proc/uptime, using os.uptime() value
2026-10-05T17:47:57: PM2 warn: [pidusage] We couldn't find uptime from /proc/uptime, using os.uptime() value
2026-10-05T17:48:27: PM2 warn: [pidusage] We couldn't find uptime from /proc/uptime, using os.uptime() value
2026-10-05T17:48:57: PM2 warn: [pidusage] We couldn't find uptime from /proc/uptime, using os.uptime() value
2026-10-05T17:49:27: PM2 warn: [pidusage] We couldn't find uptime from /proc/uptime, using os.uptime() value
2026-10-05T17:49:57: PM2 warn: [pidusage] We couldn't find uptime from /proc/uptime, using os.uptime() value
2026-10-05T17:50:27: PM2 warn: [pidusage] We couldn't find uptime from /proc/uptime, using os.uptime() value
2026-10-05T17:50:57: PM2 warn: [pidusage] We couldn't find uptime from /proc/uptime, using os.uptime() value
2026-10-05T17:51:27: PM2 warn: [pidusage] We couldn't find uptime from /proc/uptime, using os.uptime() value
2026-10-05T17:51:57: PM2 warn: [pidusage] We couldn't find uptime from /proc/uptime, using os.uptime() value
2026-10-05T17:52:27: PM2 warn: [pidusage] We couldn't find uptime from /proc/uptime, using os.uptime() value
2026-10-05T17:52:57: PM2 warn: [pidusage] We couldn't find uptime from /proc/uptime, using os.uptime() value
2026-10-05T17:53:27: PM2 warn: [pidusage] We couldn't find uptime from /proc/uptime, using os.uptime() value
2026-10-05T17:53:57: PM2 warn: [pidusage] We couldn't find uptime from /proc/uptime, using os.uptime() value
2026-10-05T17:54:27: PM2 warn: [pidusage] We couldn't find uptime from /proc/uptime, using os.uptime() value
2026-10-05T17:54:57: PM2 warn: [pidusage] We couldn't find uptime from /proc/uptime, using os.uptime() value
2026-10-05T17:55:27: PM2 warn: [pidusage] We couldn't find uptime from /proc/uptime, using os.uptime() value
2026-10-05T17:55:57: PM2 warn: [pidusage] We couldn't find uptime from /proc/uptime, using os.uptime() value
2026-10-05T17:56:27: PM2 warn: [pidusage] We couldn't find uptime from /proc/uptime, using os.uptime() value
2026-10-05T17:56:57: PM2 warn: [pidusage] We couldn't find uptime from /proc/uptime, using os.uptime() value
2026-10-05T17:57:27: PM2 warn: [pidusage] We couldn't find uptime from /proc/uptime, using os.uptime() value
2026-10-05T17:57:57: PM2 warn: [pidusage] We couldn't find uptime from /proc/uptime, using os.uptime() value
2026-10-05T17:58:27: PM2 warn: [pidusage] We couldn't find uptime from /proc/uptime, using os.uptime() value
2026-10-05T17:58:57: PM2 warn: [pidusage] We couldn't find uptime from /proc/uptime, using os.uptime() value
2026-10-05T17:59:27: PM2 warn: [pidusage] We couldn't find uptime from /proc/uptime, using os.uptime() value
2026-10-05T17:59:57: PM2 warn: [pidusage] We couldn't find uptime from /proc/uptime, using os.uptime() value
2026-10-05T18:00:27: PM2 warn: [pidusage] We couldn't find uptime from /proc/uptime, using os.uptime() value
2026-10-05T18:00:57: PM2 warn: [pidusage] We couldn't find uptime from /proc/uptime, using os.uptime() value
2026-10-05T18:01:27: PM2 warn: [pidusage] We couldn't find uptime from /proc/uptime, using os.uptime() value
2026-10-05T18:01:57: PM2 warn: [pidusage] We couldn't find uptime from /proc/uptime, using os.uptime() value
2026-10-05T18:02:27: PM2 warn: [pidusage] We couldn't find uptime from /proc/uptime, using os.uptime() value
2026-10-05T18:02:57: PM2 warn: [pidusage] We couldn't find uptime from /proc/uptime, using os.uptime() value
2026-10-05T18:03:27: PM2 warn: [pidusage] We couldn't find uptime from /proc/uptime, using os.uptime() value
2026-10-05T18:03:57: PM2 warn: [pidusage] We couldn't find uptime from /proc/uptime, using os.uptime() value
2026-10-05T18:04:27: PM2 warn: [pidusage] We couldn't find uptime from /proc/uptime, using os.uptime() value
2026-10-05T18:04:57: PM2 warn: [pidusage] We couldn't find uptime from /proc/uptime, using os.uptime() value
2026-10-05T18:05:27: PM2 warn: [pidusage] We couldn't find uptime from /proc/uptime, using os.uptime() value
2026-10-05T18:05:57: PM2 warn: [pidusage] We couldn't find uptime from /proc/uptime, using os.uptime() value
2026-10-05T18:06:27: PM2 warn: [pidusage] We couldn't find uptime from /proc/uptime, using os.uptime() value
2026-10-05T18:06:57: PM2 warn: [pidusage] We couldn't find uptime from /proc/uptime, using os.uptime() value
2026-10-05T18:07:27: PM2 warn: [pidusage] We couldn't find uptime from /proc/uptime, using os.uptime() value
2026-10-05T18:07:57: PM2 warn: [pidusage] We couldn't find uptime from /proc/uptime, using os.uptime() value
2026-10-05T18:08:27: PM2 warn: [pidusage] We couldn't find uptime from /proc/uptime, using os.uptime() value
2026-10-05T18:08:57: PM2 warn: [pidusage] We couldn't find uptime from /proc/uptime, using os.uptime() value
2026-10-05T18:09:27: PM2 warn: [pidusage] We couldn't find uptime from /proc/uptime, using os.uptime() value
2026-10-05T18:09:57: PM2 warn: [pidusage] We couldn't find uptime from /proc/uptime, using os.uptime() value
2026-10-05T18:10:27: PM2 warn: [pidusage] We couldn't find uptime from /proc/uptime, using os.uptime() value
2026-10-05T18:10:57: PM2 warn: [pidusage] We couldn't find uptime from /proc/uptime, using os.uptime() value
2026-10-05T18:11:27: PM2 warn: [pidusage] We couldn't find uptime from /proc/uptime, using os.uptime() value
2026-10-05T18:11:57: PM2 warn: [pidusage] We couldn't find uptime from /proc/uptime, using os.uptime() value
2026-10-05T18:12:27: PM2 warn: [pidusage] We couldn't find uptime from /proc/uptime, using os.uptime() value
2026-10-05T18:12:57: PM2 warn: [pidusage] We couldn't find uptime from /proc/uptime, using os.uptime() value
2026-10-05T18:13:27: PM2 warn: [pidusage] We couldn't find uptime from /proc/uptime, using os.uptime() value
2026-10-05T18:13:57: PM2 warn: [pidusage] We couldn't find uptime from /proc/uptime, using os.uptime() value
2026-10-05T18:14:27: PM2 warn: [pidusage] We couldn't find uptime from /proc/uptime, using os.uptime() value
2026-10-05T18:14:57: PM2 warn: [pidusage] We couldn't find uptime from /proc/uptime, using os.uptime() value
2026-10-05T18:15:27: PM2 warn: [pidusage] We couldn't find uptime from /proc/uptime, using os.uptime() value
2026-10-05T18:15:57: PM2 warn: [pidusage] We couldn't find uptime from /proc/uptime, using os.uptime() value
2026-10-05T18:16:27: PM2 warn: [pidusage] We couldn't find uptime from /proc/uptime, using os.uptime() value
2026-10-05T18:16:57: PM2 warn: [pidusage] We couldn't find uptime from /proc/uptime, using os.uptime() value
2026-10-05T18:17:27: PM2 warn: [pidusage] We couldn't find uptime from /proc/uptime, using os.uptime() value
2026-10-05T18:17:57: PM2 warn: [pidusage] We couldn't find uptime from /proc/uptime, using os.uptime() value
2026-10-05T18:18:27: PM2 warn: [pidusage] We couldn't find uptime from /proc/uptime, using os.uptime() value
2026-10-05T18:18:57: PM2 warn: [pidusage] We couldn't find uptime from /proc/uptime, using os.uptime() value
2026-10-05T18:19:27: PM2 warn: [pidusage] We couldn't find uptime from /proc/uptime, using os.uptime() value
2026-10-05T18:19:57: PM2 warn: [pidusage] We couldn't find uptime from /proc/uptime, using os.uptime() value
2026-10-05T18:22:12: PM2 warn: [pidusage] We couldn't find uptime from /proc/uptime, using os.uptime() value
2026-10-05T18:22:42: PM2 warn: [pidusage] We couldn't find uptime from /proc/uptime, using os.uptime() value
2026-10-05T18:23:12: PM2 warn: [pidusage] We couldn't find uptime from /proc/uptime, using os.uptime() value
2026-10-05T18:23:42: PM2 warn: [pidusage] We couldn't find uptime from /proc/uptime, using os.uptime() value
2026-10-05T18:24:12: PM2 warn: [pidusage] We couldn't find uptime from /proc/uptime, using os.uptime() value
2026-10-05T18:24:42: PM2 warn: [pidusage] We couldn't find uptime from /proc/uptime, using os.uptime() value
2026-10-05T18:25:12: PM2 warn: [pidusage] We couldn't find uptime from /proc/uptime, using os.uptime() value
2026-10-05T18:25:42: PM2 warn: [pidusage] We couldn't find uptime from /proc/uptime, using os.uptime() value
2026-10-05T18:26:12: PM2 warn: [pidusage] We couldn't find uptime from /proc/uptime, using os.uptime() value
2026-10-05T18:26:42: PM2 warn: [pidusage] We couldn't find uptime from /proc/uptime, using os.uptime() value
2026-10-05T18:27:12: PM2 warn: [pidusage] We couldn't find uptime from /proc/uptime, using os.uptime() value
2026-10-05T18:27:42: PM2 warn: [pidusage] We couldn't find uptime from /proc/uptime, using os.uptime() value
2026-10-05T18:28:12: PM2 warn: [pidusage] We couldn't find uptime from /proc/uptime, using os.uptime() value
2026-10-05T18:28:42: PM2 warn: [pidusage] We couldn't find uptime from /proc/uptime, using os.uptime() value
2026-10-05T18:29:12: PM2 warn: [pidusage] We couldn't find uptime from /proc/uptime, using os.uptime() value
2026-10-05T18:29:42: PM2 warn: [pidusage] We couldn't find uptime from /proc/uptime, using os.uptime() value
2026-10-05T18:30:12: PM2 warn: [pidusage] We couldn't find uptime from /proc/uptime, using os.uptime() value
2026-10-05T18:30:42: PM2 warn: [pidusage] We couldn't find uptime from /proc/uptime, using os.uptime() value
2026-10-05T18:31:12: PM2 warn: [pidusage] We couldn't find uptime from /proc/uptime, using os.uptime() value
2026-10-05T18:31:42: PM2 warn: [pidusage] We couldn't find uptime from /proc/uptime, using os.uptime() value
2026-10-05T18:32:12: PM2 warn: [pidusage] We couldn't find uptime from /proc/uptime, using os.uptime() value
2026-10-05T18:32:42: PM2 warn: [pidusage] We couldn't find uptime from /proc/uptime, using os.uptime() value
2026-10-05T18:33:12: PM2 warn: [pidusage] We couldn't find uptime from /proc/uptime, using os.uptime() value
2026-10-05T18:33:42: PM2 warn: [pidusage] We couldn't find uptime from /proc/uptime, using os.uptime() value
2026-10-05T18:34:12: PM2 warn: [pidusage] We couldn't find uptime from /proc/uptime, using os.uptime() value
2026-10-05T18:34:42: PM2 warn: [pidusage] We couldn't find uptime from /proc/uptime, using os.uptime() value
2026-10-05T18:35:12: PM2 warn: [pidusage] We couldn't find uptime from /proc/uptime, using os.uptime() value
2026-10-05T18:35:42: PM2 warn: [pidusage] We couldn't find uptime from /proc/uptime, using os.uptime() value
2026-10-05T18:36:12: PM2 warn: [pidusage] We couldn't find uptime from /proc/uptime, using os.uptime() value
2026-10-05T18:36:42: PM2 warn: [pidusage] We couldn't find uptime from /proc/uptime, using os.uptime() value
2026-10-05T18:37:12: PM2 warn: [pidusage] We couldn't find uptime from /proc/uptime, using os.uptime() value
2026-10-05T18:37:42: PM2 warn: [pidusage] We couldn't find uptime from /proc/uptime, using os.uptime() value
2026-10-05T18:38:12: PM2 warn: [pidusage] We couldn't find uptime from /proc/uptime, using os.uptime() value
2026-10-05T18:38:42: PM2 warn: [pidusage] We couldn't find uptime from /proc/uptime, using os.uptime() value
2026-10-05T18:39:12: PM2 warn: [pidusage] We couldn't find uptime from /proc/uptime, using os.uptime() value
2026-10-05T18:39:42: PM2 warn: [pidusage] We couldn't find uptime from /proc/uptime, using os.uptime() value
2026-10-05T18:40:12: PM2 warn: [pidusage] We couldn't find uptime from /proc/uptime, using os.uptime() value
2026-10-05T18:40:42: PM2 warn: [pidusage] We couldn't find uptime from /proc/uptime, using os.uptime() value
2026-10-05T18:41:12: PM2 warn: [pidusage] We couldn't find uptime from /proc/uptime, using os.uptime() value
2026-10-05T18:41:42: PM2 warn: [pidusage] We couldn't find uptime from /proc/uptime, using os.uptime() value
2026-10-05T18:42:12: PM2 warn: [pidusage] We couldn't find uptime from /proc/uptime, using os.uptime() value
2026-10-05T18:42:42: PM2 warn: [pidusage] We couldn't find uptime from /proc/uptime, using os.uptime() value
2026-10-05T18:43:12: PM2 warn: [pidusage] We couldn't find uptime from /proc/uptime, using os.uptime() value
2026-10-05T18:43:42: PM2 warn: [pidusage] We couldn't find uptime from /proc/uptime, using os.uptime() value
2026-10-05T18:44:12: PM2 warn: [pidusage] We couldn't find uptime from /proc/uptime, using os.uptime() value
2026-10-05T18:44:42: PM2 warn: [pidusage] We couldn't find uptime from /proc/uptime, using os.uptime() value
2026-10-05T18:45:12: PM2 warn: [pidusage] We couldn't find uptime from /proc/uptime, using os.uptime() value
2026-10-05T18:45:42: PM2 warn: [pidusage] We couldn't find uptime from /proc/uptime, using os.uptime() value
2026-10-05T18:46:12: PM2 warn: [pidusage] We couldn't find uptime from /proc/uptime, using os.uptime() value
2026-10-05T18:46:42: PM2 warn: [pidusage] We couldn't find uptime from /proc/uptime, using os.uptime() value
2026-10-05T18:47:12: PM2 warn: [pidusage] We couldn't find uptime from /proc/uptime, using os.uptime() value
2026-10-05T18:47:42: PM2 warn: [pidusage] We couldn't find uptime from /proc/uptime, using os.uptime() value
2026-10-05T18:48:12: PM2 warn: [pidusage] We couldn't find uptime from /proc/uptime, using os.uptime() value
2026-10-05T18:48:42: PM2 warn: [pidusage] We couldn't find uptime from /proc/uptime, using os.uptime() value
2026-10-05T18:49:12: PM2 warn: [pidusage] We couldn't find uptime from /proc/uptime, using os.uptime() value
2026-10-05T18:49:42: PM2 warn: [pidusage] We couldn't find uptime from /proc/uptime, using os.uptime() value
2026-10-05T18:50:12: PM2 warn: [pidusage] We couldn't find uptime from /proc/uptime, using os.uptime() value
2026-10-05T18:50:42: PM2 warn: [pidusage] We couldn't find uptime from /proc/uptime, using os.uptime() value
2026-10-05T18:51:12: PM2 warn: [pidusage] We couldn't find uptime from /proc/uptime, using os.uptime() value
2026-10-05T18:51:42: PM2 warn: [pidusage] We couldn't find uptime from /proc/uptime, using os.uptime() value
2026-10-05T18:56:29: PM2 warn: [pidusage] We couldn't find uptime from /proc/uptime, using os.uptime() value
2026-10-05T18:56:59: PM2 warn: [pidusage] We couldn't find uptime from /proc/uptime, using os.uptime() value
2026-10-05T18:57:29: PM2 warn: [pidusage] We couldn't find uptime from /proc/uptime, using os.uptime() value
2026-10-05T18:57:59: PM2 warn: [pidusage] We couldn't find uptime from /proc/uptime, using os.uptime() value
2026-10-05T18:58:29: PM2 warn: [pidusage] We couldn't find uptime from /proc/uptime, using os.uptime() value
2026-10-05T18:58:59: PM2 warn: [pidusage] We couldn't find uptime from /proc/uptime, using os.uptime() value
2026-10-05T18:59:29: PM2 warn: [pidusage] We couldn't find uptime from /proc/uptime, using os.uptime() value
2026-10-05T18:59:59: PM2 warn: [pidusage] We couldn't find uptime from /proc/uptime, using os.uptime() value
2026-10-05T19:00:29: PM2 warn: [pidusage] We couldn't find uptime from /proc/uptime, using os.uptime() value
2026-10-05T19:00:59: PM2 warn: [pidusage] We couldn't find uptime from /proc/uptime, using os.uptime() value
2026-10-05T19:01:29: PM2 warn: [pidusage] We couldn't find uptime from /proc/uptime, using os.uptime() value
2026-10-05T19:01:59: PM2 warn: [pidusage] We couldn't find uptime from /proc/uptime, using os.uptime() value
2026-10-05T19:02:29: PM2 warn: [pidusage] We couldn't find uptime from /proc/uptime, using os.uptime() value
2026-10-05T19:02:59: PM2 warn: [pidusage] We couldn't find uptime from /proc/uptime, using os.uptime() value
2026-10-05T19:03:29: PM2 warn: [pidusage] We couldn't find uptime from /proc/uptime, using os.uptime() value
2026-10-05T19:03:59: PM2 warn: [pidusage] We couldn't find uptime from /proc/uptime, using os.uptime() value
2026-10-05T19:04:29: PM2 warn: [pidusage] We couldn't find uptime from /proc/uptime, using os.uptime() value
2026-10-05T19:04:59: PM2 warn: [pidusage] We couldn't find uptime from /proc/uptime, using os.uptime() value
2026-10-05T19:05:29: PM2 warn: [pidusage] We couldn't find uptime from /proc/uptime, using os.uptime() value
2026-10-05T19:05:59: PM2 warn: [pidusage] We couldn't find uptime from /proc/uptime, using os.uptime() value
2026-10-05T19:06:29: PM2 warn: [pidusage] We couldn't find uptime from /proc/uptime, using os.uptime() value
2026-10-05T19:06:59: PM2 warn: [pidusage] We couldn't find uptime from /proc/uptime, using os.uptime() value
2026-10-05T19:07:29: PM2 warn: [pidusage] We couldn't find uptime from /proc/uptime, using os.uptime() value
2026-10-05T19:07:59: PM2 warn: [pidusage] We couldn't find uptime from /proc/uptime, using os.uptime() value
2026-10-05T19:08:29: PM2 warn: [pidusage] We couldn't find uptime from /proc/uptime, using os.uptime() value
2026-10-05T19:08:59: PM2 warn: [pidusage] We couldn't find uptime from /proc/uptime, using os.uptime() value
2026-10-05T19:09:29: PM2 warn: [pidusage] We couldn't find uptime from /proc/uptime, using os.uptime() value
2026-10-05T19:09:59: PM2 warn: [pidusage] We couldn't find uptime from /proc/uptime, using os.uptime() value
2026-10-05T19:10:29: PM2 warn: [pidusage] We couldn't find uptime from /proc/uptime, using os.uptime() value
2026-10-05T19:10:59: PM2 warn: [pidusage] We couldn't find uptime from /proc/uptime, using os.uptime() value
2026-10-05T19:11:29: PM2 warn: [pidusage] We couldn't find uptime from /proc/uptime, using os.uptime() value
2026-10-05T19:11:59: PM2 warn: [pidusage] We couldn't find uptime from /proc/uptime, using os.uptime() value
2026-10-05T19:12:29: PM2 warn: [pidusage] We couldn't find uptime from /proc/uptime, using os.uptime() value
2026-10-05T19:12:59: PM2 warn: [pidusage] We couldn't find uptime from /proc/uptime, using os.uptime() value
2026-10-05T19:13:29: PM2 warn: [pidusage] We couldn't find uptime from /proc/uptime, using os.uptime() value
2026-10-05T19:13:59: PM2 warn: [pidusage] We couldn't find uptime from /proc/uptime, using os.uptime() value
2026-10-05T19:14:29: PM2 warn: [pidusage] We couldn't find uptime from /proc/uptime, using os.uptime() value
2026-10-05T19:14:59: PM2 warn: [pidusage] We couldn't find uptime from /proc/uptime, using os.uptime() value
2026-10-05T19:15:29: PM2 warn: [pidusage] We couldn't find uptime from /proc/uptime, using os.uptime() value
2026-10-05T19:15:59: PM2 warn: [pidusage] We couldn't find uptime from /proc/uptime, using os.uptime() value
2026-10-05T19:16:29: PM2 warn: [pidusage] We couldn't find uptime from /proc/uptime, using os.uptime() value
2026-10-05T19:16:59: PM2 warn: [pidusage] We couldn't find uptime from /proc/uptime, using os.uptime() value
2026-10-05T19:17:29: PM2 warn: [pidusage] We couldn't find uptime from /proc/uptime, using os.uptime() value
2026-10-05T19:17:59: PM2 warn: [pidusage] We couldn't find uptime from /proc/uptime, using os.uptime() value
2026-10-05T19:18:29: PM2 warn: [pidusage] We couldn't find uptime from /proc/uptime, using os.uptime() value
2026-10-05T19:18:59: PM2 warn: [pidusage] We couldn't find uptime from /proc/uptime, using os.uptime() value
2026-10-05T19:19:29: PM2 warn: [pidusage] We couldn't find uptime from /proc/uptime, using os.uptime() value
2026-10-05T19:19:59: PM2 warn: [pidusage] We couldn't find uptime from /proc/uptime, using os.uptime() value
2026-10-05T19:20:29: PM2 warn: [pidusage] We couldn't find uptime from /proc/uptime, using os.uptime() value
2026-10-05T19:20:59: PM2 warn: [pidusage] We couldn't find uptime from /proc/uptime, using os.uptime() value
2026-10-05T19:21:29: PM2 warn: [pidusage] We couldn't find uptime from /proc/uptime, using os.uptime() value
2026-10-05T19:21:59: PM2 warn: [pidusage] We couldn't find uptime from /proc/uptime, using os.uptime() value
2026-10-05T19:22:29: PM2 warn: [pidusage] We couldn't find uptime from /proc/uptime, using os.uptime() value
2026-10-05T19:22:59: PM2 warn: [pidusage] We couldn't find uptime from /proc/uptime, using os.uptime() value
2026-10-05T19:23:29: PM2 warn: [pidusage] We couldn't find uptime from /proc/uptime, using os.uptime() value
2026-10-05T19:23:59: PM2 warn: [pidusage] We couldn't find uptime from /proc/uptime, using os.uptime() value
2026-10-05T19:24:29: PM2 warn: [pidusage] We couldn't find uptime from /proc/uptime, using os.uptime() value
2026-10-05T19:24:59: PM2 warn: [pidusage] We couldn't find uptime from /proc/uptime, using os.uptime() value
2026-10-05T19:25:29: PM2 warn: [pidusage] We couldn't find uptime from /proc/uptime, using os.uptime() value
2026-10-05T19:25:59: PM2 warn: [pidusage] We couldn't find uptime from /proc/uptime, using os.uptime() value
2026-10-05T19:26:29: PM2 warn: [pidusage] We couldn't find uptime from /proc/uptime, using os.uptime() value
2026-10-05T19:26:59: PM2 warn: [pidusage] We couldn't find uptime from /proc/uptime, using os.uptime() value
2026-10-05T19:27:29: PM2 warn: [pidusage] We couldn't find uptime from /proc/uptime, using os.uptime() value
2026-10-05T19:27:59: PM2 warn: [pidusage] We couldn't find uptime from /proc/uptime, using os.uptime() value
2026-10-05T19:28:29: PM2 warn: [pidusage] We couldn't find uptime from /proc/uptime, using os.uptime() value
2026-10-05T19:28:59: PM2 warn: [pidusage] We couldn't find uptime from /proc/uptime, using os.uptime() value
2026-10-05T19:29:29: PM2 warn: [pidusage] We couldn't find uptime from /proc/uptime, using os.uptime() value
2026-10-05T19:29:59: PM2 warn: [pidusage] We couldn't find uptime from /proc/uptime, using os.uptime() value
2026-10-05T19:30:29: PM2 warn: [pidusage] We couldn't find uptime from /proc/uptime, using os.uptime() value
2026-10-05T19:30:59: PM2 warn: [pidusage] We couldn't find uptime from /proc/uptime, using os.uptime() value
2026-10-05T19:31:29: PM2 warn: [pidusage] We couldn't find uptime from /proc/uptime, using os.uptime() value
2026-10-05T19:31:59: PM2 warn: [pidusage] We couldn't find uptime from /proc/uptime, using os.uptime() value
2026-10-05T19:32:29: PM2 warn: [pidusage] We couldn't find uptime from /proc/uptime, using os.uptime() value
2026-10-05T19:32:59: PM2 warn: [pidusage] We couldn't find uptime from /proc/uptime, using os.uptime() value
2026-10-05T19:33:29: PM2 warn: [pidusage] We couldn't find uptime from /proc/uptime, using os.uptime() value
2026-10-05T19:33:59: PM2 warn: [pidusage] We couldn't find uptime from /proc/uptime, using os.uptime() value
2026-10-05T19:34:29: PM2 warn: [pidusage] We couldn't find uptime from /proc/uptime, using os.uptime() value
2026-10-05T19:34:59: PM2 warn: [pidusage] We couldn't find uptime from /proc/uptime, using os.uptime() value
2026-10-05T19:35:29: PM2 warn: [pidusage] We couldn't find uptime from /proc/uptime, using os.uptime() value
2026-10-05T19:35:59: PM2 warn: [pidusage] We couldn't find uptime from /proc/uptime, using os.uptime() value
2026-10-05T19:36:29: PM2 warn: [pidusage] We couldn't find uptime from /proc/uptime, using os.uptime() value
2026-10-05T19:36:59: PM2 warn: [pidusage] We couldn't find uptime from /proc/uptime, using os.uptime() value
2026-10-05T19:37:29: PM2 warn: [pidusage] We couldn't find uptime from /proc/uptime, using os.uptime() value
2026-10-05T19:37:59: PM2 warn: [pidusage] We couldn't find uptime from /proc/uptime, using os.uptime() value
2026-10-05T19:38:29: PM2 warn: [pidusage] We couldn't find uptime from /proc/uptime, using os.uptime() value
2026-10-05T19:38:59: PM2 warn: [pidusage] We couldn't find uptime from /proc/uptime, using os.uptime() value
2026-10-05T19:39:29: PM2 warn: [pidusage] We couldn't find uptime from /proc/uptime, using os.uptime() value
2026-10-05T19:39:59: PM2 warn: [pidusage] We couldn't find uptime from /proc/uptime, using os.uptime() value
2026-10-05T19:40:29: PM2 warn: [pidusage] We couldn't find uptime from /proc/uptime, using os.uptime() value
2026-10-05T19:40:59: PM2 warn: [pidusage] We couldn't find uptime from /proc/uptime, using os.uptime() value
2026-10-05T19:41:29: PM2 warn: [pidusage] We couldn't find uptime from /proc/uptime, using os.uptime() value
2026-10-05T19:41:59: PM2 warn: [pidusage] We couldn't find uptime from /proc/uptime, using os.uptime() value
2026-10-05T19:42:29: PM2 warn: [pidusage] We couldn't find uptime from /proc/uptime, using os.uptime() value
2026-10-05T19:42:59: PM2 warn: [pidusage] We couldn't find uptime from /proc/uptime, using os.uptime() value
2026-10-05T19:43:29: PM2 warn: [pidusage] We couldn't find uptime from /proc/uptime, using os.uptime() value
2026-10-05T19:43:59: PM2 warn: [pidusage] We couldn't find uptime from /proc/uptime, using os.uptime() value
2026-10-05T19:44:29: PM2 warn: [pidusage] We couldn't find uptime from /proc/uptime, using os.uptime() value
2026-10-05T19:44:59: PM2 warn: [pidusage] We couldn't find uptime from /proc/uptime, using os.uptime() value
2026-10-05T19:45:29: PM2 warn: [pidusage] We couldn't find uptime from /proc/uptime, using os.uptime() value
2026-10-05T19:45:59: PM2 warn: [pidusage] We couldn't find uptime from /proc/uptime, using os.uptime() value
2026-10-05T19:46:29: PM2 warn: [pidusage] We couldn't find uptime from /proc/uptime, using os.uptime() value
2026-10-05T19:46:59: PM2 warn: [pidusage] We couldn't find uptime from /proc/uptime, using os.uptime() value
2026-10-05T19:47:29: PM2 warn: [pidusage] We couldn't find uptime from /proc/uptime, using os.uptime() value
2026-10-05T19:47:59: PM2 warn: [pidusage] We couldn't find uptime from /proc/uptime, using os.uptime() value
2026-10-05T19:48:29: PM2 warn: [pidusage] We couldn't find uptime from /proc/uptime, using os.uptime() value
2026-10-05T19:48:59: PM2 warn: [pidusage] We couldn't find uptime from /proc/uptime, using os.uptime() value
2026-10-05T19:49:29: PM2 warn: [pidusage] We couldn't find uptime from /proc/uptime, using os.uptime() value
2026-10-05T19:49:59: PM2 warn: [pidusage] We couldn't find uptime from /proc/uptime, using os.uptime() value
2026-10-05T19:50:29: PM2 warn: [pidusage] We couldn't find uptime from /proc/uptime, using os.uptime() value
2026-10-05T19:50:37: PM2 warn: [pidusage] We couldn't find uptime from /proc/uptime, using os.uptime() value
2026-10-05T19:50:37: PM2 warn: [pidusage] We couldn't find uptime from /proc/uptime, using os.uptime() value
2026-10-05T19:50:54: PM2 warn: [pidusage] We couldn't find uptime from /proc/uptime, using os.uptime() value
2026-10-05T19:50:59: PM2 warn: [pidusage] We couldn't find uptime from /proc/uptime, using os.uptime() value
2026-10-05T19:51:12: PM2 warn: [pidusage] We couldn't find uptime from /proc/uptime, using os.uptime() value
2026-10-05T19:51:12: PM2 log: Stopping app:bot-wa id:0
2026-10-05T19:51:12: PM2 log: App [bot-wa:0] exited with code [0] via signal [SIGINT]
2026-10-05T19:51:12: PM2 log: pid=12551 msg=process tree killed (1 pids)
2026-10-05T19:51:12: PM2 log: App [bot-wa:0] starting in -fork mode-
2026-10-05T19:51:12: PM2 log: App [bot-wa:0] online
2026-10-05T19:51:12: PM2 warn: [pidusage] We couldn't find uptime from /proc/uptime, using os.uptime() value
2026-10-05T19:51:29: PM2 warn: [pidusage] We couldn't find uptime from /proc/uptime, using os.uptime() value
2026-10-05T19:51:59: PM2 warn: [pidusage] We couldn't find uptime from /proc/uptime, using os.uptime() value
2026-10-05T19:52:29: PM2 warn: [pidusage] We couldn't find uptime from /proc/uptime, using os.uptime() value
2026-10-05T19:52:59: PM2 warn: [pidusage] We couldn't find uptime from /proc/uptime, using os.uptime() value
2026-10-05T19:53:20: PM2 warn: [pidusage] We couldn't find uptime from /proc/uptime, using os.uptime() value
2026-10-05T19:53:20: PM2 log: Stopping app:bot-wa id:0
2026-10-05T19:53:20: PM2 log: App [bot-wa:0] exited with code [0] via signal [SIGINT]
2026-10-05T19:53:20: PM2 log: pid=10394 msg=process tree killed (1 pids)
2026-10-05T19:55:25: PM2 log: App [bot-wa:0] starting in -fork mode-
2026-10-05T19:55:25: PM2 log: App [bot-wa:0] online
2026-10-05T19:55:25: PM2 warn: [pidusage] We couldn't find uptime from /proc/uptime, using os.uptime() value
2026-10-05T19:55:26: PM2 warn: [pidusage] We couldn't find uptime from /proc/uptime, using os.uptime() value
2026-10-05T19:55:29: PM2 warn: [pidusage] We couldn't find uptime from /proc/uptime, using os.uptime() value
2026-10-05T19:55:59: PM2 warn: [pidusage] We couldn't find uptime from /proc/uptime, using os.uptime() value
2026-10-05T19:56:29: PM2 warn: [pidusage] We couldn't find uptime from /proc/uptime, using os.uptime() value
2026-10-05T19:56:59: PM2 warn: [pidusage] We couldn't find uptime from /proc/uptime, using os.uptime() value
2026-10-05T20:00:02: PM2 warn: [pidusage] We couldn't find uptime from /proc/uptime, using os.uptime() value
2026-10-05T20:00:32: PM2 warn: [pidusage] We couldn't find uptime from /proc/uptime, using os.uptime() value
2026-10-05T20:01:02: PM2 warn: [pidusage] We couldn't find uptime from /proc/uptime, using os.uptime() value
2026-10-05T20:01:32: PM2 warn: [pidusage] We couldn't find uptime from /proc/uptime, using os.uptime() value
2026-10-05T20:02:02: PM2 warn: [pidusage] We couldn't find uptime from /proc/uptime, using os.uptime() value
2026-10-05T20:02:32: PM2 warn: [pidusage] We couldn't find uptime from /proc/uptime, using os.uptime() value
2026-10-05T20:03:02: PM2 warn: [pidusage] We couldn't find uptime from /proc/uptime, using os.uptime() value
2026-10-05T20:03:32: PM2 warn: [pidusage] We couldn't find uptime from /proc/uptime, using os.uptime() value
2026-10-05T20:04:02: PM2 warn: [pidusage] We couldn't find uptime from /proc/uptime, using os.uptime() value
2026-10-05T20:04:32: PM2 warn: [pidusage] We couldn't find uptime from /proc/uptime, using os.uptime() value
2026-10-05T20:05:02: PM2 warn: [pidusage] We couldn't find uptime from /proc/uptime, using os.uptime() value
2026-10-05T20:05:32: PM2 warn: [pidusage] We couldn't find uptime from /proc/uptime, using os.uptime() value
2026-10-05T20:06:02: PM2 warn: [pidusage] We couldn't find uptime from /proc/uptime, using os.uptime() value
2026-10-05T20:06:32: PM2 warn: [pidusage] We couldn't find uptime from /proc/uptime, using os.uptime() value
2026-10-05T20:07:02: PM2 warn: [pidusage] We couldn't find uptime from /proc/uptime, using os.uptime() value
2026-10-05T20:07:32: PM2 warn: [pidusage] We couldn't find uptime from /proc/uptime, using os.uptime() value
2026-10-05T20:08:02: PM2 warn: [pidusage] We couldn't find uptime from /proc/uptime, using os.uptime() value
2026-10-05T20:08:32: PM2 warn: [pidusage] We couldn't find uptime from /proc/uptime, using os.uptime() value
2026-10-05T20:09:02: PM2 warn: [pidusage] We couldn't find uptime from /proc/uptime, using os.uptime() value
2026-10-05T20:09:32: PM2 warn: [pidusage] We couldn't find uptime from /proc/uptime, using os.uptime() value
2026-10-05T20:10:02: PM2 warn: [pidusage] We couldn't find uptime from /proc/uptime, using os.uptime() value
2026-10-05T20:10:32: PM2 warn: [pidusage] We couldn't find uptime from /proc/uptime, using os.uptime() value
2026-10-05T20:14:48: PM2 warn: [pidusage] We couldn't find uptime from /proc/uptime, using os.uptime() value
2026-10-05T20:15:18: PM2 warn: [pidusage] We couldn't find uptime from /proc/uptime, using os.uptime() value
2026-10-05T20:15:48: PM2 warn: [pidusage] We couldn't find uptime from /proc/uptime, using os.uptime() value
2026-10-05T20:16:18: PM2 warn: [pidusage] We couldn't find uptime from /proc/uptime, using os.uptime() value
2026-10-05T20:16:48: PM2 warn: [pidusage] We couldn't find uptime from /proc/uptime, using os.uptime() value
2026-10-05T20:17:18: PM2 warn: [pidusage] We couldn't find uptime from /proc/uptime, using os.uptime() value
2026-10-05T20:17:48: PM2 warn: [pidusage] We couldn't find uptime from /proc/uptime, using os.uptime() value
2026-10-05T20:18:18: PM2 warn: [pidusage] We couldn't find uptime from /proc/uptime, using os.uptime() value
2026-10-05T20:18:48: PM2 warn: [pidusage] We couldn't find uptime from /proc/uptime, using os.uptime() value
2026-10-05T20:23:02: PM2 warn: [pidusage] We couldn't find uptime from /proc/uptime, using os.uptime() value
2026-10-05T20:36:58: PM2 warn: [pidusage] We couldn't find uptime from /proc/uptime, using os.uptime() value
2026-10-05T20:37:28: PM2 warn: [pidusage] We couldn't find uptime from /proc/uptime, using os.uptime() value
2026-10-05T20:37:58: PM2 warn: [pidusage] We couldn't find uptime from /proc/uptime, using os.uptime() value
2026-10-05T20:38:28: PM2 warn: [pidusage] We couldn't find uptime from /proc/uptime, using os.uptime() value
2026-10-05T20:38:58: PM2 warn: [pidusage] We couldn't find uptime from /proc/uptime, using os.uptime() value
2026-10-05T20:39:28: PM2 warn: [pidusage] We couldn't find uptime from /proc/uptime, using os.uptime() value
2026-10-05T20:39:58: PM2 warn: [pidusage] We couldn't find uptime from /proc/uptime, using os.uptime() value
2026-10-05T20:40:28: PM2 warn: [pidusage] We couldn't find uptime from /proc/uptime, using os.uptime() value
2026-10-05T20:40:58: PM2 warn: [pidusage] We couldn't find uptime from /proc/uptime, using os.uptime() value
2026-10-05T20:41:28: PM2 warn: [pidusage] We couldn't find uptime from /proc/uptime, using os.uptime() value
2026-10-05T20:41:58: PM2 warn: [pidusage] We couldn't find uptime from /proc/uptime, using os.uptime() value
2026-10-05T20:42:28: PM2 warn: [pidusage] We couldn't find uptime from /proc/uptime, using os.uptime() value
2026-10-05T20:42:58: PM2 warn: [pidusage] We couldn't find uptime from /proc/uptime, using os.uptime() value
2026-10-05T20:43:28: PM2 warn: [pidusage] We couldn't find uptime from /proc/uptime, using os.uptime() value
2026-10-05T20:43:58: PM2 warn: [pidusage] We couldn't find uptime from /proc/uptime, using os.uptime() value
2026-10-05T20:44:28: PM2 warn: [pidusage] We couldn't find uptime from /proc/uptime, using os.uptime() value
2026-10-05T20:44:58: PM2 warn: [pidusage] We couldn't find uptime from /proc/uptime, using os.uptime() value
2026-10-05T20:45:28: PM2 warn: [pidusage] We couldn't find uptime from /proc/uptime, using os.uptime() value
2026-10-05T20:45:58: PM2 warn: [pidusage] We couldn't find uptime from /proc/uptime, using os.uptime() value
2026-10-05T20:46:28: PM2 warn: [pidusage] We couldn't find uptime from /proc/uptime, using os.uptime() value
2026-10-05T20:46:58: PM2 warn: [pidusage] We couldn't find uptime from /proc/uptime, using os.uptime() value
2026-10-05T20:47:28: PM2 warn: [pidusage] We couldn't find uptime from /proc/uptime, using os.uptime() value
2026-10-05T20:47:58: PM2 warn: [pidusage] We couldn't find uptime from /proc/uptime, using os.uptime() value
2026-10-05T20:48:28: PM2 warn: [pidusage] We couldn't find uptime from /proc/uptime, using os.uptime() value
2026-10-05T20:48:58: PM2 warn: [pidusage] We couldn't find uptime from /proc/uptime, using os.uptime() value
2026-10-05T20:49:28: PM2 warn: [pidusage] We couldn't find uptime from /proc/uptime, using os.uptime() value
2026-10-05T20:49:58: PM2 warn: [pidusage] We couldn't find uptime from /proc/uptime, using os.uptime() value
2026-10-05T20:50:28: PM2 warn: [pidusage] We couldn't find uptime from /proc/uptime, using os.uptime() value
2026-10-05T20:50:58: PM2 warn: [pidusage] We couldn't find uptime from /proc/uptime, using os.uptime() value
2026-10-05T20:51:28: PM2 warn: [pidusage] We couldn't find uptime from /proc/uptime, using os.uptime() value
2026-10-05T20:51:58: PM2 warn: [pidusage] We couldn't find uptime from /proc/uptime, using os.uptime() value
2026-10-05T20:52:28: PM2 warn: [pidusage] We couldn't find uptime from /proc/uptime, using os.uptime() value
2026-10-05T20:52:58: PM2 warn: [pidusage] We couldn't find uptime from /proc/uptime, using os.uptime() value
2026-10-05T20:53:28: PM2 warn: [pidusage] We couldn't find uptime from /proc/uptime, using os.uptime() value
2026-10-05T20:53:58: PM2 warn: [pidusage] We couldn't find uptime from /proc/uptime, using os.uptime() value
2026-10-05T20:54:28: PM2 warn: [pidusage] We couldn't find uptime from /proc/uptime, using os.uptime() value
2026-10-05T20:54:58: PM2 warn: [pidusage] We couldn't find uptime from /proc/uptime, using os.uptime() value
2026-10-05T20:55:28: PM2 warn: [pidusage] We couldn't find uptime from /proc/uptime, using os.uptime() value
2026-10-05T20:55:58: PM2 warn: [pidusage] We couldn't find uptime from /proc/uptime, using os.uptime() value
2026-10-05T20:56:28: PM2 warn: [pidusage] We couldn't find uptime from /proc/uptime, using os.uptime() value
2026-10-05T20:56:58: PM2 warn: [pidusage] We couldn't find uptime from /proc/uptime, using os.uptime() value
2026-10-05T20:57:28: PM2 warn: [pidusage] We couldn't find uptime from /proc/uptime, using os.uptime() value
2026-10-05T20:57:58: PM2 warn: [pidusage] We couldn't find uptime from /proc/uptime, using os.uptime() value
2026-10-05T20:58:28: PM2 warn: [pidusage] We couldn't find uptime from /proc/uptime, using os.uptime() value
2026-10-05T20:58:58: PM2 warn: [pidusage] We couldn't find uptime from /proc/uptime, using os.uptime() value
2026-10-05T20:59:28: PM2 warn: [pidusage] We couldn't find uptime from /proc/uptime, using os.uptime() value
2026-10-05T20:59:58: PM2 warn: [pidusage] We couldn't find uptime from /proc/uptime, using os.uptime() value
2026-10-05T21:00:28: PM2 warn: [pidusage] We couldn't find uptime from /proc/uptime, using os.uptime() value
2026-10-05T21:00:58: PM2 warn: [pidusage] We couldn't find uptime from /proc/uptime, using os.uptime() value
2026-10-05T21:01:28: PM2 warn: [pidusage] We couldn't find uptime from /proc/uptime, using os.uptime() value
2026-10-05T21:01:58: PM2 warn: [pidusage] We couldn't find uptime from /proc/uptime, using os.uptime() value
2026-10-05T21:02:28: PM2 warn: [pidusage] We couldn't find uptime from /proc/uptime, using os.uptime() value
2026-10-05T21:02:58: PM2 warn: [pidusage] We couldn't find uptime from /proc/uptime, using os.uptime() value
2026-10-05T21:03:28: PM2 warn: [pidusage] We couldn't find uptime from /proc/uptime, using os.uptime() value
2026-10-05T21:03:58: PM2 warn: [pidusage] We couldn't find uptime from /proc/uptime, using os.uptime() value
2026-10-05T21:04:28: PM2 warn: [pidusage] We couldn't find uptime from /proc/uptime, using os.uptime() value
2026-10-05T21:04:58: PM2 warn: [pidusage] We couldn't find uptime from /proc/uptime, using os.uptime() value
2026-10-05T21:05:28: PM2 warn: [pidusage] We couldn't find uptime from /proc/uptime, using os.uptime() value
2026-10-05T21:05:58: PM2 warn: [pidusage] We couldn't find uptime from /proc/uptime, using os.uptime() value
2026-10-05T21:06:28: PM2 warn: [pidusage] We couldn't find uptime from /proc/uptime, using os.uptime() value
2026-10-05T21:06:58: PM2 warn: [pidusage] We couldn't find uptime from /proc/uptime, using os.uptime() value
2026-10-05T21:07:28: PM2 warn: [pidusage] We couldn't find uptime from /proc/uptime, using os.uptime() value
2026-10-05T21:07:58: PM2 warn: [pidusage] We couldn't find uptime from /proc/uptime, using os.uptime() value
2026-10-05T21:08:28: PM2 warn: [pidusage] We couldn't find uptime from /proc/uptime, using os.uptime() value
2026-10-05T21:08:58: PM2 warn: [pidusage] We couldn't find uptime from /proc/uptime, using os.uptime() value
2026-10-05T21:09:28: PM2 warn: [pidusage] We couldn't find uptime from /proc/uptime, using os.uptime() value
2026-10-05T21:09:58: PM2 warn: [pidusage] We couldn't find uptime from /proc/uptime, using os.uptime() value
2026-10-05T21:10:28: PM2 warn: [pidusage] We couldn't find uptime from /proc/uptime, using os.uptime() value
2026-10-05T21:10:58: PM2 warn: [pidusage] We couldn't find uptime from /proc/uptime, using os.uptime() value
2026-10-05T21:11:28: PM2 warn: [pidusage] We couldn't find uptime from /proc/uptime, using os.uptime() value
2026-10-05T21:11:58: PM2 warn: [pidusage] We couldn't find uptime from /proc/uptime, using os.uptime() value
2026-10-05T21:12:28: PM2 warn: [pidusage] We couldn't find uptime from /proc/uptime, using os.uptime() value
2026-10-05T21:12:58: PM2 warn: [pidusage] We couldn't find uptime from /proc/uptime, using os.uptime() value
2026-10-05T21:13:28: PM2 warn: [pidusage] We couldn't find uptime from /proc/uptime, using os.uptime() value
2026-10-05T21:13:58: PM2 warn: [pidusage] We couldn't find uptime from /proc/uptime, using os.uptime() value
2026-10-05T21:14:28: PM2 warn: [pidusage] We couldn't find uptime from /proc/uptime, using os.uptime() value
2026-10-05T21:14:58: PM2 warn: [pidusage] We couldn't find uptime from /proc/uptime, using os.uptime() value
2026-10-05T21:15:28: PM2 warn: [pidusage] We couldn't find uptime from /proc/uptime, using os.uptime() value
2026-10-05T21:15:58: PM2 warn: [pidusage] We couldn't find uptime from /proc/uptime, using os.uptime() value
2026-10-05T21:16:28: PM2 warn: [pidusage] We couldn't find uptime from /proc/uptime, using os.uptime() value
2026-10-05T21:16:58: PM2 warn: [pidusage] We couldn't find uptime from /proc/uptime, using os.uptime() value
2026-10-05T21:17:28: PM2 warn: [pidusage] We couldn't find uptime from /proc/uptime, using os.uptime() value
2026-10-05T21:17:58: PM2 warn: [pidusage] We couldn't find uptime from /proc/uptime, using os.uptime() value
2026-10-05T21:18:28: PM2 warn: [pidusage] We couldn't find uptime from /proc/uptime, using os.uptime() value
2026-10-05T21:18:58: PM2 warn: [pidusage] We couldn't find uptime from /proc/uptime, using os.uptime() value
2026-10-05T21:19:28: PM2 warn: [pidusage] We couldn't find uptime from /proc/uptime, using os.uptime() value
2026-10-05T21:19:58: PM2 warn: [pidusage] We couldn't find uptime from /proc/uptime, using os.uptime() value
2026-10-05T21:20:28: PM2 warn: [pidusage] We couldn't find uptime from /proc/uptime, using os.uptime() value
2026-10-05T21:20:58: PM2 warn: [pidusage] We couldn't find uptime from /proc/uptime, using os.uptime() value
2026-10-05T21:21:28: PM2 warn: [pidusage] We couldn't find uptime from /proc/uptime, using os.uptime() value
2026-10-05T21:21:58: PM2 warn: [pidusage] We couldn't find uptime from /proc/uptime, using os.uptime() value
2026-10-05T21:22:28: PM2 warn: [pidusage] We couldn't find uptime from /proc/uptime, using os.uptime() value
2026-10-05T21:22:58: PM2 warn: [pidusage] We couldn't find uptime from /proc/uptime, using os.uptime() value
2026-10-05T21:23:28: PM2 warn: [pidusage] We couldn't find uptime from /proc/uptime, using os.uptime() value
2026-10-05T21:23:58: PM2 warn: [pidusage] We couldn't find uptime from /proc/uptime, using os.uptime() value
2026-10-05T21:24:28: PM2 warn: [pidusage] We couldn't find uptime from /proc/uptime, using os.uptime() value
2026-10-05T21:24:58: PM2 warn: [pidusage] We couldn't find uptime from /proc/uptime, using os.uptime() value
2026-10-05T21:25:28: PM2 warn: [pidusage] We couldn't find uptime from /proc/uptime, using os.uptime() value
2026-10-05T21:25:58: PM2 warn: [pidusage] We couldn't find uptime from /proc/uptime, using os.uptime() value
2026-10-05T21:26:28: PM2 warn: [pidusage] We couldn't find uptime from /proc/uptime, using os.uptime() value
2026-10-05T21:26:58: PM2 warn: [pidusage] We couldn't find uptime from /proc/uptime, using os.uptime() value
2026-10-05T21:27:28: PM2 warn: [pidusage] We couldn't find uptime from /proc/uptime, using os.uptime() value
2026-10-05T21:27:58: PM2 warn: [pidusage] We couldn't find uptime from /proc/uptime, using os.uptime() value
2026-10-05T21:28:28: PM2 warn: [pidusage] We couldn't find uptime from /proc/uptime, using os.uptime() value
2026-10-05T21:28:58: PM2 warn: [pidusage] We couldn't find uptime from /proc/uptime, using os.uptime() value
2026-10-05T21:29:28: PM2 warn: [pidusage] We couldn't find uptime from /proc/uptime, using os.uptime() value
2026-10-05T21:29:58: PM2 warn: [pidusage] We couldn't find uptime from /proc/uptime, using os.uptime() value
2026-10-05T21:30:28: PM2 warn: [pidusage] We couldn't find uptime from /proc/uptime, using os.uptime() value
2026-10-05T21:30:58: PM2 warn: [pidusage] We couldn't find uptime from /proc/uptime, using os.uptime() value
2026-10-05T21:31:28: PM2 warn: [pidusage] We couldn't find uptime from /proc/uptime, using os.uptime() value
2026-10-05T21:31:58: PM2 warn: [pidusage] We couldn't find uptime from /proc/uptime, using os.uptime() value
2026-10-05T21:32:28: PM2 warn: [pidusage] We couldn't find uptime from /proc/uptime, using os.uptime() value
2026-10-05T21:32:58: PM2 warn: [pidusage] We couldn't find uptime from /proc/uptime, using os.uptime() value
2026-10-05T21:33:28: PM2 warn: [pidusage] We couldn't find uptime from /proc/uptime, using os.uptime() value
2026-10-05T21:33:58: PM2 warn: [pidusage] We couldn't find uptime from /proc/uptime, using os.uptime() value
2026-10-05T21:34:28: PM2 warn: [pidusage] We couldn't find uptime from /proc/uptime, using os.uptime() value
2026-10-05T21:34:58: PM2 warn: [pidusage] We couldn't find uptime from /proc/uptime, using os.uptime() value
2026-10-05T21:35:28: PM2 warn: [pidusage] We couldn't find uptime from /proc/uptime, using os.uptime() value
2026-10-05T21:35:58: PM2 warn: [pidusage] We couldn't find uptime from /proc/uptime, using os.uptime() value
2026-10-05T21:36:28: PM2 warn: [pidusage] We couldn't find uptime from /proc/uptime, using os.uptime() value
2026-10-05T21:36:58: PM2 warn: [pidusage] We couldn't find uptime from /proc/uptime, using os.uptime() value
2026-10-05T21:37:28: PM2 warn: [pidusage] We couldn't find uptime from /proc/uptime, using os.uptime() value
2026-10-05T21:37:58: PM2 warn: [pidusage] We couldn't find uptime from /proc/uptime, using os.uptime() value
2026-10-05T21:38:28: PM2 warn: [pidusage] We couldn't find uptime from /proc/uptime, using os.uptime() value
2026-10-05T21:38:58: PM2 warn: [pidusage] We couldn't find uptime from /proc/uptime, using os.uptime() value
2026-10-05T21:39:28: PM2 warn: [pidusage] We couldn't find uptime from /proc/uptime, using os.uptime() value
2026-10-05T21:39:58: PM2 warn: [pidusage] We couldn't find uptime from /proc/uptime, using os.uptime() value
2026-10-05T21:40:28: PM2 warn: [pidusage] We couldn't find uptime from /proc/uptime, using os.uptime() value
2026-10-05T21:40:58: PM2 warn: [pidusage] We couldn't find uptime from /proc/uptime, using os.uptime() value
2026-10-05T21:41:28: PM2 warn: [pidusage] We couldn't find uptime from /proc/uptime, using os.uptime() value
2026-10-05T21:41:58: PM2 warn: [pidusage] We couldn't find uptime from /proc/uptime, using os.uptime() value
2026-10-05T21:42:45: PM2 warn: [pidusage] We couldn't find uptime from /proc/uptime, using os.uptime() value
2026-10-05T21:43:15: PM2 warn: [pidusage] We couldn't find uptime from /proc/uptime, using os.uptime() value
2026-10-05T21:43:45: PM2 warn: [pidusage] We couldn't find uptime from /proc/uptime, using os.uptime() value
2026-10-05T21:44:15: PM2 warn: [pidusage] We couldn't find uptime from /proc/uptime, using os.uptime() value
2026-10-05T21:44:45: PM2 warn: [pidusage] We couldn't find uptime from /proc/uptime, using os.uptime() value
2026-10-05T21:45:15: PM2 warn: [pidusage] We couldn't find uptime from /proc/uptime, using os.uptime() value
2026-10-05T21:45:45: PM2 warn: [pidusage] We couldn't find uptime from /proc/uptime, using os.uptime() value
2026-10-05T21:46:15: PM2 warn: [pidusage] We couldn't find uptime from /proc/uptime, using os.uptime() value
2026-10-05T21:46:45: PM2 warn: [pidusage] We couldn't find uptime from /proc/uptime, using os.uptime() value
2026-10-05T21:47:15: PM2 warn: [pidusage] We couldn't find uptime from /proc/uptime, using os.uptime() value
2026-10-05T21:47:45: PM2 warn: [pidusage] We couldn't find uptime from /proc/uptime, using os.uptime() value
2026-10-05T21:48:15: PM2 warn: [pidusage] We couldn't find uptime from /proc/uptime, using os.uptime() value
2026-10-05T21:48:45: PM2 warn: [pidusage] We couldn't find uptime from /proc/uptime, using os.uptime() value
2026-10-05T21:49:15: PM2 warn: [pidusage] We couldn't find uptime from /proc/uptime, using os.uptime() value
2026-10-05T21:49:45: PM2 warn: [pidusage] We couldn't find uptime from /proc/uptime, using os.uptime() value
2026-10-05T21:58:33: PM2 warn: [pidusage] We couldn't find uptime from /proc/uptime, using os.uptime() value
2026-10-05T21:59:03: PM2 warn: [pidusage] We couldn't find uptime from /proc/uptime, using os.uptime() value
2026-10-05T21:59:33: PM2 warn: [pidusage] We couldn't find uptime from /proc/uptime, using os.uptime() value
2026-10-05T22:00:03: PM2 warn: [pidusage] We couldn't find uptime from /proc/uptime, using os.uptime() value
2026-10-05T22:00:33: PM2 warn: [pidusage] We couldn't find uptime from /proc/uptime, using os.uptime() value
2026-10-05T22:01:03: PM2 warn: [pidusage] We couldn't find uptime from /proc/uptime, using os.uptime() value
2026-10-05T22:01:33: PM2 warn: [pidusage] We couldn't find uptime from /proc/uptime, using os.uptime() value
2026-10-05T22:01:35: PM2 warn: [pidusage] We couldn't find uptime from /proc/uptime, using os.uptime() value
2026-10-05T22:01:36: PM2 warn: [pidusage] We couldn't find uptime from /proc/uptime, using os.uptime() value
2026-10-05T22:01:44: PM2 warn: [pidusage] We couldn't find uptime from /proc/uptime, using os.uptime() value
2026-10-05T22:01:46: PM2 warn: [pidusage] We couldn't find uptime from /proc/uptime, using os.uptime() value
2026-10-05T22:01:56: PM2 warn: [pidusage] We couldn't find uptime from /proc/uptime, using os.uptime() value
2026-10-05T22:01:56: PM2 log: Stopping app:bot-wa id:0
2026-10-05T22:01:56: PM2 log: App [bot-wa:0] exited with code [0] via signal [SIGINT]
2026-10-05T22:01:56: PM2 log: pid=13692 msg=process tree killed (1 pids)
2026-10-05T22:03:24: PM2 log: App [bot-wa:0] starting in -fork mode-
2026-10-05T22:03:24: PM2 log: App [bot-wa:0] online
2026-10-05T22:03:24: PM2 warn: [pidusage] We couldn't find uptime from /proc/uptime, using os.uptime() value
2026-10-05T22:03:25: PM2 warn: [pidusage] We couldn't find uptime from /proc/uptime, using os.uptime() value
2026-10-05T22:03:35: PM2 warn: [pidusage] We couldn't find uptime from /proc/uptime, using os.uptime() value
2026-10-05T22:04:05: PM2 warn: [pidusage] We couldn't find uptime from /proc/uptime, using os.uptime() value
2026-10-05T22:04:35: PM2 warn: [pidusage] We couldn't find uptime from /proc/uptime, using os.uptime() value
2026-10-05T22:05:05: PM2 warn: [pidusage] We couldn't find uptime from /proc/uptime, using os.uptime() value
2026-10-05T22:05:35: PM2 warn: [pidusage] We couldn't find uptime from /proc/uptime, using os.uptime() value
2026-10-05T22:06:05: PM2 warn: [pidusage] We couldn't find uptime from /proc/uptime, using os.uptime() value
2026-10-05T22:06:35: PM2 warn: [pidusage] We couldn't find uptime from /proc/uptime, using os.uptime() value
2026-10-05T22:07:05: PM2 warn: [pidusage] We couldn't find uptime from /proc/uptime, using os.uptime() value
2026-10-05T22:09:08: PM2 warn: [pidusage] We couldn't find uptime from /proc/uptime, using os.uptime() value
2026-10-05T22:15:07: PM2 warn: [pidusage] We couldn't find uptime from /proc/uptime, using os.uptime() value
2026-10-05T22:15:37: PM2 warn: [pidusage] We couldn't find uptime from /proc/uptime, using os.uptime() value
2026-10-05T22:16:07: PM2 warn: [pidusage] We couldn't find uptime from /proc/uptime, using os.uptime() value
2026-10-05T22:16:37: PM2 warn: [pidusage] We couldn't find uptime from /proc/uptime, using os.uptime() value
2026-10-05T22:17:07: PM2 warn: [pidusage] We couldn't find uptime from /proc/uptime, using os.uptime() value
2026-10-05T22:17:37: PM2 warn: [pidusage] We couldn't find uptime from /proc/uptime, using os.uptime() value
2026-10-05T22:18:07: PM2 warn: [pidusage] We couldn't find uptime from /proc/uptime, using os.uptime() value
2026-10-05T22:18:37: PM2 warn: [pidusage] We couldn't find uptime from /proc/uptime, using os.uptime() value
2026-10-05T22:19:07: PM2 warn: [pidusage] We couldn't find uptime from /proc/uptime, using os.uptime() value
2026-10-05T22:19:37: PM2 warn: [pidusage] We couldn't find uptime from /proc/uptime, using os.uptime() value
2026-10-05T22:20:07: PM2 warn: [pidusage] We couldn't find uptime from /proc/uptime, using os.uptime() value
2026-10-05T22:20:37: PM2 warn: [pidusage] We couldn't find uptime from /proc/uptime, using os.uptime() value
2026-10-05T22:21:07: PM2 warn: [pidusage] We couldn't find uptime from /proc/uptime, using os.uptime() value
2026-10-05T22:21:37: PM2 warn: [pidusage] We couldn't find uptime from /proc/uptime, using os.uptime() value
2026-10-05T22:22:07: PM2 warn: [pidusage] We couldn't find uptime from /proc/uptime, using os.uptime() value
2026-10-05T22:22:37: PM2 warn: [pidusage] We couldn't find uptime from /proc/uptime, using os.uptime() value
2026-10-05T22:23:07: PM2 warn: [pidusage] We couldn't find uptime from /proc/uptime, using os.uptime() value
2026-10-05T22:23:37: PM2 warn: [pidusage] We couldn't find uptime from /proc/uptime, using os.uptime() value
2026-10-05T22:24:07: PM2 warn: [pidusage] We couldn't find uptime from /proc/uptime, using os.uptime() value
2026-10-05T22:24:37: PM2 warn: [pidusage] We couldn't find uptime from /proc/uptime, using os.uptime() value
2026-10-05T22:25:07: PM2 warn: [pidusage] We couldn't find uptime from /proc/uptime, using os.uptime() value
2026-10-05T22:25:37: PM2 warn: [pidusage] We couldn't find uptime from /proc/uptime, using os.uptime() value
2026-10-05T22:26:07: PM2 warn: [pidusage] We couldn't find uptime from /proc/uptime, using os.uptime() value
2026-10-05T22:26:37: PM2 warn: [pidusage] We couldn't find uptime from /proc/uptime, using os.uptime() value
2026-10-05T22:27:07: PM2 warn: [pidusage] We couldn't find uptime from /proc/uptime, using os.uptime() value
2026-10-05T22:27:37: PM2 warn: [pidusage] We couldn't find uptime from /proc/uptime, using os.uptime() value
2026-10-05T22:28:07: PM2 warn: [pidusage] We couldn't find uptime from /proc/uptime, using os.uptime() value
2026-10-05T22:28:37: PM2 warn: [pidusage] We couldn't find uptime from /proc/uptime, using os.uptime() value
2026-10-05T22:29:07: PM2 warn: [pidusage] We couldn't find uptime from /proc/uptime, using os.uptime() value
2026-10-05T22:29:37: PM2 warn: [pidusage] We couldn't find uptime from /proc/uptime, using os.uptime() value
2026-10-05T22:30:07: PM2 warn: [pidusage] We couldn't find uptime from /proc/uptime, using os.uptime() value
2026-10-05T22:30:37: PM2 warn: [pidusage] We couldn't find uptime from /proc/uptime, using os.uptime() value
2026-10-05T22:31:07: PM2 warn: [pidusage] We couldn't find uptime from /proc/uptime, using os.uptime() value
2026-10-05T22:31:37: PM2 warn: [pidusage] We couldn't find uptime from /proc/uptime, using os.uptime() value
2026-10-05T22:32:07: PM2 warn: [pidusage] We couldn't find uptime from /proc/uptime, using os.uptime() value
2026-10-05T22:32:37: PM2 warn: [pidusage] We couldn't find uptime from /proc/uptime, using os.uptime() value
2026-10-05T22:33:07: PM2 warn: [pidusage] We couldn't find uptime from /proc/uptime, using os.uptime() value
2026-10-05T22:33:37: PM2 warn: [pidusage] We couldn't find uptime from /proc/uptime, using os.uptime() value
2026-10-05T22:34:07: PM2 warn: [pidusage] We couldn't find uptime from /proc/uptime, using os.uptime() value
2026-10-05T22:34:37: PM2 warn: [pidusage] We couldn't find uptime from /proc/uptime, using os.uptime() value
2026-10-05T22:35:07: PM2 warn: [pidusage] We couldn't find uptime from /proc/uptime, using os.uptime() value
2026-10-05T22:35:37: PM2 warn: [pidusage] We couldn't find uptime from /proc/uptime, using os.uptime() value
2026-10-05T22:36:07: PM2 warn: [pidusage] We couldn't find uptime from /proc/uptime, using os.uptime() value
2026-10-05T22:36:37: PM2 warn: [pidusage] We couldn't find uptime from /proc/uptime, using os.uptime() value
2026-10-05T22:37:07: PM2 warn: [pidusage] We couldn't find uptime from /proc/uptime, using os.uptime() value
2026-10-05T22:37:37: PM2 warn: [pidusage] We couldn't find uptime from /proc/uptime, using os.uptime() value
2026-10-05T22:38:07: PM2 warn: [pidusage] We couldn't find uptime from /proc/uptime, using os.uptime() value
2026-10-05T22:38:37: PM2 warn: [pidusage] We couldn't find uptime from /proc/uptime, using os.uptime() value
2026-10-05T22:39:07: PM2 warn: [pidusage] We couldn't find uptime from /proc/uptime, using os.uptime() value
2026-10-05T22:39:37: PM2 warn: [pidusage] We couldn't find uptime from /proc/uptime, using os.uptime() value
2026-10-05T22:40:07: PM2 warn: [pidusage] We couldn't find uptime from /proc/uptime, using os.uptime() value
2026-10-05T22:40:37: PM2 warn: [pidusage] We couldn't find uptime from /proc/uptime, using os.uptime() value
2026-10-05T22:41:07: PM2 warn: [pidusage] We couldn't find uptime from /proc/uptime, using os.uptime() value
2026-10-05T22:41:37: PM2 warn: [pidusage] We couldn't find uptime from /proc/uptime, using os.uptime() value
2026-10-05T22:42:07: PM2 warn: [pidusage] We couldn't find uptime from /proc/uptime, using os.uptime() value
2026-10-05T22:42:37: PM2 warn: [pidusage] We couldn't find uptime from /proc/uptime, using os.uptime() value
2026-10-05T22:43:07: PM2 warn: [pidusage] We couldn't find uptime from /proc/uptime, using os.uptime() value
2026-10-05T22:43:37: PM2 warn: [pidusage] We couldn't find uptime from /proc/uptime, using os.uptime() value
2026-10-05T22:52:22: PM2 warn: [pidusage] We couldn't find uptime from /proc/uptime, using os.uptime() value
2026-10-05T22:52:51: PM2 warn: [pidusage] We couldn't find uptime from /proc/uptime, using os.uptime() value
2026-10-05T22:53:21: PM2 warn: [pidusage] We couldn't find uptime from /proc/uptime, using os.uptime() value
2026-10-05T22:53:51: PM2 warn: [pidusage] We couldn't find uptime from /proc/uptime, using os.uptime() value
2026-10-05T22:54:21: PM2 warn: [pidusage] We couldn't find uptime from /proc/uptime, using os.uptime() value
2026-10-05T22:54:51: PM2 warn: [pidusage] We couldn't find uptime from /proc/uptime, using os.uptime() value
2026-10-05T22:55:21: PM2 warn: [pidusage] We couldn't find uptime from /proc/uptime, using os.uptime() value
2026-10-05T22:55:51: PM2 warn: [pidusage] We couldn't find uptime from /proc/uptime, using os.uptime() value
2026-10-05T22:56:21: PM2 warn: [pidusage] We couldn't find uptime from /proc/uptime, using os.uptime() value
2026-10-05T22:56:51: PM2 warn: [pidusage] We couldn't find uptime from /proc/uptime, using os.uptime() value
2026-10-05T22:57:21: PM2 warn: [pidusage] We couldn't find uptime from /proc/uptime, using os.uptime() value
2026-10-05T22:57:51: PM2 warn: [pidusage] We couldn't find uptime from /proc/uptime, using os.uptime() value
2026-10-05T22:58:21: PM2 warn: [pidusage] We couldn't find uptime from /proc/uptime, using os.uptime() value
2026-10-05T22:58:51: PM2 warn: [pidusage] We couldn't find uptime from /proc/uptime, using os.uptime() value
2026-10-05T22:59:21: PM2 warn: [pidusage] We couldn't find uptime from /proc/uptime, using os.uptime() value
2026-10-05T22:59:51: PM2 warn: [pidusage] We couldn't find uptime from /proc/uptime, using os.uptime() value
2026-10-05T23:00:21: PM2 warn: [pidusage] We couldn't find uptime from /proc/uptime, using os.uptime() value
2026-10-05T23:00:51: PM2 warn: [pidusage] We couldn't find uptime from /proc/uptime, using os.uptime() value
2026-10-05T23:01:21: PM2 warn: [pidusage] We couldn't find uptime from /proc/uptime, using os.uptime() value
2026-10-05T23:01:51: PM2 warn: [pidusage] We couldn't find uptime from /proc/uptime, using os.uptime() value
2026-10-05T23:02:21: PM2 warn: [pidusage] We couldn't find uptime from /proc/uptime, using os.uptime() value
2026-10-05T23:02:51: PM2 warn: [pidusage] We couldn't find uptime from /proc/uptime, using os.uptime() value
2026-10-05T23:03:21: PM2 warn: [pidusage] We couldn't find uptime from /proc/uptime, using os.uptime() value
2026-10-05T23:03:51: PM2 warn: [pidusage] We couldn't find uptime from /proc/uptime, using os.uptime() value
2026-10-05T23:04:21: PM2 warn: [pidusage] We couldn't find uptime from /proc/uptime, using os.uptime() value
2026-10-05T23:04:51: PM2 warn: [pidusage] We couldn't find uptime from /proc/uptime, using os.uptime() value
2026-10-05T23:05:21: PM2 warn: [pidusage] We couldn't find uptime from /proc/uptime, using os.uptime() value
2026-10-05T23:05:51: PM2 warn: [pidusage] We couldn't find uptime from /proc/uptime, using os.uptime() value
2026-10-05T23:06:21: PM2 warn: [pidusage] We couldn't find uptime from /proc/uptime, using os.uptime() value
2026-10-05T23:06:51: PM2 warn: [pidusage] We couldn't find uptime from /proc/uptime, using os.uptime() value
2026-10-05T23:07:21: PM2 warn: [pidusage] We couldn't find uptime from /proc/uptime, using os.uptime() value
2026-10-05T23:07:51: PM2 warn: [pidusage] We couldn't find uptime from /proc/uptime, using os.uptime() value
2026-10-05T23:08:21: PM2 warn: [pidusage] We couldn't find uptime from /proc/uptime, using os.uptime() value
2026-10-05T23:08:51: PM2 warn: [pidusage] We couldn't find uptime from /proc/uptime, using os.uptime() value
2026-10-05T23:09:21: PM2 warn: [pidusage] We couldn't find uptime from /proc/uptime, using os.uptime() value
2026-10-05T23:09:51: PM2 warn: [pidusage] We couldn't find uptime from /proc/uptime, using os.uptime() value
2026-10-05T23:10:21: PM2 warn: [pidusage] We couldn't find uptime from /proc/uptime, using os.uptime() value
2026-10-05T23:10:51: PM2 warn: [pidusage] We couldn't find uptime from /proc/uptime, using os.uptime() value
2026-10-05T23:11:21: PM2 warn: [pidusage] We couldn't find uptime from /proc/uptime, using os.uptime() value
2026-10-05T23:11:51: PM2 warn: [pidusage] We couldn't find uptime from /proc/uptime, using os.uptime() value
2026-10-05T23:12:21: PM2 warn: [pidusage] We couldn't find uptime from /proc/uptime, using os.uptime() value
2026-10-05T23:12:51: PM2 warn: [pidusage] We couldn't find uptime from /proc/uptime, using os.uptime() value
2026-10-05T23:13:21: PM2 warn: [pidusage] We couldn't find uptime from /proc/uptime, using os.uptime() value
2026-10-05T23:13:51: PM2 warn: [pidusage] We couldn't find uptime from /proc/uptime, using os.uptime() value
2026-10-05T23:14:21: PM2 warn: [pidusage] We couldn't find uptime from /proc/uptime, using os.uptime() value
2026-10-05T23:14:51: PM2 warn: [pidusage] We couldn't find uptime from /proc/uptime, using os.uptime() value
2026-10-05T23:15:21: PM2 warn: [pidusage] We couldn't find uptime from /proc/uptime, using os.uptime() value
2026-10-05T23:15:51: PM2 warn: [pidusage] We couldn't find uptime from /proc/uptime, using os.uptime() value
2026-10-05T23:16:21: PM2 warn: [pidusage] We couldn't find uptime from /proc/uptime, using os.uptime() value
2026-10-05T23:16:51: PM2 warn: [pidusage] We couldn't find uptime from /proc/uptime, using os.uptime() value
2026-10-05T23:17:21: PM2 warn: [pidusage] We couldn't find uptime from /proc/uptime, using os.uptime() value
2026-10-05T23:17:51: PM2 warn: [pidusage] We couldn't find uptime from /proc/uptime, using os.uptime() value
2026-10-05T23:18:21: PM2 warn: [pidusage] We couldn't find uptime from /proc/uptime, using os.uptime() value
2026-10-05T23:18:51: PM2 warn: [pidusage] We couldn't find uptime from /proc/uptime, using os.uptime() value
2026-10-05T23:19:21: PM2 warn: [pidusage] We couldn't find uptime from /proc/uptime, using os.uptime() value
2026-10-05T23:19:51: PM2 warn: [pidusage] We couldn't find uptime from /proc/uptime, using os.uptime() value
2026-10-05T23:20:21: PM2 warn: [pidusage] We couldn't find uptime from /proc/uptime, using os.uptime() value
2026-10-05T23:20:51: PM2 warn: [pidusage] We couldn't find uptime from /proc/uptime, using os.uptime() value
2026-10-05T23:21:21: PM2 warn: [pidusage] We couldn't find uptime from /proc/uptime, using os.uptime() value
2026-10-05T23:21:51: PM2 warn: [pidusage] We couldn't find uptime from /proc/uptime, using os.uptime() value
2026-10-05T23:22:21: PM2 warn: [pidusage] We couldn't find uptime from /proc/uptime, using os.uptime() value
2026-10-05T23:22:51: PM2 warn: [pidusage] We couldn't find uptime from /proc/uptime, using os.uptime() value
2026-10-05T23:23:21: PM2 warn: [pidusage] We couldn't find uptime from /proc/uptime, using os.uptime() value
2026-10-05T23:23:51: PM2 warn: [pidusage] We couldn't find uptime from /proc/uptime, using os.uptime() value
2026-10-05T23:24:21: PM2 warn: [pidusage] We couldn't find uptime from /proc/uptime, using os.uptime() value
2026-10-05T23:24:51: PM2 warn: [pidusage] We couldn't find uptime from /proc/uptime, using os.uptime() value
2026-10-05T23:25:21: PM2 warn: [pidusage] We couldn't find uptime from /proc/uptime, using os.uptime() value
2026-10-05T23:25:51: PM2 warn: [pidusage] We couldn't find uptime from /proc/uptime, using os.uptime() value
2026-10-05T23:26:21: PM2 warn: [pidusage] We couldn't find uptime from /proc/uptime, using os.uptime() value
2026-10-05T23:26:44: PM2 warn: [pidusage] We couldn't find uptime from /proc/uptime, using os.uptime() value
2026-10-05T23:26:44: PM2 log: Stopping app:bot-wa id:0
2026-10-05T23:26:44: PM2 log: App [bot-wa:0] exited with code [0] via signal [SIGINT]
2026-10-05T23:26:45: PM2 log: pid=14776 msg=process tree killed (1 pids)
2026-10-05T23:26:45: PM2 log: App [bot-wa:0] starting in -fork mode-
2026-10-05T23:26:45: PM2 log: App [bot-wa:0] online
2026-10-05T23:26:45: PM2 warn: [pidusage] We couldn't find uptime from /proc/uptime, using os.uptime() value
2026-10-05T23:26:46: PM2 warn: [pidusage] We couldn't find uptime from /proc/uptime, using os.uptime() value
2026-10-05T23:26:51: PM2 warn: [pidusage] We couldn't find uptime from /proc/uptime, using os.uptime() value
2026-10-05T23:27:21: PM2 warn: [pidusage] We couldn't find uptime from /proc/uptime, using os.uptime() value
2026-10-05T23:27:51: PM2 warn: [pidusage] We couldn't find uptime from /proc/uptime, using os.uptime() value
2026-10-05T23:28:21: PM2 warn: [pidusage] We couldn't find uptime from /proc/uptime, using os.uptime() value
2026-10-05T23:28:51: PM2 warn: [pidusage] We couldn't find uptime from /proc/uptime, using os.uptime() value
2026-10-05T23:29:21: PM2 warn: [pidusage] We couldn't find uptime from /proc/uptime, using os.uptime() value
2026-10-05T23:29:51: PM2 warn: [pidusage] We couldn't find uptime from /proc/uptime, using os.uptime() value
2026-10-05T23:30:21: PM2 warn: [pidusage] We couldn't find uptime from /proc/uptime, using os.uptime() value
2026-10-05T23:30:51: PM2 warn: [pidusage] We couldn't find uptime from /proc/uptime, using os.uptime() value
2026-10-05T23:31:21: PM2 warn: [pidusage] We couldn't find uptime from /proc/uptime, using os.uptime() value
2026-10-05T23:31:51: PM2 warn: [pidusage] We couldn't find uptime from /proc/uptime, using os.uptime() value
2026-10-05T23:32:21: PM2 warn: [pidusage] We couldn't find uptime from /proc/uptime, using os.uptime() value
2026-10-05T23:32:51: PM2 warn: [pidusage] We couldn't find uptime from /proc/uptime, using os.uptime() value
2026-10-05T23:33:21: PM2 warn: [pidusage] We couldn't find uptime from /proc/uptime, using os.uptime() value
2026-10-05T23:33:51: PM2 warn: [pidusage] We couldn't find uptime from /proc/uptime, using os.uptime() value
2026-10-05T23:34:21: PM2 warn: [pidusage] We couldn't find uptime from /proc/uptime, using os.uptime() value
2026-10-05T23:34:51: PM2 warn: [pidusage] We couldn't find uptime from /proc/uptime, using os.uptime() value
2026-10-05T23:35:21: PM2 warn: [pidusage] We couldn't find uptime from /proc/uptime, using os.uptime() value
2026-10-05T23:35:51: PM2 warn: [pidusage] We couldn't find uptime from /proc/uptime, using os.uptime() value
2026-10-05T23:36:21: PM2 warn: [pidusage] We couldn't find uptime from /proc/uptime, using os.uptime() value
2026-10-05T23:36:51: PM2 warn: [pidusage] We couldn't find uptime from /proc/uptime, using os.uptime() value
2026-10-06T00:24:42: PM2 warn: [pidusage] We couldn't find uptime from /proc/uptime, using os.uptime() value
2026-10-06T02:21:57: PM2 warn: [pidusage] We couldn't find uptime from /proc/uptime, using os.uptime() value
2026-10-06T02:22:27: PM2 warn: [pidusage] We couldn't find uptime from /proc/uptime, using os.uptime() value
2026-10-06T02:22:57: PM2 warn: [pidusage] We couldn't find uptime from /proc/uptime, using os.uptime() value
2026-10-06T02:23:27: PM2 warn: [pidusage] We couldn't find uptime from /proc/uptime, using os.uptime() value
2026-10-06T02:23:57: PM2 warn: [pidusage] We couldn't find uptime from /proc/uptime, using os.uptime() value
2026-10-06T02:24:27: PM2 warn: [pidusage] We couldn't find uptime from /proc/uptime, using os.uptime() value
2026-10-06T02:24:57: PM2 warn: [pidusage] We couldn't find uptime from /proc/uptime, using os.uptime() value
2026-10-06T02:25:27: PM2 warn: [pidusage] We couldn't find uptime from /proc/uptime, using os.uptime() value
2026-10-06T02:25:57: PM2 warn: [pidusage] We couldn't find uptime from /proc/uptime, using os.uptime() value
2026-10-06T02:26:27: PM2 warn: [pidusage] We couldn't find uptime from /proc/uptime, using os.uptime() value
2026-10-06T02:26:57: PM2 warn: [pidusage] We couldn't find uptime from /proc/uptime, using os.uptime() value
2026-10-06T02:27:27: PM2 warn: [pidusage] We couldn't find uptime from /proc/uptime, using os.uptime() value
2026-10-06T02:27:57: PM2 warn: [pidusage] We couldn't find uptime from /proc/uptime, using os.uptime() value
2026-10-06T02:28:27: PM2 warn: [pidusage] We couldn't find uptime from /proc/uptime, using os.uptime() value
2026-10-06T02:28:57: PM2 warn: [pidusage] We couldn't find uptime from /proc/uptime, using os.uptime() value
2026-10-06T02:29:27: PM2 warn: [pidusage] We couldn't find uptime from /proc/uptime, using os.uptime() value
2026-10-06T02:29:57: PM2 warn: [pidusage] We couldn't find uptime from /proc/uptime, using os.uptime() value
2026-10-06T02:30:27: PM2 warn: [pidusage] We couldn't find uptime from /proc/uptime, using os.uptime() value
2026-10-06T02:30:57: PM2 warn: [pidusage] We couldn't find uptime from /proc/uptime, using os.uptime() value
2026-10-06T02:31:27: PM2 warn: [pidusage] We couldn't find uptime from /proc/uptime, using os.uptime() value
2026-10-06T23:25:00: PM2 warn: [pidusage] We couldn't find uptime from /proc/uptime, using os.uptime() value
2026-10-06T23:27:06: PM2 warn: [pidusage] We couldn't find uptime from /proc/uptime, using os.uptime() value
2026-10-06T23:27:36: PM2 warn: [pidusage] We couldn't find uptime from /proc/uptime, using os.uptime() value
2026-10-06T23:28:06: PM2 warn: [pidusage] We couldn't find uptime from /proc/uptime, using os.uptime() value
2026-10-06T23:28:36: PM2 warn: [pidusage] We couldn't find uptime from /proc/uptime, using os.uptime() value
2026-10-06T23:29:06: PM2 warn: [pidusage] We couldn't find uptime from /proc/uptime, using os.uptime() value
2026-10-06T23:29:36: PM2 warn: [pidusage] We couldn't find uptime from /proc/uptime, using os.uptime() value
2026-10-06T23:30:06: PM2 warn: [pidusage] We couldn't find uptime from /proc/uptime, using os.uptime() value
2026-10-06T23:30:36: PM2 warn: [pidusage] We couldn't find uptime from /proc/uptime, using os.uptime() value
2026-10-06T23:31:06: PM2 warn: [pidusage] We couldn't find uptime from /proc/uptime, using os.uptime() value
2026-10-06T23:31:36: PM2 warn: [pidusage] We couldn't find uptime from /proc/uptime, using os.uptime() value
2026-10-06T23:32:06: PM2 warn: [pidusage] We couldn't find uptime from /proc/uptime, using os.uptime() value
2026-10-06T23:32:36: PM2 warn: [pidusage] We couldn't find uptime from /proc/uptime, using os.uptime() value
2026-10-06T23:33:06: PM2 warn: [pidusage] We couldn't find uptime from /proc/uptime, using os.uptime() value
2026-10-06T23:33:36: PM2 warn: [pidusage] We couldn't find uptime from /proc/uptime, using os.uptime() value
2026-10-06T23:34:06: PM2 warn: [pidusage] We couldn't find uptime from /proc/uptime, using os.uptime() value
2026-10-06T23:34:36: PM2 warn: [pidusage] We couldn't find uptime from /proc/uptime, using os.uptime() value
2026-10-06T23:35:06: PM2 warn: [pidusage] We couldn't find uptime from /proc/uptime, using os.uptime() value
2026-10-06T23:35:36: PM2 warn: [pidusage] We couldn't find uptime from /proc/uptime, using os.uptime() value
2026-10-06T23:36:06: PM2 warn: [pidusage] We couldn't find uptime from /proc/uptime, using os.uptime() value
2026-10-06T23:36:36: PM2 warn: [pidusage] We couldn't find uptime from /proc/uptime, using os.uptime() value
2026-10-06T23:37:06: PM2 warn: [pidusage] We couldn't find uptime from /proc/uptime, using os.uptime() value
2026-10-06T23:37:36: PM2 warn: [pidusage] We couldn't find uptime from /proc/uptime, using os.uptime() value
2026-10-06T23:38:06: PM2 warn: [pidusage] We couldn't find uptime from /proc/uptime, using os.uptime() value
2026-10-06T23:38:36: PM2 warn: [pidusage] We couldn't find uptime from /proc/uptime, using os.uptime() value
2026-10-06T23:39:06: PM2 warn: [pidusage] We couldn't find uptime from /proc/uptime, using os.uptime() value
2026-10-06T23:39:36: PM2 warn: [pidusage] We couldn't find uptime from /proc/uptime, using os.uptime() value
2026-10-06T23:40:06: PM2 warn: [pidusage] We couldn't find uptime from /proc/uptime, using os.uptime() value
2026-10-06T23:40:36: PM2 warn: [pidusage] We couldn't find uptime from /proc/uptime, using os.uptime() value
2026-10-06T23:41:06: PM2 warn: [pidusage] We couldn't find uptime from /proc/uptime, using os.uptime() value
2026-10-06T23:41:36: PM2 warn: [pidusage] We couldn't find uptime from /proc/uptime, using os.uptime() value
2026-10-06T23:42:06: PM2 warn: [pidusage] We couldn't find uptime from /proc/uptime, using os.uptime() value
2026-10-06T23:42:36: PM2 warn: [pidusage] We couldn't find uptime from /proc/uptime, using os.uptime() value
2026-10-06T23:43:06: PM2 warn: [pidusage] We couldn't find uptime from /proc/uptime, using os.uptime() value
2026-10-06T23:43:36: PM2 warn: [pidusage] We couldn't find uptime from /proc/uptime, using os.uptime() value
2026-10-06T23:44:06: PM2 warn: [pidusage] We couldn't find uptime from /proc/uptime, using os.uptime() value
2026-10-06T23:44:36: PM2 warn: [pidusage] We couldn't find uptime from /proc/uptime, using os.uptime() value
2026-10-06T23:45:06: PM2 warn: [pidusage] We couldn't find uptime from /proc/uptime, using os.uptime() value
2026-10-06T23:45:36: PM2 warn: [pidusage] We couldn't find uptime from /proc/uptime, using os.uptime() value
2026-10-06T23:46:06: PM2 warn: [pidusage] We couldn't find uptime from /proc/uptime, using os.uptime() value
2026-10-06T23:46:36: PM2 warn: [pidusage] We couldn't find uptime from /proc/uptime, using os.uptime() value
2026-10-06T23:47:06: PM2 warn: [pidusage] We couldn't find uptime from /proc/uptime, using os.uptime() value
2026-10-06T23:47:36: PM2 warn: [pidusage] We couldn't find uptime from /proc/uptime, using os.uptime() value
2026-10-06T23:48:06: PM2 warn: [pidusage] We couldn't find uptime from /proc/uptime, using os.uptime() value
2026-10-06T23:48:36: PM2 warn: [pidusage] We couldn't find uptime from /proc/uptime, using os.uptime() value
2026-10-06T23:49:06: PM2 warn: [pidusage] We couldn't find uptime from /proc/uptime, using os.uptime() value
2026-10-06T23:49:36: PM2 warn: [pidusage] We couldn't find uptime from /proc/uptime, using os.uptime() value
2026-10-06T23:50:06: PM2 warn: [pidusage] We couldn't find uptime from /proc/uptime, using os.uptime() value
2026-10-06T23:50:36: PM2 warn: [pidusage] We couldn't find uptime from /proc/uptime, using os.uptime() value
2026-10-06T23:51:06: PM2 warn: [pidusage] We couldn't find uptime from /proc/uptime, using os.uptime() value
2026-10-06T23:51:36: PM2 warn: [pidusage] We couldn't find uptime from /proc/uptime, using os.uptime() value
2026-10-06T23:52:06: PM2 warn: [pidusage] We couldn't find uptime from /proc/uptime, using os.uptime() value
2026-10-06T23:52:36: PM2 warn: [pidusage] We couldn't find uptime from /proc/uptime, using os.uptime() value
2026-10-06T23:53:06: PM2 warn: [pidusage] We couldn't find uptime from /proc/uptime, using os.uptime() value
2026-10-06T23:53:36: PM2 warn: [pidusage] We couldn't find uptime from /proc/uptime, using os.uptime() value
2026-10-06T23:54:06: PM2 warn: [pidusage] We couldn't find uptime from /proc/uptime, using os.uptime() value
2026-10-06T23:54:36: PM2 warn: [pidusage] We couldn't find uptime from /proc/uptime, using os.uptime() value
2026-10-06T23:55:06: PM2 warn: [pidusage] We couldn't find uptime from /proc/uptime, using os.uptime() value
2026-10-06T23:55:36: PM2 warn: [pidusage] We couldn't find uptime from /proc/uptime, using os.uptime() value
2026-10-06T23:56:06: PM2 warn: [pidusage] We couldn't find uptime from /proc/uptime, using os.uptime() value
2026-10-06T23:56:36: PM2 warn: [pidusage] We couldn't find uptime from /proc/uptime, using os.uptime() value
2026-10-06T23:57:06: PM2 warn: [pidusage] We couldn't find uptime from /proc/uptime, using os.uptime() value
2026-10-06T23:57:36: PM2 warn: [pidusage] We couldn't find uptime from /proc/uptime, using os.uptime() value
2026-10-06T23:58:06: PM2 warn: [pidusage] We couldn't find uptime from /proc/uptime, using os.uptime() value
2026-10-06T23:58:36: PM2 warn: [pidusage] We couldn't find uptime from /proc/uptime, using os.uptime() value
2026-10-06T23:59:06: PM2 warn: [pidusage] We couldn't find uptime from /proc/uptime, using os.uptime() value
2026-10-06T23:59:36: PM2 warn: [pidusage] We couldn't find uptime from /proc/uptime, using os.uptime() value
2026-10-07T00:00:06: PM2 warn: [pidusage] We couldn't find uptime from /proc/uptime, using os.uptime() value
2026-10-07T00:00:36: PM2 warn: [pidusage] We couldn't find uptime from /proc/uptime, using os.uptime() value
2026-10-07T00:01:06: PM2 warn: [pidusage] We couldn't find uptime from /proc/uptime, using os.uptime() value
2026-10-07T00:01:36: PM2 warn: [pidusage] We couldn't find uptime from /proc/uptime, using os.uptime() value
2026-10-07T00:02:06: PM2 warn: [pidusage] We couldn't find uptime from /proc/uptime, using os.uptime() value
2026-10-07T00:02:36: PM2 warn: [pidusage] We couldn't find uptime from /proc/uptime, using os.uptime() value
2026-10-07T00:03:06: PM2 warn: [pidusage] We couldn't find uptime from /proc/uptime, using os.uptime() value
2026-10-07T00:03:36: PM2 warn: [pidusage] We couldn't find uptime from /proc/uptime, using os.uptime() value
2026-10-07T00:04:06: PM2 warn: [pidusage] We couldn't find uptime from /proc/uptime, using os.uptime() value
2026-10-07T00:04:36: PM2 warn: [pidusage] We couldn't find uptime from /proc/uptime, using os.uptime() value
2026-10-07T00:05:06: PM2 warn: [pidusage] We couldn't find uptime from /proc/uptime, using os.uptime() value
2026-10-07T00:05:36: PM2 warn: [pidusage] We couldn't find uptime from /proc/uptime, using os.uptime() value
2026-10-07T00:06:06: PM2 warn: [pidusage] We couldn't find uptime from /proc/uptime, using os.uptime() value
2026-10-07T00:06:36: PM2 warn: [pidusage] We couldn't find uptime from /proc/uptime, using os.uptime() value
2026-10-07T00:07:06: PM2 warn: [pidusage] We couldn't find uptime from /proc/uptime, using os.uptime() value
2026-10-07T00:07:36: PM2 warn: [pidusage] We couldn't find uptime from /proc/uptime, using os.uptime() value
2026-10-07T00:08:06: PM2 warn: [pidusage] We couldn't find uptime from /proc/uptime, using os.uptime() value
2026-10-07T00:08:36: PM2 warn: [pidusage] We couldn't find uptime from /proc/uptime, using os.uptime() value
2026-10-07T00:09:06: PM2 warn: [pidusage] We couldn't find uptime from /proc/uptime, using os.uptime() value
2026-10-07T00:09:36: PM2 warn: [pidusage] We couldn't find uptime from /proc/uptime, using os.uptime() value
2026-10-07T00:10:06: PM2 warn: [pidusage] We couldn't find uptime from /proc/uptime, using os.uptime() value
2026-10-07T00:10:36: PM2 warn: [pidusage] We couldn't find uptime from /proc/uptime, using os.uptime() value
2026-10-07T00:11:06: PM2 warn: [pidusage] We couldn't find uptime from /proc/uptime, using os.uptime() value
2026-10-07T00:11:36: PM2 warn: [pidusage] We couldn't find uptime from /proc/uptime, using os.uptime() value
2026-10-07T00:12:06: PM2 warn: [pidusage] We couldn't find uptime from /proc/uptime, using os.uptime() value
2026-10-07T00:12:36: PM2 warn: [pidusage] We couldn't find uptime from /proc/uptime, using os.uptime() value
2026-10-07T00:13:06: PM2 warn: [pidusage] We couldn't find uptime from /proc/uptime, using os.uptime() value
2026-10-07T00:13:36: PM2 warn: [pidusage] We couldn't find uptime from /proc/uptime, using os.uptime() value
2026-10-07T00:14:06: PM2 warn: [pidusage] We couldn't find uptime from /proc/uptime, using os.uptime() value
2026-10-07T00:14:36: PM2 warn: [pidusage] We couldn't find uptime from /proc/uptime, using os.uptime() value
2026-10-07T00:15:06: PM2 warn: [pidusage] We couldn't find uptime from /proc/uptime, using os.uptime() value
2026-10-07T00:15:36: PM2 warn: [pidusage] We couldn't find uptime from /proc/uptime, using os.uptime() value
2026-10-07T00:16:06: PM2 warn: [pidusage] We couldn't find uptime from /proc/uptime, using os.uptime() value
2026-10-07T00:16:36: PM2 warn: [pidusage] We couldn't find uptime from /proc/uptime, using os.uptime() value
2026-10-07T00:17:06: PM2 warn: [pidusage] We couldn't find uptime from /proc/uptime, using os.uptime() value
2026-10-07T00:18:42: PM2 log: ===============================================================================
2026-10-07T00:18:42: PM2 log: --- New PM2 Daemon started ----------------------------------------------------
2026-10-07T00:18:42: PM2 log: Time                 : Wed Oct 07 2026 00:18:42 GMT+0700 (Western Indonesia Time)
2026-10-07T00:18:42: PM2 log: PM2 version          : 7.0.4
2026-10-07T00:18:42: PM2 log: Node.js version      : 26.4.0
2026-10-07T00:18:42: PM2 log: Current arch         : arm64
2026-10-07T00:18:42: PM2 log: PM2 home             : /data/data/com.termux/files/home/.pm2
2026-10-07T00:18:42: PM2 log: PM2 PID file         : /data/data/com.termux/files/home/.pm2/pm2.pid
2026-10-07T00:18:42: PM2 log: RPC socket file      : /data/data/com.termux/files/home/.pm2/rpc.sock
2026-10-07T00:18:42: PM2 log: BUS socket file      : /data/data/com.termux/files/home/.pm2/pub.sock
2026-10-07T00:18:42: PM2 log: Application log path : /data/data/com.termux/files/home/.pm2/logs
2026-10-07T00:18:42: PM2 log: Worker Interval      : 30000
2026-10-07T00:18:42: PM2 log: Process dump file    : /data/data/com.termux/files/home/.pm2/dump.pm2
2026-10-07T00:18:42: PM2 log: Concurrent actions   : 2
2026-10-07T00:18:42: PM2 log: SIGTERM timeout      : 1600
2026-10-07T00:18:42: PM2 log: Runtime Binary       : /data/data/com.termux/files/usr/bin/node
2026-10-07T00:18:42: PM2 log: ===============================================================================
2026-10-07T00:19:24: PM2 log: App [bot-wa:0] starting in -fork mode-
2026-10-07T00:19:24: PM2 log: App [bot-wa:0] online
2026-10-07T00:19:24: PM2 warn: [pidusage] We couldn't find uptime from /proc/uptime, using os.uptime() value
2026-10-07T00:19:24: PM2 error: Error while calling "getconf PAGESIZE" Error: Command failed: getconf PAGESIZE
/data/data/com.termux/files/usr/bin/sh: 1: getconf: not found

    at genericNodeError (node:internal/errors:998:15)
    at wrappedFn (node:internal/errors:543:14)
    at ChildProcess.exithandler (node:child_process:417:12)
    at ChildProcess.emit (node:events:509:20)
    at ChildProcess.emit (node:domain:536:15)
    at maybeClose (node:internal/child_process:1125:16)
    at Socket.<anonymous> (node:internal/child_process:497:11)
    at Socket.emit (node:events:509:20)
    at Socket.emit (node:domain:536:15)
    at Pipe.<anonymous> (node:net:355:12) {
  code: 127,
  killed: false,
  signal: null,
  cmd: 'getconf PAGESIZE'
}
2026-10-07T00:19:24: PM2 error: Error while calling "getconf CLK_TCK" Error: Command failed: getconf CLK_TCK
/data/data/com.termux/files/usr/bin/sh: 1: getconf: not found

    at genericNodeError (node:internal/errors:998:15)
    at wrappedFn (node:internal/errors:543:14)
    at ChildProcess.exithandler (node:child_process:417:12)
    at ChildProcess.emit (node:events:509:20)
    at ChildProcess.emit (node:domain:536:15)
    at maybeClose (node:internal/child_process:1125:16)
    at Socket.<anonymous> (node:internal/child_process:497:11)
    at Socket.emit (node:events:509:20)
    at Socket.emit (node:domain:536:15)
    at Pipe.<anonymous> (node:net:355:12) {
  code: 127,
  killed: false,
  signal: null,
  cmd: 'getconf CLK_TCK'
}
2026-10-07T00:19:30: PM2 warn: [pidusage] We couldn't find uptime from /proc/uptime, using os.uptime() value
2026-10-07T00:19:30: PM2 warn: [pidusage] We couldn't find uptime from /proc/uptime, using os.uptime() value
2026-10-07T00:19:43: PM2 warn: [pidusage] We couldn't find uptime from /proc/uptime, using os.uptime() value
2026-10-07T00:20:13: PM2 warn: [pidusage] We couldn't find uptime from /proc/uptime, using os.uptime() value
2026-10-07T00:20:22: PM2 warn: [pidusage] We couldn't find uptime from /proc/uptime, using os.uptime() value
2026-10-07T00:20:22: PM2 log: Stopping app:bot-wa id:0
2026-10-07T00:20:22: PM2 log: App [bot-wa:0] exited with code [0] via signal [SIGINT]
2026-10-07T00:20:22: PM2 log: pid=25446 msg=process tree killed (1 pids)
2026-10-07T00:25:13: PM2 log: PM2 successfully stopped
2026-10-07T00:27:29: PM2 log: ===============================================================================
2026-10-07T00:27:29: PM2 log: --- New PM2 Daemon started ----------------------------------------------------
2026-10-07T00:27:29: PM2 log: Time                 : Wed Oct 07 2026 00:27:29 GMT+0700 (Western Indonesia Time)
2026-10-07T00:27:29: PM2 log: PM2 version          : 7.0.4
2026-10-07T00:27:29: PM2 log: Node.js version      : 26.4.0
2026-10-07T00:27:29: PM2 log: Current arch         : arm64
2026-10-07T00:27:29: PM2 log: PM2 home             : /data/data/com.termux/files/home/.pm2
2026-10-07T00:27:29: PM2 log: PM2 PID file         : /data/data/com.termux/files/home/.pm2/pm2.pid
2026-10-07T00:27:29: PM2 log: RPC socket file      : /data/data/com.termux/files/home/.pm2/rpc.sock
2026-10-07T00:27:29: PM2 log: BUS socket file      : /data/data/com.termux/files/home/.pm2/pub.sock
2026-10-07T00:27:29: PM2 log: Application log path : /data/data/com.termux/files/home/.pm2/logs
2026-10-07T00:27:29: PM2 log: Worker Interval      : 30000
2026-10-07T00:27:29: PM2 log: Process dump file    : /data/data/com.termux/files/home/.pm2/dump.pm2
2026-10-07T00:27:29: PM2 log: Concurrent actions   : 2
2026-10-07T00:27:29: PM2 log: SIGTERM timeout      : 1600
2026-10-07T00:27:29: PM2 log: Runtime Binary       : /data/data/com.termux/files/usr/bin/node
2026-10-07T00:27:29: PM2 log: ===============================================================================
2026-10-07T00:27:29: PM2 log: PM2 successfully stopped
2026-10-07T00:31:25: PM2 log: ===============================================================================
2026-10-07T00:31:25: PM2 log: --- New PM2 Daemon started ----------------------------------------------------
2026-10-07T00:31:25: PM2 log: Time                 : Wed Oct 07 2026 00:31:25 GMT+0700 (Western Indonesia Time)
2026-10-07T00:31:25: PM2 log: PM2 version          : 7.0.4
2026-10-07T00:31:25: PM2 log: Node.js version      : 26.4.0
2026-10-07T00:31:25: PM2 log: Current arch         : arm64
2026-10-07T00:31:25: PM2 log: PM2 home             : /data/data/com.termux/files/home/.pm2
2026-10-07T00:31:25: PM2 log: PM2 PID file         : /data/data/com.termux/files/home/.pm2/pm2.pid
2026-10-07T00:31:25: PM2 log: RPC socket file      : /data/data/com.termux/files/home/.pm2/rpc.sock
2026-10-07T00:31:25: PM2 log: BUS socket file      : /data/data/com.termux/files/home/.pm2/pub.sock
2026-10-07T00:31:25: PM2 log: Application log path : /data/data/com.termux/files/home/.pm2/logs
2026-10-07T00:31:25: PM2 log: Worker Interval      : 30000
2026-10-07T00:31:25: PM2 log: Process dump file    : /data/data/com.termux/files/home/.pm2/dump.pm2
2026-10-07T00:31:25: PM2 log: Concurrent actions   : 2
2026-10-07T00:31:25: PM2 log: SIGTERM timeout      : 1600
2026-10-07T00:31:25: PM2 log: Runtime Binary       : /data/data/com.termux/files/usr/bin/node
2026-10-07T00:31:25: PM2 log: ===============================================================================
2026-10-07T00:31:25: PM2 log: App [bot-wa:0] starting in -fork mode-
2026-10-07T00:31:25: PM2 log: App [bot-wa:0] online
2026-10-07T00:31:25: PM2 warn: [pidusage] We couldn't find uptime from /proc/uptime, using os.uptime() value
2026-10-07T00:31:25: PM2 error: Error while calling "getconf PAGESIZE" Error: Command failed: getconf PAGESIZE
/data/data/com.termux/files/usr/bin/sh: 1: getconf: not found

    at genericNodeError (node:internal/errors:998:15)
    at wrappedFn (node:internal/errors:543:14)
    at ChildProcess.exithandler (node:child_process:417:12)
    at ChildProcess.emit (node:events:509:20)
    at ChildProcess.emit (node:domain:536:15)
    at maybeClose (node:internal/child_process:1125:16)
    at Socket.<anonymous> (node:internal/child_process:497:11)
    at Socket.emit (node:events:509:20)
    at Socket.emit (node:domain:536:15)
    at Pipe.<anonymous> (node:net:355:12) {
  code: 127,
  killed: false,
  signal: null,
  cmd: 'getconf PAGESIZE'
}
2026-10-07T00:31:25: PM2 error: Error while calling "getconf CLK_TCK" Error: Command failed: getconf CLK_TCK
/data/data/com.termux/files/usr/bin/sh: 1: getconf: not found

    at genericNodeError (node:internal/errors:998:15)
    at wrappedFn (node:internal/errors:543:14)
    at ChildProcess.exithandler (node:child_process:417:12)
    at ChildProcess.emit (node:events:509:20)
    at ChildProcess.emit (node:domain:536:15)
    at maybeClose (node:internal/child_process:1125:16)
    at Socket.<anonymous> (node:internal/child_process:497:11)
    at Socket.emit (node:events:509:20)
    at Socket.emit (node:domain:536:15)
    at Pipe.<anonymous> (node:net:355:12) {
  code: 127,
  killed: false,
  signal: null,
  cmd: 'getconf CLK_TCK'
}
2026-10-07T00:31:26: PM2 warn: [pidusage] We couldn't find uptime from /proc/uptime, using os.uptime() value
2026-10-07T00:31:55: PM2 warn: [pidusage] We couldn't find uptime from /proc/uptime, using os.uptime() value
2026-10-07T00:32:25: PM2 warn: [pidusage] We couldn't find uptime from /proc/uptime, using os.uptime() value
2026-10-07T00:32:55: PM2 warn: [pidusage] We couldn't find uptime from /proc/uptime, using os.uptime() value
2026-10-07T00:33:25: PM2 warn: [pidusage] We couldn't find uptime from /proc/uptime, using os.uptime() value
2026-10-07T00:33:55: PM2 warn: [pidusage] We couldn't find uptime from /proc/uptime, using os.uptime() value
2026-10-07T00:34:25: PM2 warn: [pidusage] We couldn't find uptime from /proc/uptime, using os.uptime() value
2026-10-07T00:34:54: PM2 warn: [pidusage] We couldn't find uptime from /proc/uptime, using os.uptime() value
2026-10-07T00:34:54: PM2 log: Stopping app:bot-wa id:0
2026-10-07T00:34:54: PM2 log: App [bot-wa:0] exited with code [0] via signal [SIGINT]
2026-10-07T00:34:54: PM2 log: pid=30839 msg=process tree killed (1 pids)
2026-10-07T00:34:54: PM2 log: App [bot-wa:0] starting in -fork mode-
2026-10-07T00:34:54: PM2 log: App [bot-wa:0] online
2026-10-07T00:34:54: PM2 warn: [pidusage] We couldn't find uptime from /proc/uptime, using os.uptime() value
2026-10-07T00:34:55: PM2 warn: [pidusage] We couldn't find uptime from /proc/uptime, using os.uptime() value
2026-10-07T00:35:25: PM2 warn: [pidusage] We couldn't find uptime from /proc/uptime, using os.uptime() value
2026-10-07T00:35:55: PM2 warn: [pidusage] We couldn't find uptime from /proc/uptime, using os.uptime() value
2026-10-07T00:36:25: PM2 warn: [pidusage] We couldn't find uptime from /proc/uptime, using os.uptime() value
2026-10-07T00:36:55: PM2 warn: [pidusage] We couldn't find uptime from /proc/uptime, using os.uptime() value
2026-10-07T00:37:25: PM2 warn: [pidusage] We couldn't find uptime from /proc/uptime, using os.uptime() value
2026-10-07T00:37:55: PM2 warn: [pidusage] We couldn't find uptime from /proc/uptime, using os.uptime() value
2026-10-07T00:38:25: PM2 warn: [pidusage] We couldn't find uptime from /proc/uptime, using os.uptime() value
2026-10-07T00:38:25: PM2 warn: [pidusage] We couldn't find uptime from /proc/uptime, using os.uptime() value
2026-10-07T00:38:25: PM2 log: Stopping app:bot-wa id:0
2026-10-07T00:38:25: PM2 log: App [bot-wa:0] exited with code [0] via signal [SIGINT]
2026-10-07T00:38:26: PM2 log: pid=31837 msg=process tree killed (1 pids)
2026-10-07T00:38:26: PM2 log: App [bot-wa:0] starting in -fork mode-
2026-10-07T00:38:26: PM2 log: App [bot-wa:0] online
2026-10-07T00:38:26: PM2 warn: [pidusage] We couldn't find uptime from /proc/uptime, using os.uptime() value
2026-10-07T00:38:55: PM2 warn: [pidusage] We couldn't find uptime from /proc/uptime, using os.uptime() value
2026-10-07T00:39:25: PM2 warn: [pidusage] We couldn't find uptime from /proc/uptime, using os.uptime() value
2026-10-07T00:39:55: PM2 warn: [pidusage] We couldn't find uptime from /proc/uptime, using os.uptime() value
2026-10-07T00:40:23: PM2 warn: [pidusage] We couldn't find uptime from /proc/uptime, using os.uptime() value
2026-10-07T00:40:23: PM2 log: Stopping app:bot-wa id:0
2026-10-07T00:40:23: PM2 log: App [bot-wa:0] exited with code [0] via signal [SIGINT]
2026-10-07T00:40:23: PM2 log: pid=32406 msg=process tree killed (1 pids)
2026-10-07T00:40:23: PM2 log: App [bot-wa:0] starting in -fork mode-
2026-10-07T00:40:23: PM2 log: App [bot-wa:0] online
2026-10-07T00:40:23: PM2 warn: [pidusage] We couldn't find uptime from /proc/uptime, using os.uptime() value
2026-10-07T00:40:25: PM2 warn: [pidusage] We couldn't find uptime from /proc/uptime, using os.uptime() value
2026-10-07T00:40:55: PM2 warn: [pidusage] We couldn't find uptime from /proc/uptime, using os.uptime() value
2026-10-07T00:41:25: PM2 warn: [pidusage] We couldn't find uptime from /proc/uptime, using os.uptime() value
2026-10-07T00:41:55: PM2 warn: [pidusage] We couldn't find uptime from /proc/uptime, using os.uptime() value
2026-10-07T00:42:09: PM2 warn: [pidusage] We couldn't find uptime from /proc/uptime, using os.uptime() value
2026-10-07T00:42:09: PM2 log: Stopping app:bot-wa id:0
2026-10-07T00:42:09: PM2 log: App [bot-wa:0] exited with code [0] via signal [SIGINT]
2026-10-07T00:42:09: PM2 log: pid=300 msg=process tree killed (1 pids)
2026-10-07T00:42:09: PM2 log: App [bot-wa:0] starting in -fork mode-
2026-10-07T00:42:09: PM2 log: App [bot-wa:0] online
2026-10-07T00:42:09: PM2 warn: [pidusage] We couldn't find uptime from /proc/uptime, using os.uptime() value
2026-10-07T00:42:25: PM2 warn: [pidusage] We couldn't find uptime from /proc/uptime, using os.uptime() value
2026-10-07T00:42:55: PM2 warn: [pidusage] We couldn't find uptime from /proc/uptime, using os.uptime() value
2026-10-07T00:43:25: PM2 warn: [pidusage] We couldn't find uptime from /proc/uptime, using os.uptime() value
2026-10-07T00:43:55: PM2 warn: [pidusage] We couldn't find uptime from /proc/uptime, using os.uptime() value
2026-10-07T00:44:25: PM2 warn: [pidusage] We couldn't find uptime from /proc/uptime, using os.uptime() value
2026-10-07T00:44:54: PM2 warn: [pidusage] We couldn't find uptime from /proc/uptime, using os.uptime() value
2026-10-07T00:44:54: PM2 log: Stopping app:bot-wa id:0
2026-10-07T00:44:54: PM2 log: App [bot-wa:0] exited with code [0] via signal [SIGINT]
2026-10-07T00:44:54: PM2 log: pid=1156 msg=process tree killed (1 pids)
2026-10-07T00:44:54: PM2 log: App [bot-wa:0] starting in -fork mode-
2026-10-07T00:44:54: PM2 log: App [bot-wa:0] online
2026-10-07T00:44:54: PM2 warn: [pidusage] We couldn't find uptime from /proc/uptime, using os.uptime() value
2026-10-07T00:44:55: PM2 warn: [pidusage] We couldn't find uptime from /proc/uptime, using os.uptime() value
2026-10-07T00:45:25: PM2 warn: [pidusage] We couldn't find uptime from /proc/uptime, using os.uptime() value
2026-10-07T00:45:55: PM2 warn: [pidusage] We couldn't find uptime from /proc/uptime, using os.uptime() value
2026-10-07T00:46:16: PM2 warn: [pidusage] We couldn't find uptime from /proc/uptime, using os.uptime() value
2026-10-07T00:46:16: PM2 log: Stopping app:bot-wa id:0
2026-10-07T00:46:16: PM2 log: App [bot-wa:0] exited with code [0] via signal [SIGINT]
2026-10-07T00:46:16: PM2 log: pid=2253 msg=process tree killed (1 pids)
2026-10-07T00:46:16: PM2 log: App [bot-wa:0] starting in -fork mode-
2026-10-07T00:46:16: PM2 log: App [bot-wa:0] online
2026-10-07T00:46:16: PM2 warn: [pidusage] We couldn't find uptime from /proc/uptime, using os.uptime() value
2026-10-07T00:46:25: PM2 warn: [pidusage] We couldn't find uptime from /proc/uptime, using os.uptime() value
2026-10-07T00:46:55: PM2 warn: [pidusage] We couldn't find uptime from /proc/uptime, using os.uptime() value
2026-10-07T00:47:25: PM2 warn: [pidusage] We couldn't find uptime from /proc/uptime, using os.uptime() value
2026-10-07T00:47:55: PM2 warn: [pidusage] We couldn't find uptime from /proc/uptime, using os.uptime() value
2026-10-07T00:48:25: PM2 warn: [pidusage] We couldn't find uptime from /proc/uptime, using os.uptime() value
2026-10-07T00:48:55: PM2 warn: [pidusage] We couldn't find uptime from /proc/uptime, using os.uptime() value
2026-10-07T00:49:25: PM2 warn: [pidusage] We couldn't find uptime from /proc/uptime, using os.uptime() value
2026-10-07T00:49:29: PM2 warn: [pidusage] We couldn't find uptime from /proc/uptime, using os.uptime() value
2026-10-07T00:49:29: PM2 log: Stopping app:bot-wa id:0
2026-10-07T00:49:29: PM2 log: App [bot-wa:0] exited with code [0] via signal [SIGINT]
2026-10-07T00:49:29: PM2 log: pid=3601 msg=process tree killed (1 pids)
2026-10-07T00:49:29: PM2 log: App [bot-wa:0] starting in -fork mode-
2026-10-07T00:49:29: PM2 log: App [bot-wa:0] online
2026-10-07T00:49:30: PM2 warn: [pidusage] We couldn't find uptime from /proc/uptime, using os.uptime() value
2026-10-07T00:49:55: PM2 warn: [pidusage] We couldn't find uptime from /proc/uptime, using os.uptime() value
2026-10-07T00:50:23: PM2 warn: [pidusage] We couldn't find uptime from /proc/uptime, using os.uptime() value
2026-10-07T00:50:23: PM2 log: Stopping app:bot-wa id:0
2026-10-07T00:50:23: PM2 log: App [bot-wa:0] exited with code [0] via signal [SIGINT]
2026-10-07T00:50:23: PM2 log: pid=6754 msg=process tree killed (1 pids)
2026-10-07T00:50:23: PM2 log: App [bot-wa:0] starting in -fork mode-
2026-10-07T00:50:23: PM2 log: App [bot-wa:0] online
2026-10-07T00:50:23: PM2 warn: [pidusage] We couldn't find uptime from /proc/uptime, using os.uptime() value
2026-10-07T00:50:25: PM2 warn: [pidusage] We couldn't find uptime from /proc/uptime, using os.uptime() value
2026-10-07T00:50:55: PM2 warn: [pidusage] We couldn't find uptime from /proc/uptime, using os.uptime() value
2026-10-07T00:51:25: PM2 warn: [pidusage] We couldn't find uptime from /proc/uptime, using os.uptime() value
2026-10-07T00:51:55: PM2 warn: [pidusage] We couldn't find uptime from /proc/uptime, using os.uptime() value
2026-10-07T00:52:25: PM2 warn: [pidusage] We couldn't find uptime from /proc/uptime, using os.uptime() value
2026-10-07T00:52:55: PM2 warn: [pidusage] We couldn't find uptime from /proc/uptime, using os.uptime() value
2026-10-07T00:53:25: PM2 warn: [pidusage] We couldn't find uptime from /proc/uptime, using os.uptime() value
2026-10-07T00:53:55: PM2 warn: [pidusage] We couldn't find uptime from /proc/uptime, using os.uptime() value
2026-10-07T00:54:14: PM2 warn: [pidusage] We couldn't find uptime from /proc/uptime, using os.uptime() value
2026-10-07T00:54:14: PM2 log: Stopping app:bot-wa id:0
2026-10-07T00:54:14: PM2 log: App [bot-wa:0] exited with code [0] via signal [SIGINT]
2026-10-07T00:54:14: PM2 log: pid=6995 msg=process tree killed (1 pids)
2026-10-07T00:54:14: PM2 log: App [bot-wa:0] starting in -fork mode-
2026-10-07T00:54:14: PM2 log: App [bot-wa:0] online
2026-10-07T00:54:14: PM2 warn: [pidusage] We couldn't find uptime from /proc/uptime, using os.uptime() value
2026-10-07T00:54:25: PM2 warn: [pidusage] We couldn't find uptime from /proc/uptime, using os.uptime() value
2026-10-07T00:54:55: PM2 warn: [pidusage] We couldn't find uptime from /proc/uptime, using os.uptime() value
2026-10-07T00:55:25: PM2 warn: [pidusage] We couldn't find uptime from /proc/uptime, using os.uptime() value
2026-10-07T00:55:55: PM2 warn: [pidusage] We couldn't find uptime from /proc/uptime, using os.uptime() value
2026-10-07T00:56:25: PM2 warn: [pidusage] We couldn't find uptime from /proc/uptime, using os.uptime() value
2026-10-07T00:56:55: PM2 warn: [pidusage] We couldn't find uptime from /proc/uptime, using os.uptime() value
2026-10-07T00:57:25: PM2 warn: [pidusage] We couldn't find uptime from /proc/uptime, using os.uptime() value
2026-10-07T00:57:55: PM2 warn: [pidusage] We couldn't find uptime from /proc/uptime, using os.uptime() value
2026-10-07T00:58:25: PM2 warn: [pidusage] We couldn't find uptime from /proc/uptime, using os.uptime() value
2026-10-07T00:58:36: PM2 warn: [pidusage] We couldn't find uptime from /proc/uptime, using os.uptime() value
2026-10-07T00:58:36: PM2 log: Stopping app:bot-wa id:0
2026-10-07T00:58:36: PM2 log: App [bot-wa:0] exited with code [0] via signal [SIGINT]
2026-10-07T00:58:36: PM2 log: pid=7939 msg=process tree killed (1 pids)
2026-10-07T00:58:36: PM2 log: App [bot-wa:0] starting in -fork mode-
2026-10-07T00:58:36: PM2 log: App [bot-wa:0] online
2026-10-07T00:58:36: PM2 warn: [pidusage] We couldn't find uptime from /proc/uptime, using os.uptime() value
2026-10-07T00:58:55: PM2 warn: [pidusage] We couldn't find uptime from /proc/uptime, using os.uptime() value
2026-10-07T00:59:25: PM2 warn: [pidusage] We couldn't find uptime from /proc/uptime, using os.uptime() value
2026-10-07T00:59:55: PM2 warn: [pidusage] We couldn't find uptime from /proc/uptime, using os.uptime() value
2026-10-07T01:00:05: PM2 warn: [pidusage] We couldn't find uptime from /proc/uptime, using os.uptime() value
2026-10-07T01:00:05: PM2 log: Stopping app:bot-wa id:0
2026-10-07T01:00:05: PM2 log: App [bot-wa:0] exited with code [0] via signal [SIGINT]
2026-10-07T01:00:06: PM2 log: pid=8696 msg=process tree killed (1 pids)
2026-10-07T01:00:06: PM2 log: App [bot-wa:0] starting in -fork mode-
2026-10-07T01:00:06: PM2 log: App [bot-wa:0] online
2026-10-07T01:00:06: PM2 warn: [pidusage] We couldn't find uptime from /proc/uptime, using os.uptime() value
2026-10-07T01:00:25: PM2 warn: [pidusage] We couldn't find uptime from /proc/uptime, using os.uptime() value
2026-10-07T01:00:55: PM2 warn: [pidusage] We couldn't find uptime from /proc/uptime, using os.uptime() value
2026-10-07T01:01:25: PM2 warn: [pidusage] We couldn't find uptime from /proc/uptime, using os.uptime() value
2026-10-07T01:01:55: PM2 warn: [pidusage] We couldn't find uptime from /proc/uptime, using os.uptime() value
2026-10-07T01:02:25: PM2 warn: [pidusage] We couldn't find uptime from /proc/uptime, using os.uptime() value
2026-10-07T01:02:41: PM2 warn: [pidusage] We couldn't find uptime from /proc/uptime, using os.uptime() value
2026-10-07T01:02:41: PM2 log: Stopping app:bot-wa id:0
2026-10-07T01:02:41: PM2 log: App [bot-wa:0] exited with code [0] via signal [SIGINT]
2026-10-07T01:02:41: PM2 log: pid=9127 msg=process tree killed (1 pids)
2026-10-07T01:02:41: PM2 log: App [bot-wa:0] starting in -fork mode-
2026-10-07T01:02:41: PM2 log: App [bot-wa:0] online
2026-10-07T01:02:41: PM2 warn: [pidusage] We couldn't find uptime from /proc/uptime, using os.uptime() value
2026-10-07T01:02:55: PM2 warn: [pidusage] We couldn't find uptime from /proc/uptime, using os.uptime() value
2026-10-07T01:03:25: PM2 warn: [pidusage] We couldn't find uptime from /proc/uptime, using os.uptime() value
2026-10-07T01:03:55: PM2 warn: [pidusage] We couldn't find uptime from /proc/uptime, using os.uptime() value
2026-10-07T01:04:25: PM2 warn: [pidusage] We couldn't find uptime from /proc/uptime, using os.uptime() value
2026-10-07T01:04:55: PM2 warn: [pidusage] We couldn't find uptime from /proc/uptime, using os.uptime() value
2026-10-07T01:05:14: PM2 warn: [pidusage] We couldn't find uptime from /proc/uptime, using os.uptime() value
2026-10-07T01:05:14: PM2 log: Stopping app:bot-wa id:0
2026-10-07T01:05:14: PM2 log: App [bot-wa:0] exited with code [0] via signal [SIGINT]
2026-10-07T01:05:15: PM2 log: pid=9404 msg=process tree killed (1 pids)
2026-10-07T01:05:15: PM2 log: App [bot-wa:0] starting in -fork mode-
2026-10-07T01:05:15: PM2 log: App [bot-wa:0] online
2026-10-07T01:05:15: PM2 warn: [pidusage] We couldn't find uptime from /proc/uptime, using os.uptime() value
2026-10-07T01:05:25: PM2 warn: [pidusage] We couldn't find uptime from /proc/uptime, using os.uptime() value
2026-10-07T01:05:55: PM2 warn: [pidusage] We couldn't find uptime from /proc/uptime, using os.uptime() value
2026-10-07T01:06:25: PM2 warn: [pidusage] We couldn't find uptime from /proc/uptime, using os.uptime() value
2026-10-07T01:06:55: PM2 warn: [pidusage] We couldn't find uptime from /proc/uptime, using os.uptime() value
2026-10-07T01:07:25: PM2 warn: [pidusage] We couldn't find uptime from /proc/uptime, using os.uptime() value
2026-10-07T01:07:55: PM2 warn: [pidusage] We couldn't find uptime from /proc/uptime, using os.uptime() value
2026-10-07T01:08:25: PM2 warn: [pidusage] We couldn't find uptime from /proc/uptime, using os.uptime() value
2026-10-07T01:08:55: PM2 warn: [pidusage] We couldn't find uptime from /proc/uptime, using os.uptime() value
2026-10-07T01:09:25: PM2 warn: [pidusage] We couldn't find uptime from /proc/uptime, using os.uptime() value
2026-10-07T01:09:55: PM2 warn: [pidusage] We couldn't find uptime from /proc/uptime, using os.uptime() value
2026-10-07T01:10:25: PM2 warn: [pidusage] We couldn't find uptime from /proc/uptime, using os.uptime() value
2026-10-07T01:10:55: PM2 warn: [pidusage] We couldn't find uptime from /proc/uptime, using os.uptime() value
2026-10-07T01:11:25: PM2 warn: [pidusage] We couldn't find uptime from /proc/uptime, using os.uptime() value
2026-10-07T01:11:55: PM2 warn: [pidusage] We couldn't find uptime from /proc/uptime, using os.uptime() value
2026-10-07T01:12:25: PM2 warn: [pidusage] We couldn't find uptime from /proc/uptime, using os.uptime() value
2026-10-07T01:12:55: PM2 warn: [pidusage] We couldn't find uptime from /proc/uptime, using os.uptime() value
2026-10-07T01:13:25: PM2 warn: [pidusage] We couldn't find uptime from /proc/uptime, using os.uptime() value
2026-10-07T01:13:55: PM2 warn: [pidusage] We couldn't find uptime from /proc/uptime, using os.uptime() value
2026-10-07T01:14:25: PM2 warn: [pidusage] We couldn't find uptime from /proc/uptime, using os.uptime() value
2026-10-07T01:14:55: PM2 warn: [pidusage] We couldn't find uptime from /proc/uptime, using os.uptime() value
2026-10-07T01:15:25: PM2 warn: [pidusage] We couldn't find uptime from /proc/uptime, using os.uptime() value
2026-10-07T01:15:55: PM2 warn: [pidusage] We couldn't find uptime from /proc/uptime, using os.uptime() value
2026-10-07T01:16:25: PM2 warn: [pidusage] We couldn't find uptime from /proc/uptime, using os.uptime() value
2026-10-07T01:16:55: PM2 warn: [pidusage] We couldn't find uptime from /proc/uptime, using os.uptime() value
2026-10-07T01:17:25: PM2 warn: [pidusage] We couldn't find uptime from /proc/uptime, using os.uptime() value
2026-10-07T01:17:55: PM2 warn: [pidusage] We couldn't find uptime from /proc/uptime, using os.uptime() value
2026-10-07T01:18:25: PM2 warn: [pidusage] We couldn't find uptime from /proc/uptime, using os.uptime() value
2026-10-07T01:18:55: PM2 warn: [pidusage] We couldn't find uptime from /proc/uptime, using os.uptime() value
2026-10-07T01:19:25: PM2 warn: [pidusage] We couldn't find uptime from /proc/uptime, using os.uptime() value
2026-10-07T01:19:55: PM2 warn: [pidusage] We couldn't find uptime from /proc/uptime, using os.uptime() value
2026-10-07T01:20:25: PM2 warn: [pidusage] We couldn't find uptime from /proc/uptime, using os.uptime() value
2026-10-07T01:20:55: PM2 warn: [pidusage] We couldn't find uptime from /proc/uptime, using os.uptime() value
2026-10-07T01:21:25: PM2 warn: [pidusage] We couldn't find uptime from /proc/uptime, using os.uptime() value
2026-10-07T01:21:55: PM2 warn: [pidusage] We couldn't find uptime from /proc/uptime, using os.uptime() value
2026-10-07T01:22:25: PM2 warn: [pidusage] We couldn't find uptime from /proc/uptime, using os.uptime() value
2026-10-07T01:22:55: PM2 warn: [pidusage] We couldn't find uptime from /proc/uptime, using os.uptime() value
2026-10-07T01:23:25: PM2 warn: [pidusage] We couldn't find uptime from /proc/uptime, using os.uptime() value
2026-10-07T01:23:55: PM2 warn: [pidusage] We couldn't find uptime from /proc/uptime, using os.uptime() value
2026-10-07T01:24:25: PM2 warn: [pidusage] We couldn't find uptime from /proc/uptime, using os.uptime() value
2026-10-07T01:24:55: PM2 warn: [pidusage] We couldn't find uptime from /proc/uptime, using os.uptime() value
2026-10-07T01:25:25: PM2 warn: [pidusage] We couldn't find uptime from /proc/uptime, using os.uptime() value
2026-10-07T01:25:55: PM2 warn: [pidusage] We couldn't find uptime from /proc/uptime, using os.uptime() value
2026-10-07T01:26:25: PM2 warn: [pidusage] We couldn't find uptime from /proc/uptime, using os.uptime() value
2026-10-07T01:26:55: PM2 warn: [pidusage] We couldn't find uptime from /proc/uptime, using os.uptime() value
2026-10-07T01:27:25: PM2 warn: [pidusage] We couldn't find uptime from /proc/uptime, using os.uptime() value
2026-10-07T01:27:55: PM2 warn: [pidusage] We couldn't find uptime from /proc/uptime, using os.uptime() value
2026-10-07T01:28:25: PM2 warn: [pidusage] We couldn't find uptime from /proc/uptime, using os.uptime() value
2026-10-07T01:28:55: PM2 warn: [pidusage] We couldn't find uptime from /proc/uptime, using os.uptime() value
2026-10-07T01:29:25: PM2 warn: [pidusage] We couldn't find uptime from /proc/uptime, using os.uptime() value
2026-10-07T01:29:55: PM2 warn: [pidusage] We couldn't find uptime from /proc/uptime, using os.uptime() value
2026-10-07T01:30:25: PM2 warn: [pidusage] We couldn't find uptime from /proc/uptime, using os.uptime() value
2026-10-07T01:30:55: PM2 warn: [pidusage] We couldn't find uptime from /proc/uptime, using os.uptime() value
2026-10-07T01:31:25: PM2 warn: [pidusage] We couldn't find uptime from /proc/uptime, using os.uptime() value
2026-10-07T01:31:55: PM2 warn: [pidusage] We couldn't find uptime from /proc/uptime, using os.uptime() value
2026-10-07T01:32:25: PM2 warn: [pidusage] We couldn't find uptime from /proc/uptime, using os.uptime() value
2026-10-07T01:32:55: PM2 warn: [pidusage] We couldn't find uptime from /proc/uptime, using os.uptime() value
2026-10-07T01:33:25: PM2 warn: [pidusage] We couldn't find uptime from /proc/uptime, using os.uptime() value
2026-10-07T01:33:55: PM2 warn: [pidusage] We couldn't find uptime from /proc/uptime, using os.uptime() value
2026-10-07T01:34:25: PM2 warn: [pidusage] We couldn't find uptime from /proc/uptime, using os.uptime() value
2026-10-07T01:34:55: PM2 warn: [pidusage] We couldn't find uptime from /proc/uptime, using os.uptime() value
2026-10-07T01:35:25: PM2 warn: [pidusage] We couldn't find uptime from /proc/uptime, using os.uptime() value
2026-10-07T01:35:55: PM2 warn: [pidusage] We couldn't find uptime from /proc/uptime, using os.uptime() value
2026-10-07T01:36:25: PM2 warn: [pidusage] We couldn't find uptime from /proc/uptime, using os.uptime() value
2026-10-07T01:36:55: PM2 warn: [pidusage] We couldn't find uptime from /proc/uptime, using os.uptime() value
2026-10-07T01:37:25: PM2 warn: [pidusage] We couldn't find uptime from /proc/uptime, using os.uptime() value
2026-10-07T01:37:55: PM2 warn: [pidusage] We couldn't find uptime from /proc/uptime, using os.uptime() value
2026-10-07T01:38:25: PM2 warn: [pidusage] We couldn't find uptime from /proc/uptime, using os.uptime() value
2026-10-07T01:38:55: PM2 warn: [pidusage] We couldn't find uptime from /proc/uptime, using os.uptime() value
2026-10-07T01:39:25: PM2 warn: [pidusage] We couldn't find uptime from /proc/uptime, using os.uptime() value
2026-10-07T01:39:55: PM2 warn: [pidusage] We couldn't find uptime from /proc/uptime, using os.uptime() value
2026-10-07T01:40:25: PM2 warn: [pidusage] We couldn't find uptime from /proc/uptime, using os.uptime() value
2026-10-07T01:40:55: PM2 warn: [pidusage] We couldn't find uptime from /proc/uptime, using os.uptime() value
2026-10-07T01:41:25: PM2 warn: [pidusage] We couldn't find uptime from /proc/uptime, using os.uptime() value
2026-10-07T01:41:55: PM2 warn: [pidusage] We couldn't find uptime from /proc/uptime, using os.uptime() value
2026-10-07T01:42:25: PM2 warn: [pidusage] We couldn't find uptime from /proc/uptime, using os.uptime() value
2026-10-07T01:42:55: PM2 warn: [pidusage] We couldn't find uptime from /proc/uptime, using os.uptime() value
2026-10-07T01:43:25: PM2 warn: [pidusage] We couldn't find uptime from /proc/uptime, using os.uptime() value
2026-10-07T01:43:55: PM2 warn: [pidusage] We couldn't find uptime from /proc/uptime, using os.uptime() value
2026-10-07T01:44:25: PM2 warn: [pidusage] We couldn't find uptime from /proc/uptime, using os.uptime() value
2026-10-07T01:44:55: PM2 warn: [pidusage] We couldn't find uptime from /proc/uptime, using os.uptime() value
2026-10-07T01:45:25: PM2 warn: [pidusage] We couldn't find uptime from /proc/uptime, using os.uptime() value
2026-10-07T01:45:55: PM2 warn: [pidusage] We couldn't find uptime from /proc/uptime, using os.uptime() value
2026-10-07T01:46:25: PM2 warn: [pidusage] We couldn't find uptime from /proc/uptime, using os.uptime() value
2026-10-07T01:46:55: PM2 warn: [pidusage] We couldn't find uptime from /proc/uptime, using os.uptime() value
2026-10-07T01:47:25: PM2 warn: [pidusage] We couldn't find uptime from /proc/uptime, using os.uptime() value
2026-10-07T01:47:55: PM2 warn: [pidusage] We couldn't find uptime from /proc/uptime, using os.uptime() value
2026-10-07T01:48:25: PM2 warn: [pidusage] We couldn't find uptime from /proc/uptime, using os.uptime() value
2026-10-07T02:55:29: PM2 warn: [pidusage] We couldn't find uptime from /proc/uptime, using os.uptime() value
2026-10-07T02:56:08: PM2 warn: [pidusage] We couldn't find uptime from /proc/uptime, using os.uptime() value
2026-10-07T02:56:38: PM2 warn: [pidusage] We couldn't find uptime from /proc/uptime, using os.uptime() value
2026-10-07T02:57:54: PM2 warn: [pidusage] We couldn't find uptime from /proc/uptime, using os.uptime() value
2026-10-07T02:58:24: PM2 warn: [pidusage] We couldn't find uptime from /proc/uptime, using os.uptime() value
2026-10-07T02:58:54: PM2 warn: [pidusage] We couldn't find uptime from /proc/uptime, using os.uptime() value
2026-10-07T02:59:24: PM2 warn: [pidusage] We couldn't find uptime from /proc/uptime, using os.uptime() value
2026-10-07T02:59:54: PM2 warn: [pidusage] We couldn't find uptime from /proc/uptime, using os.uptime() value
2026-10-07T03:00:24: PM2 warn: [pidusage] We couldn't find uptime from /proc/uptime, using os.uptime() value
2026-10-07T03:00:54: PM2 warn: [pidusage] We couldn't find uptime from /proc/uptime, using os.uptime() value
2026-10-07T03:01:24: PM2 warn: [pidusage] We couldn't find uptime from /proc/uptime, using os.uptime() value
2026-10-07T03:01:54: PM2 warn: [pidusage] We couldn't find uptime from /proc/uptime, using os.uptime() value
2026-10-07T03:02:24: PM2 warn: [pidusage] We couldn't find uptime from /proc/uptime, using os.uptime() value
2026-10-07T03:02:54: PM2 warn: [pidusage] We couldn't find uptime from /proc/uptime, using os.uptime() value
2026-10-07T03:03:24: PM2 warn: [pidusage] We couldn't find uptime from /proc/uptime, using os.uptime() value
2026-10-07T03:03:54: PM2 warn: [pidusage] We couldn't find uptime from /proc/uptime, using os.uptime() value
2026-10-07T03:04:24: PM2 warn: [pidusage] We couldn't find uptime from /proc/uptime, using os.uptime() value
2026-10-07T03:04:54: PM2 warn: [pidusage] We couldn't find uptime from /proc/uptime, using os.uptime() value
2026-10-07T03:05:24: PM2 warn: [pidusage] We couldn't find uptime from /proc/uptime, using os.uptime() value
2026-10-07T03:05:54: PM2 warn: [pidusage] We couldn't find uptime from /proc/uptime, using os.uptime() value
2026-10-07T03:06:24: PM2 warn: [pidusage] We couldn't find uptime from /proc/uptime, using os.uptime() value
2026-10-07T03:06:54: PM2 warn: [pidusage] We couldn't find uptime from /proc/uptime, using os.uptime() value
2026-10-07T03:07:24: PM2 warn: [pidusage] We couldn't find uptime from /proc/uptime, using os.uptime() value
2026-10-07T03:07:54: PM2 warn: [pidusage] We couldn't find uptime from /proc/uptime, using os.uptime() value
2026-10-07T03:08:24: PM2 warn: [pidusage] We couldn't find uptime from /proc/uptime, using os.uptime() value
2026-10-07T03:08:54: PM2 warn: [pidusage] We couldn't find uptime from /proc/uptime, using os.uptime() value
2026-10-07T03:09:24: PM2 warn: [pidusage] We couldn't find uptime from /proc/uptime, using os.uptime() value
2026-10-07T03:09:54: PM2 warn: [pidusage] We couldn't find uptime from /proc/uptime, using os.uptime() value
2026-10-07T03:10:24: PM2 warn: [pidusage] We couldn't find uptime from /proc/uptime, using os.uptime() value
2026-10-07T03:10:54: PM2 warn: [pidusage] We couldn't find uptime from /proc/uptime, using os.uptime() value
2026-10-07T03:11:24: PM2 warn: [pidusage] We couldn't find uptime from /proc/uptime, using os.uptime() value
2026-10-07T03:11:54: PM2 warn: [pidusage] We couldn't find uptime from /proc/uptime, using os.uptime() value
2026-10-07T03:12:24: PM2 warn: [pidusage] We couldn't find uptime from /proc/uptime, using os.uptime() value
2026-10-07T03:12:54: PM2 warn: [pidusage] We couldn't find uptime from /proc/uptime, using os.uptime() value
2026-10-07T03:13:24: PM2 warn: [pidusage] We couldn't find uptime from /proc/uptime, using os.uptime() value
2026-10-07T03:13:54: PM2 warn: [pidusage] We couldn't find uptime from /proc/uptime, using os.uptime() value
2026-10-07T03:14:24: PM2 warn: [pidusage] We couldn't find uptime from /proc/uptime, using os.uptime() value
2026-10-07T03:14:54: PM2 warn: [pidusage] We couldn't find uptime from /proc/uptime, using os.uptime() value
2026-10-07T03:15:24: PM2 warn: [pidusage] We couldn't find uptime from /proc/uptime, using os.uptime() value
2026-10-07T03:15:54: PM2 warn: [pidusage] We couldn't find uptime from /proc/uptime, using os.uptime() value
2026-10-07T03:16:24: PM2 warn: [pidusage] We couldn't find uptime from /proc/uptime, using os.uptime() value
2026-10-07T03:16:54: PM2 warn: [pidusage] We couldn't find uptime from /proc/uptime, using os.uptime() value
2026-10-07T03:17:24: PM2 warn: [pidusage] We couldn't find uptime from /proc/uptime, using os.uptime() value
2026-10-07T03:17:54: PM2 warn: [pidusage] We couldn't find uptime from /proc/uptime, using os.uptime() value
2026-10-07T03:18:24: PM2 warn: [pidusage] We couldn't find uptime from /proc/uptime, using os.uptime() value
2026-10-07T03:18:54: PM2 warn: [pidusage] We couldn't find uptime from /proc/uptime, using os.uptime() value
2026-10-07T03:19:24: PM2 warn: [pidusage] We couldn't find uptime from /proc/uptime, using os.uptime() value
2026-10-07T03:19:54: PM2 warn: [pidusage] We couldn't find uptime from /proc/uptime, using os.uptime() value
2026-10-07T03:20:24: PM2 warn: [pidusage] We couldn't find uptime from /proc/uptime, using os.uptime() value
2026-10-07T03:20:54: PM2 warn: [pidusage] We couldn't find uptime from /proc/uptime, using os.uptime() value
2026-10-07T03:21:24: PM2 warn: [pidusage] We couldn't find uptime from /proc/uptime, using os.uptime() value
2026-10-07T03:21:54: PM2 warn: [pidusage] We couldn't find uptime from /proc/uptime, using os.uptime() value
2026-10-07T03:22:24: PM2 warn: [pidusage] We couldn't find uptime from /proc/uptime, using os.uptime() value
2026-10-07T03:22:54: PM2 warn: [pidusage] We couldn't find uptime from /proc/uptime, using os.uptime() value
2026-10-07T03:23:24: PM2 warn: [pidusage] We couldn't find uptime from /proc/uptime, using os.uptime() value
2026-10-07T03:23:54: PM2 warn: [pidusage] We couldn't find uptime from /proc/uptime, using os.uptime() value
2026-10-07T03:24:24: PM2 warn: [pidusage] We couldn't find uptime from /proc/uptime, using os.uptime() value
2026-10-07T03:24:54: PM2 warn: [pidusage] We couldn't find uptime from /proc/uptime, using os.uptime() value
2026-10-07T03:25:24: PM2 warn: [pidusage] We couldn't find uptime from /proc/uptime, using os.uptime() value
2026-10-07T03:25:54: PM2 warn: [pidusage] We couldn't find uptime from /proc/uptime, using os.uptime() value
2026-10-07T03:26:24: PM2 warn: [pidusage] We couldn't find uptime from /proc/uptime, using os.uptime() value
2026-10-07T03:26:54: PM2 warn: [pidusage] We couldn't find uptime from /proc/uptime, using os.uptime() value
2026-10-07T03:27:24: PM2 warn: [pidusage] We couldn't find uptime from /proc/uptime, using os.uptime() value
2026-10-07T03:27:54: PM2 warn: [pidusage] We couldn't find uptime from /proc/uptime, using os.uptime() value
2026-10-07T03:28:24: PM2 warn: [pidusage] We couldn't find uptime from /proc/uptime, using os.uptime() value
2026-10-07T03:28:54: PM2 warn: [pidusage] We couldn't find uptime from /proc/uptime, using os.uptime() value
2026-10-07T03:29:24: PM2 warn: [pidusage] We couldn't find uptime from /proc/uptime, using os.uptime() value
2026-10-07T03:29:54: PM2 warn: [pidusage] We couldn't find uptime from /proc/uptime, using os.uptime() value
2026-10-07T03:30:24: PM2 warn: [pidusage] We couldn't find uptime from /proc/uptime, using os.uptime() value
2026-10-07T03:30:54: PM2 warn: [pidusage] We couldn't find uptime from /proc/uptime, using os.uptime() value
2026-10-07T03:31:24: PM2 warn: [pidusage] We couldn't find uptime from /proc/uptime, using os.uptime() value
2026-10-07T03:31:54: PM2 warn: [pidusage] We couldn't find uptime from /proc/uptime, using os.uptime() value
2026-10-07T03:32:24: PM2 warn: [pidusage] We couldn't find uptime from /proc/uptime, using os.uptime() value
2026-10-07T03:32:54: PM2 warn: [pidusage] We couldn't find uptime from /proc/uptime, using os.uptime() value
2026-10-07T03:33:24: PM2 warn: [pidusage] We couldn't find uptime from /proc/uptime, using os.uptime() value
2026-10-07T03:33:54: PM2 warn: [pidusage] We couldn't find uptime from /proc/uptime, using os.uptime() value
2026-10-07T03:34:24: PM2 warn: [pidusage] We couldn't find uptime from /proc/uptime, using os.uptime() value
2026-10-07T03:34:54: PM2 warn: [pidusage] We couldn't find uptime from /proc/uptime, using os.uptime() value
2026-10-07T03:35:24: PM2 warn: [pidusage] We couldn't find uptime from /proc/uptime, using os.uptime() value
2026-10-07T03:35:54: PM2 warn: [pidusage] We couldn't find uptime from /proc/uptime, using os.uptime() value
2026-10-07T03:36:24: PM2 warn: [pidusage] We couldn't find uptime from /proc/uptime, using os.uptime() value
2026-10-07T03:36:54: PM2 warn: [pidusage] We couldn't find uptime from /proc/uptime, using os.uptime() value
2026-10-07T03:37:24: PM2 warn: [pidusage] We couldn't find uptime from /proc/uptime, using os.uptime() value
2026-10-07T03:37:54: PM2 warn: [pidusage] We couldn't find uptime from /proc/uptime, using os.uptime() value
2026-10-07T03:38:24: PM2 warn: [pidusage] We couldn't find uptime from /proc/uptime, using os.uptime() value
2026-10-07T03:38:54: PM2 warn: [pidusage] We couldn't find uptime from /proc/uptime, using os.uptime() value
2026-10-07T03:39:24: PM2 warn: [pidusage] We couldn't find uptime from /proc/uptime, using os.uptime() value
2026-10-07T03:39:54: PM2 warn: [pidusage] We couldn't find uptime from /proc/uptime, using os.uptime() value
2026-10-07T03:40:24: PM2 warn: [pidusage] We couldn't find uptime from /proc/uptime, using os.uptime() value
2026-10-07T03:40:54: PM2 warn: [pidusage] We couldn't find uptime from /proc/uptime, using os.uptime() value
2026-10-07T03:41:24: PM2 warn: [pidusage] We couldn't find uptime from /proc/uptime, using os.uptime() value
2026-10-07T03:41:54: PM2 warn: [pidusage] We couldn't find uptime from /proc/uptime, using os.uptime() value
2026-10-07T03:42:24: PM2 warn: [pidusage] We couldn't find uptime from /proc/uptime, using os.uptime() value
2026-10-07T03:42:54: PM2 warn: [pidusage] We couldn't find uptime from /proc/uptime, using os.uptime() value
2026-10-07T03:43:24: PM2 warn: [pidusage] We couldn't find uptime from /proc/uptime, using os.uptime() value
2026-10-07T03:43:54: PM2 warn: [pidusage] We couldn't find uptime from /proc/uptime, using os.uptime() value
2026-10-07T03:44:24: PM2 warn: [pidusage] We couldn't find uptime from /proc/uptime, using os.uptime() value
2026-10-07T03:44:54: PM2 warn: [pidusage] We couldn't find uptime from /proc/uptime, using os.uptime() value
2026-10-07T03:45:24: PM2 warn: [pidusage] We couldn't find uptime from /proc/uptime, using os.uptime() value
2026-10-07T03:45:54: PM2 warn: [pidusage] We couldn't find uptime from /proc/uptime, using os.uptime() value
2026-10-07T03:46:24: PM2 warn: [pidusage] We couldn't find uptime from /proc/uptime, using os.uptime() value
2026-10-07T03:46:54: PM2 warn: [pidusage] We couldn't find uptime from /proc/uptime, using os.uptime() value
2026-10-07T03:47:24: PM2 warn: [pidusage] We couldn't find uptime from /proc/uptime, using os.uptime() value
2026-10-07T03:47:54: PM2 warn: [pidusage] We couldn't find uptime from /proc/uptime, using os.uptime() value
2026-10-07T03:48:24: PM2 warn: [pidusage] We couldn't find uptime from /proc/uptime, using os.uptime() value
2026-10-07T03:48:54: PM2 warn: [pidusage] We couldn't find uptime from /proc/uptime, using os.uptime() value
2026-10-07T03:49:24: PM2 warn: [pidusage] We couldn't find uptime from /proc/uptime, using os.uptime() value
2026-10-07T03:49:54: PM2 warn: [pidusage] We couldn't find uptime from /proc/uptime, using os.uptime() value
2026-10-07T03:50:24: PM2 warn: [pidusage] We couldn't find uptime from /proc/uptime, using os.uptime() value
2026-10-07T03:50:54: PM2 warn: [pidusage] We couldn't find uptime from /proc/uptime, using os.uptime() value
2026-10-07T03:51:24: PM2 warn: [pidusage] We couldn't find uptime from /proc/uptime, using os.uptime() value
2026-10-07T03:51:54: PM2 warn: [pidusage] We couldn't find uptime from /proc/uptime, using os.uptime() value
2026-10-07T03:52:24: PM2 warn: [pidusage] We couldn't find uptime from /proc/uptime, using os.uptime() value
2026-10-07T03:52:54: PM2 warn: [pidusage] We couldn't find uptime from /proc/uptime, using os.uptime() value
2026-10-07T03:53:24: PM2 warn: [pidusage] We couldn't find uptime from /proc/uptime, using os.uptime() value
2026-10-07T03:53:54: PM2 warn: [pidusage] We couldn't find uptime from /proc/uptime, using os.uptime() value
2026-10-07T03:54:24: PM2 warn: [pidusage] We couldn't find uptime from /proc/uptime, using os.uptime() value
2026-10-07T03:54:54: PM2 warn: [pidusage] We couldn't find uptime from /proc/uptime, using os.uptime() value
2026-10-07T03:55:24: PM2 warn: [pidusage] We couldn't find uptime from /proc/uptime, using os.uptime() value
2026-10-07T03:55:54: PM2 warn: [pidusage] We couldn't find uptime from /proc/uptime, using os.uptime() value
2026-10-07T03:56:24: PM2 warn: [pidusage] We couldn't find uptime from /proc/uptime, using os.uptime() value
2026-10-07T03:56:54: PM2 warn: [pidusage] We couldn't find uptime from /proc/uptime, using os.uptime() value
2026-10-07T03:57:24: PM2 warn: [pidusage] We couldn't find uptime from /proc/uptime, using os.uptime() value
2026-10-07T03:57:54: PM2 warn: [pidusage] We couldn't find uptime from /proc/uptime, using os.uptime() value
2026-10-07T03:58:24: PM2 warn: [pidusage] We couldn't find uptime from /proc/uptime, using os.uptime() value
2026-10-07T03:58:54: PM2 warn: [pidusage] We couldn't find uptime from /proc/uptime, using os.uptime() value
2026-10-07T03:59:24: PM2 warn: [pidusage] We couldn't find uptime from /proc/uptime, using os.uptime() value
2026-10-07T03:59:54: PM2 warn: [pidusage] We couldn't find uptime from /proc/uptime, using os.uptime() value
2026-10-07T04:00:24: PM2 warn: [pidusage] We couldn't find uptime from /proc/uptime, using os.uptime() value
2026-10-07T04:00:54: PM2 warn: [pidusage] We couldn't find uptime from /proc/uptime, using os.uptime() value
2026-10-07T04:01:24: PM2 warn: [pidusage] We couldn't find uptime from /proc/uptime, using os.uptime() value
2026-10-07T04:01:54: PM2 warn: [pidusage] We couldn't find uptime from /proc/uptime, using os.uptime() value
2026-10-07T04:02:24: PM2 warn: [pidusage] We couldn't find uptime from /proc/uptime, using os.uptime() value
2026-10-07T04:02:54: PM2 warn: [pidusage] We couldn't find uptime from /proc/uptime, using os.uptime() value
2026-10-07T04:03:24: PM2 warn: [pidusage] We couldn't find uptime from /proc/uptime, using os.uptime() value
2026-10-07T04:03:54: PM2 warn: [pidusage] We couldn't find uptime from /proc/uptime, using os.uptime() value
2026-10-07T04:04:24: PM2 warn: [pidusage] We couldn't find uptime from /proc/uptime, using os.uptime() value
2026-10-07T04:04:54: PM2 warn: [pidusage] We couldn't find uptime from /proc/uptime, using os.uptime() value
2026-10-07T04:05:24: PM2 warn: [pidusage] We couldn't find uptime from /proc/uptime, using os.uptime() value
2026-10-07T04:05:54: PM2 warn: [pidusage] We couldn't find uptime from /proc/uptime, using os.uptime() value
2026-10-07T04:06:24: PM2 warn: [pidusage] We couldn't find uptime from /proc/uptime, using os.uptime() value
2026-10-07T04:06:54: PM2 warn: [pidusage] We couldn't find uptime from /proc/uptime, using os.uptime() value
2026-10-07T04:07:24: PM2 warn: [pidusage] We couldn't find uptime from /proc/uptime, using os.uptime() value
2026-10-07T04:07:54: PM2 warn: [pidusage] We couldn't find uptime from /proc/uptime, using os.uptime() value
2026-10-07T04:08:24: PM2 warn: [pidusage] We couldn't find uptime from /proc/uptime, using os.uptime() value
2026-10-07T04:08:54: PM2 warn: [pidusage] We couldn't find uptime from /proc/uptime, using os.uptime() value
2026-10-07T04:09:24: PM2 warn: [pidusage] We couldn't find uptime from /proc/uptime, using os.uptime() value
2026-10-07T04:09:54: PM2 warn: [pidusage] We couldn't find uptime from /proc/uptime, using os.uptime() value
2026-10-07T04:10:24: PM2 warn: [pidusage] We couldn't find uptime from /proc/uptime, using os.uptime() value
2026-10-07T04:10:54: PM2 warn: [pidusage] We couldn't find uptime from /proc/uptime, using os.uptime() value
2026-10-07T04:11:24: PM2 warn: [pidusage] We couldn't find uptime from /proc/uptime, using os.uptime() value
2026-10-07T04:19:53: PM2 warn: [pidusage] We couldn't find uptime from /proc/uptime, using os.uptime() value
2026-10-07T04:20:23: PM2 warn: [pidusage] We couldn't find uptime from /proc/uptime, using os.uptime() value
2026-10-07T04:20:53: PM2 warn: [pidusage] We couldn't find uptime from /proc/uptime, using os.uptime() value
2026-10-07T04:21:23: PM2 warn: [pidusage] We couldn't find uptime from /proc/uptime, using os.uptime() value
2026-10-07T19:32:32: PM2 warn: [pidusage] We couldn't find uptime from /proc/uptime, using os.uptime() value
2026-10-07T19:33:02: PM2 warn: [pidusage] We couldn't find uptime from /proc/uptime, using os.uptime() value
2026-10-07T19:33:32: PM2 warn: [pidusage] We couldn't find uptime from /proc/uptime, using os.uptime() value
2026-10-07T19:34:02: PM2 warn: [pidusage] We couldn't find uptime from /proc/uptime, using os.uptime() value
2026-10-07T19:34:32: PM2 warn: [pidusage] We couldn't find uptime from /proc/uptime, using os.uptime() value
2026-10-07T19:35:02: PM2 warn: [pidusage] We couldn't find uptime from /proc/uptime, using os.uptime() value
2026-10-07T19:35:32: PM2 warn: [pidusage] We couldn't find uptime from /proc/uptime, using os.uptime() value
2026-10-07T19:38:17: PM2 warn: [pidusage] We couldn't find uptime from /proc/uptime, using os.uptime() value
2026-10-07T19:38:47: PM2 warn: [pidusage] We couldn't find uptime from /proc/uptime, using os.uptime() value
2026-10-07T19:39:17: PM2 warn: [pidusage] We couldn't find uptime from /proc/uptime, using os.uptime() value
2026-10-07T19:39:47: PM2 warn: [pidusage] We couldn't find uptime from /proc/uptime, using os.uptime() value
2026-10-07T19:40:17: PM2 warn: [pidusage] We couldn't find uptime from /proc/uptime, using os.uptime() value
2026-10-07T19:40:47: PM2 warn: [pidusage] We couldn't find uptime from /proc/uptime, using os.uptime() value
2026-10-07T19:41:17: PM2 warn: [pidusage] We couldn't find uptime from /proc/uptime, using os.uptime() value
2026-10-07T19:41:47: PM2 warn: [pidusage] We couldn't find uptime from /proc/uptime, using os.uptime() value
2026-10-07T19:42:17: PM2 warn: [pidusage] We couldn't find uptime from /proc/uptime, using os.uptime() value
2026-10-07T19:42:47: PM2 warn: [pidusage] We couldn't find uptime from /proc/uptime, using os.uptime() value
2026-10-07T19:43:17: PM2 warn: [pidusage] We couldn't find uptime from /proc/uptime, using os.uptime() value
2026-10-07T19:43:47: PM2 warn: [pidusage] We couldn't find uptime from /proc/uptime, using os.uptime() value
2026-10-07T19:44:17: PM2 warn: [pidusage] We couldn't find uptime from /proc/uptime, using os.uptime() value
2026-10-07T19:44:47: PM2 warn: [pidusage] We couldn't find uptime from /proc/uptime, using os.uptime() value
2026-10-07T19:45:17: PM2 warn: [pidusage] We couldn't find uptime from /proc/uptime, using os.uptime() value
2026-10-07T19:45:47: PM2 warn: [pidusage] We couldn't find uptime from /proc/uptime, using os.uptime() value
2026-10-07T19:46:17: PM2 warn: [pidusage] We couldn't find uptime from /proc/uptime, using os.uptime() value
2026-10-07T19:46:47: PM2 warn: [pidusage] We couldn't find uptime from /proc/uptime, using os.uptime() value
2026-10-07T19:47:17: PM2 warn: [pidusage] We couldn't find uptime from /proc/uptime, using os.uptime() value
2026-10-07T19:47:47: PM2 warn: [pidusage] We couldn't find uptime from /proc/uptime, using os.uptime() value
2026-10-07T19:48:17: PM2 warn: [pidusage] We couldn't find uptime from /proc/uptime, using os.uptime() value
2026-10-07T19:48:47: PM2 warn: [pidusage] We couldn't find uptime from /proc/uptime, using os.uptime() value
2026-10-07T19:49:17: PM2 warn: [pidusage] We couldn't find uptime from /proc/uptime, using os.uptime() value
2026-10-07T19:49:47: PM2 warn: [pidusage] We couldn't find uptime from /proc/uptime, using os.uptime() value
2026-10-07T19:50:17: PM2 warn: [pidusage] We couldn't find uptime from /proc/uptime, using os.uptime() value
2026-10-07T19:50:47: PM2 warn: [pidusage] We couldn't find uptime from /proc/uptime, using os.uptime() value
2026-10-07T19:51:17: PM2 warn: [pidusage] We couldn't find uptime from /proc/uptime, using os.uptime() value
2026-10-07T19:51:47: PM2 warn: [pidusage] We couldn't find uptime from /proc/uptime, using os.uptime() value
2026-10-07T19:52:17: PM2 warn: [pidusage] We couldn't find uptime from /proc/uptime, using os.uptime() value
2026-10-07T19:52:47: PM2 warn: [pidusage] We couldn't find uptime from /proc/uptime, using os.uptime() value
2026-10-07T19:53:17: PM2 warn: [pidusage] We couldn't find uptime from /proc/uptime, using os.uptime() value
2026-10-07T19:53:47: PM2 warn: [pidusage] We couldn't find uptime from /proc/uptime, using os.uptime() value
2026-10-07T19:54:17: PM2 warn: [pidusage] We couldn't find uptime from /proc/uptime, using os.uptime() value
2026-10-07T19:54:47: PM2 warn: [pidusage] We couldn't find uptime from /proc/uptime, using os.uptime() value
2026-10-07T19:55:17: PM2 warn: [pidusage] We couldn't find uptime from /proc/uptime, using os.uptime() value
2026-10-07T19:55:47: PM2 warn: [pidusage] We couldn't find uptime from /proc/uptime, using os.uptime() value
2026-10-07T19:56:17: PM2 warn: [pidusage] We couldn't find uptime from /proc/uptime, using os.uptime() value
2026-10-07T19:56:47: PM2 warn: [pidusage] We couldn't find uptime from /proc/uptime, using os.uptime() value
2026-10-07T19:57:17: PM2 warn: [pidusage] We couldn't find uptime from /proc/uptime, using os.uptime() value
2026-10-07T19:57:47: PM2 warn: [pidusage] We couldn't find uptime from /proc/uptime, using os.uptime() value
2026-10-07T19:58:17: PM2 warn: [pidusage] We couldn't find uptime from /proc/uptime, using os.uptime() value
2026-10-07T19:58:47: PM2 warn: [pidusage] We couldn't find uptime from /proc/uptime, using os.uptime() value
2026-10-07T19:59:17: PM2 warn: [pidusage] We couldn't find uptime from /proc/uptime, using os.uptime() value
2026-10-07T19:59:47: PM2 warn: [pidusage] We couldn't find uptime from /proc/uptime, using os.uptime() value
2026-10-07T20:00:17: PM2 warn: [pidusage] We couldn't find uptime from /proc/uptime, using os.uptime() value
2026-10-07T20:00:47: PM2 warn: [pidusage] We couldn't find uptime from /proc/uptime, using os.uptime() value
2026-10-07T20:01:17: PM2 warn: [pidusage] We couldn't find uptime from /proc/uptime, using os.uptime() value
2026-10-07T20:01:47: PM2 warn: [pidusage] We couldn't find uptime from /proc/uptime, using os.uptime() value
2026-10-07T20:02:17: PM2 warn: [pidusage] We couldn't find uptime from /proc/uptime, using os.uptime() value
2026-10-07T20:02:47: PM2 warn: [pidusage] We couldn't find uptime from /proc/uptime, using os.uptime() value
2026-10-07T20:03:17: PM2 warn: [pidusage] We couldn't find uptime from /proc/uptime, using os.uptime() value
2026-10-07T20:03:47: PM2 warn: [pidusage] We couldn't find uptime from /proc/uptime, using os.uptime() value
2026-10-07T20:04:17: PM2 warn: [pidusage] We couldn't find uptime from /proc/uptime, using os.uptime() value
2026-10-07T20:04:47: PM2 warn: [pidusage] We couldn't find uptime from /proc/uptime, using os.uptime() value
2026-10-07T20:05:17: PM2 warn: [pidusage] We couldn't find uptime from /proc/uptime, using os.uptime() value
2026-10-07T20:05:47: PM2 warn: [pidusage] We couldn't find uptime from /proc/uptime, using os.uptime() value
2026-10-07T20:06:17: PM2 warn: [pidusage] We couldn't find uptime from /proc/uptime, using os.uptime() value
2026-10-07T20:06:47: PM2 warn: [pidusage] We couldn't find uptime from /proc/uptime, using os.uptime() value
2026-10-07T20:07:17: PM2 warn: [pidusage] We couldn't find uptime from /proc/uptime, using os.uptime() value
2026-10-07T20:07:47: PM2 warn: [pidusage] We couldn't find uptime from /proc/uptime, using os.uptime() value
2026-10-07T20:08:17: PM2 warn: [pidusage] We couldn't find uptime from /proc/uptime, using os.uptime() value
2026-10-07T20:08:47: PM2 warn: [pidusage] We couldn't find uptime from /proc/uptime, using os.uptime() value
2026-10-07T20:09:17: PM2 warn: [pidusage] We couldn't find uptime from /proc/uptime, using os.uptime() value
2026-10-07T20:09:47: PM2 warn: [pidusage] We couldn't find uptime from /proc/uptime, using os.uptime() value
2026-10-07T20:10:17: PM2 warn: [pidusage] We couldn't find uptime from /proc/uptime, using os.uptime() value
2026-10-07T20:10:47: PM2 warn: [pidusage] We couldn't find uptime from /proc/uptime, using os.uptime() value
2026-10-07T20:11:17: PM2 warn: [pidusage] We couldn't find uptime from /proc/uptime, using os.uptime() value
2026-10-07T20:11:47: PM2 warn: [pidusage] We couldn't find uptime from /proc/uptime, using os.uptime() value
2026-10-07T20:12:17: PM2 warn: [pidusage] We couldn't find uptime from /proc/uptime, using os.uptime() value
2026-10-07T20:12:47: PM2 warn: [pidusage] We couldn't find uptime from /proc/uptime, using os.uptime() value
2026-10-07T20:13:17: PM2 warn: [pidusage] We couldn't find uptime from /proc/uptime, using os.uptime() value
2026-10-07T20:13:47: PM2 warn: [pidusage] We couldn't find uptime from /proc/uptime, using os.uptime() value
2026-10-07T20:14:17: PM2 warn: [pidusage] We couldn't find uptime from /proc/uptime, using os.uptime() value
2026-10-07T20:14:47: PM2 warn: [pidusage] We couldn't find uptime from /proc/uptime, using os.uptime() value
2026-10-07T20:15:17: PM2 warn: [pidusage] We couldn't find uptime from /proc/uptime, using os.uptime() value
2026-10-07T20:15:47: PM2 warn: [pidusage] We couldn't find uptime from /proc/uptime, using os.uptime() value
2026-10-07T20:16:17: PM2 warn: [pidusage] We couldn't find uptime from /proc/uptime, using os.uptime() value
2026-10-07T20:16:47: PM2 warn: [pidusage] We couldn't find uptime from /proc/uptime, using os.uptime() value
2026-10-07T20:17:17: PM2 warn: [pidusage] We couldn't find uptime from /proc/uptime, using os.uptime() value
2026-10-07T20:17:47: PM2 warn: [pidusage] We couldn't find uptime from /proc/uptime, using os.uptime() value
2026-10-07T20:18:17: PM2 warn: [pidusage] We couldn't find uptime from /proc/uptime, using os.uptime() value
2026-10-07T20:18:47: PM2 warn: [pidusage] We couldn't find uptime from /proc/uptime, using os.uptime() value
2026-10-07T20:19:17: PM2 warn: [pidusage] We couldn't find uptime from /proc/uptime, using os.uptime() value
2026-10-07T20:19:47: PM2 warn: [pidusage] We couldn't find uptime from /proc/uptime, using os.uptime() value
2026-10-07T20:20:17: PM2 warn: [pidusage] We couldn't find uptime from /proc/uptime, using os.uptime() value
2026-10-07T20:20:47: PM2 warn: [pidusage] We couldn't find uptime from /proc/uptime, using os.uptime() value
2026-10-07T20:21:17: PM2 warn: [pidusage] We couldn't find uptime from /proc/uptime, using os.uptime() value
2026-10-07T20:21:47: PM2 warn: [pidusage] We couldn't find uptime from /proc/uptime, using os.uptime() value
2026-10-07T20:22:17: PM2 warn: [pidusage] We couldn't find uptime from /proc/uptime, using os.uptime() value
2026-10-07T20:22:47: PM2 warn: [pidusage] We couldn't find uptime from /proc/uptime, using os.uptime() value
2026-10-07T20:23:17: PM2 warn: [pidusage] We couldn't find uptime from /proc/uptime, using os.uptime() value
2026-10-07T20:23:47: PM2 warn: [pidusage] We couldn't find uptime from /proc/uptime, using os.uptime() value
2026-10-07T20:24:17: PM2 warn: [pidusage] We couldn't find uptime from /proc/uptime, using os.uptime() value
2026-10-07T20:24:47: PM2 warn: [pidusage] We couldn't find uptime from /proc/uptime, using os.uptime() value
2026-10-07T20:25:17: PM2 warn: [pidusage] We couldn't find uptime from /proc/uptime, using os.uptime() value
2026-10-07T20:25:47: PM2 warn: [pidusage] We couldn't find uptime from /proc/uptime, using os.uptime() value
2026-10-07T20:26:17: PM2 warn: [pidusage] We couldn't find uptime from /proc/uptime, using os.uptime() value
2026-10-07T20:26:47: PM2 warn: [pidusage] We couldn't find uptime from /proc/uptime, using os.uptime() value
2026-10-07T20:27:17: PM2 warn: [pidusage] We couldn't find uptime from /proc/uptime, using os.uptime() value
2026-10-07T20:27:47: PM2 warn: [pidusage] We couldn't find uptime from /proc/uptime, using os.uptime() value
2026-10-07T20:28:17: PM2 warn: [pidusage] We couldn't find uptime from /proc/uptime, using os.uptime() value
2026-10-07T20:28:47: PM2 warn: [pidusage] We couldn't find uptime from /proc/uptime, using os.uptime() value
2026-10-07T20:29:17: PM2 warn: [pidusage] We couldn't find uptime from /proc/uptime, using os.uptime() value
2026-10-07T20:29:47: PM2 warn: [pidusage] We couldn't find uptime from /proc/uptime, using os.uptime() value
2026-10-07T20:30:17: PM2 warn: [pidusage] We couldn't find uptime from /proc/uptime, using os.uptime() value
2026-10-07T20:30:47: PM2 warn: [pidusage] We couldn't find uptime from /proc/uptime, using os.uptime() value
2026-10-07T20:31:17: PM2 warn: [pidusage] We couldn't find uptime from /proc/uptime, using os.uptime() value
2026-10-07T20:31:47: PM2 warn: [pidusage] We couldn't find uptime from /proc/uptime, using os.uptime() value
2026-10-07T20:32:17: PM2 warn: [pidusage] We couldn't find uptime from /proc/uptime, using os.uptime() value
2026-10-07T20:32:47: PM2 warn: [pidusage] We couldn't find uptime from /proc/uptime, using os.uptime() value
2026-10-07T20:33:17: PM2 warn: [pidusage] We couldn't find uptime from /proc/uptime, using os.uptime() value
2026-10-07T20:33:47: PM2 warn: [pidusage] We couldn't find uptime from /proc/uptime, using os.uptime() value
2026-10-07T20:34:17: PM2 warn: [pidusage] We couldn't find uptime from /proc/uptime, using os.uptime() value
2026-10-07T20:34:47: PM2 warn: [pidusage] We couldn't find uptime from /proc/uptime, using os.uptime() value
2026-10-07T20:35:17: PM2 warn: [pidusage] We couldn't find uptime from /proc/uptime, using os.uptime() value
2026-10-07T20:35:47: PM2 warn: [pidusage] We couldn't find uptime from /proc/uptime, using os.uptime() value
2026-10-07T20:39:14: PM2 warn: [pidusage] We couldn't find uptime from /proc/uptime, using os.uptime() value
2026-10-07T20:39:44: PM2 warn: [pidusage] We couldn't find uptime from /proc/uptime, using os.uptime() value
2026-10-07T20:40:14: PM2 warn: [pidusage] We couldn't find uptime from /proc/uptime, using os.uptime() value
2026-10-07T20:40:44: PM2 warn: [pidusage] We couldn't find uptime from /proc/uptime, using os.uptime() value
2026-10-07T20:41:14: PM2 warn: [pidusage] We couldn't find uptime from /proc/uptime, using os.uptime() value
2026-10-07T20:41:44: PM2 warn: [pidusage] We couldn't find uptime from /proc/uptime, using os.uptime() value
2026-10-07T20:42:14: PM2 warn: [pidusage] We couldn't find uptime from /proc/uptime, using os.uptime() value
2026-10-07T20:42:44: PM2 warn: [pidusage] We couldn't find uptime from /proc/uptime, using os.uptime() value
2026-10-07T20:43:14: PM2 warn: [pidusage] We couldn't find uptime from /proc/uptime, using os.uptime() value
2026-10-07T20:43:44: PM2 warn: [pidusage] We couldn't find uptime from /proc/uptime, using os.uptime() value
2026-10-07T20:44:14: PM2 warn: [pidusage] We couldn't find uptime from /proc/uptime, using os.uptime() value
2026-10-07T20:52:20: PM2 warn: [pidusage] We couldn't find uptime from /proc/uptime, using os.uptime() value
2026-10-07T20:54:30: PM2 warn: [pidusage] We couldn't find uptime from /proc/uptime, using os.uptime() value
2026-10-07T20:55:00: PM2 warn: [pidusage] We couldn't find uptime from /proc/uptime, using os.uptime() value
2026-10-07T20:55:30: PM2 warn: [pidusage] We couldn't find uptime from /proc/uptime, using os.uptime() value
2026-10-07T20:56:00: PM2 warn: [pidusage] We couldn't find uptime from /proc/uptime, using os.uptime() value
2026-10-07T20:56:30: PM2 warn: [pidusage] We couldn't find uptime from /proc/uptime, using os.uptime() value
2026-10-07T20:57:08: PM2 warn: [pidusage] We couldn't find uptime from /proc/uptime, using os.uptime() value
2026-10-07T20:57:38: PM2 warn: [pidusage] We couldn't find uptime from /proc/uptime, using os.uptime() value
2026-10-07T20:58:08: PM2 warn: [pidusage] We couldn't find uptime from /proc/uptime, using os.uptime() value
2026-10-07T20:58:38: PM2 warn: [pidusage] We couldn't find uptime from /proc/uptime, using os.uptime() value
2026-10-07T20:59:08: PM2 warn: [pidusage] We couldn't find uptime from /proc/uptime, using os.uptime() value
2026-10-07T20:59:38: PM2 warn: [pidusage] We couldn't find uptime from /proc/uptime, using os.uptime() value
2026-10-07T21:00:08: PM2 warn: [pidusage] We couldn't find uptime from /proc/uptime, using os.uptime() value
2026-10-07T21:00:38: PM2 warn: [pidusage] We couldn't find uptime from /proc/uptime, using os.uptime() value
2026-10-07T21:01:08: PM2 warn: [pidusage] We couldn't find uptime from /proc/uptime, using os.uptime() value
2026-10-07T21:01:38: PM2 warn: [pidusage] We couldn't find uptime from /proc/uptime, using os.uptime() value
2026-10-07T21:02:08: PM2 warn: [pidusage] We couldn't find uptime from /proc/uptime, using os.uptime() value
2026-10-07T21:02:38: PM2 warn: [pidusage] We couldn't find uptime from /proc/uptime, using os.uptime() value
2026-10-07T21:03:08: PM2 warn: [pidusage] We couldn't find uptime from /proc/uptime, using os.uptime() value
2026-10-07T21:03:38: PM2 warn: [pidusage] We couldn't find uptime from /proc/uptime, using os.uptime() value
2026-10-07T21:04:08: PM2 warn: [pidusage] We couldn't find uptime from /proc/uptime, using os.uptime() value
2026-10-07T21:04:38: PM2 warn: [pidusage] We couldn't find uptime from /proc/uptime, using os.uptime() value
2026-10-07T21:05:08: PM2 warn: [pidusage] We couldn't find uptime from /proc/uptime, using os.uptime() value
2026-10-07T21:05:38: PM2 warn: [pidusage] We couldn't find uptime from /proc/uptime, using os.uptime() value
2026-10-07T21:06:08: PM2 warn: [pidusage] We couldn't find uptime from /proc/uptime, using os.uptime() value
2026-10-07T21:06:38: PM2 warn: [pidusage] We couldn't find uptime from /proc/uptime, using os.uptime() value
2026-10-07T21:07:08: PM2 warn: [pidusage] We couldn't find uptime from /proc/uptime, using os.uptime() value
2026-10-07T21:07:38: PM2 warn: [pidusage] We couldn't find uptime from /proc/uptime, using os.uptime() value
2026-10-07T21:08:08: PM2 warn: [pidusage] We couldn't find uptime from /proc/uptime, using os.uptime() value
2026-10-07T21:08:38: PM2 warn: [pidusage] We couldn't find uptime from /proc/uptime, using os.uptime() value
2026-10-07T21:09:08: PM2 warn: [pidusage] We couldn't find uptime from /proc/uptime, using os.uptime() value
2026-10-07T21:09:38: PM2 warn: [pidusage] We couldn't find uptime from /proc/uptime, using os.uptime() value
2026-10-07T21:10:08: PM2 warn: [pidusage] We couldn't find uptime from /proc/uptime, using os.uptime() value
2026-10-07T21:10:38: PM2 warn: [pidusage] We couldn't find uptime from /proc/uptime, using os.uptime() value
2026-10-07T21:11:08: PM2 warn: [pidusage] We couldn't find uptime from /proc/uptime, using os.uptime() value
2026-10-07T21:11:38: PM2 warn: [pidusage] We couldn't find uptime from /proc/uptime, using os.uptime() value
2026-10-07T21:12:08: PM2 warn: [pidusage] We couldn't find uptime from /proc/uptime, using os.uptime() value
2026-10-07T21:13:04: PM2 warn: [pidusage] We couldn't find uptime from /proc/uptime, using os.uptime() value
2026-10-07T21:13:34: PM2 warn: [pidusage] We couldn't find uptime from /proc/uptime, using os.uptime() value
2026-10-07T21:14:04: PM2 warn: [pidusage] We couldn't find uptime from /proc/uptime, using os.uptime() value
2026-10-07T21:14:34: PM2 warn: [pidusage] We couldn't find uptime from /proc/uptime, using os.uptime() value
2026-10-07T21:15:04: PM2 warn: [pidusage] We couldn't find uptime from /proc/uptime, using os.uptime() value
2026-10-07T21:16:36: PM2 warn: [pidusage] We couldn't find uptime from /proc/uptime, using os.uptime() value
2026-10-08T06:08:46: PM2 log: ===============================================================================
2026-10-08T06:08:46: PM2 log: --- New PM2 Daemon started ----------------------------------------------------
2026-10-08T06:08:46: PM2 log: Time                 : Thu Oct 08 2026 06:08:46 GMT+0700 (Western Indonesia Time)
2026-10-08T06:08:46: PM2 log: PM2 version          : 7.0.4
2026-10-08T06:08:46: PM2 log: Node.js version      : 26.4.0
2026-10-08T06:08:46: PM2 log: Current arch         : arm64
2026-10-08T06:08:46: PM2 log: PM2 home             : /data/data/com.termux/files/home/.pm2
2026-10-08T06:08:46: PM2 log: PM2 PID file         : /data/data/com.termux/files/home/.pm2/pm2.pid
2026-10-08T06:08:46: PM2 log: RPC socket file      : /data/data/com.termux/files/home/.pm2/rpc.sock
2026-10-08T06:08:46: PM2 log: BUS socket file      : /data/data/com.termux/files/home/.pm2/pub.sock
2026-10-08T06:08:46: PM2 log: Application log path : /data/data/com.termux/files/home/.pm2/logs
2026-10-08T06:08:46: PM2 log: Worker Interval      : 30000
2026-10-08T06:08:46: PM2 log: Process dump file    : /data/data/com.termux/files/home/.pm2/dump.pm2
2026-10-08T06:08:46: PM2 log: Concurrent actions   : 2
2026-10-08T06:08:46: PM2 log: SIGTERM timeout      : 1600
2026-10-08T06:08:46: PM2 log: Runtime Binary       : /data/data/com.termux/files/usr/bin/node
2026-10-08T06:08:46: PM2 log: ===============================================================================
